RobotX,RobotY,t_GoalX,t_GoalY,t_Informed,t_Rrep,t_Rori,t_Ratt,Var9,nAg,groups
-0.46991669444533,-0.0567058466212909,-0.204385497541746,0.14398020924855,0.5,0.01,0.12,0.15,T3,8,4
-0.46991669444533,-0.0567058466212909,,,,,,,,,
0.113740738715324,0.081776192154359,,,,,,,,,
0.113740738715324,0.081776192154359,,,,,,,,,
0.394325275623529,0.199140018388433,,,,,,,,,
0.394325275623529,0.199140018388433,,,,,,,,,
0.490808105870534,-0.15319461300217,,,,,,,,,
0.490808105870534,-0.15319461300217,,,,,,,,,
