RobotX,RobotY,t_GoalX,t_GoalY,t_Informed,t_Rrep,t_Rori,t_Ratt,Var9,nAg,groups
-0.412096719804952,-0.138589729370283,0.37368715034197,-0.0505323770786203,0.5,0.01,0.12,0.15,T3,8,4
-0.412096719804952,-0.138589729370283,,,,,,,,,
0.161752287254709,0.185975916440897,,,,,,,,,
0.161752287254709,0.185975916440897,,,,,,,,,
-0.245010762915677,0.192929785753726,,,,,,,,,
-0.245010762915677,0.192929785753726,,,,,,,,,
-0.0349066289584309,-0.104111823696502,,,,,,,,,
-0.0349066289584309,-0.104111823696502,,,,,,,,,
