RobotX,RobotY,t_GoalX,t_GoalY,t_Informed,t_Rrep,t_Rori,t_Ratt,Var9,nAg,groups
0.498019154558046,0.00951338545860508,-0.332127586757682,-0.13591987672667,0.5,0.01,0.12,0.15,T3,8,4
0.498019154558046,0.00951338545860508,,,,,,,,,
0.189116840071702,0.187975358233127,,,,,,,,,
0.189116840071702,0.187975358233127,,,,,,,,,
0.165690540696289,-0.179693109679432,,,,,,,,,
0.165690540696289,-0.179693109679432,,,,,,,,,
-0.32210095661414,0.187546179772984,,,,,,,,,
-0.32210095661414,0.187546179772984,,,,,,,,,
