RobotX,RobotY,t_GoalX,t_GoalY,t_Informed,t_Rrep,t_Rori,t_Ratt,Var9,nAg,groups
-0.446601166121605,0.123754743676342,-0.135723612380268,-0.0565537282632835,0.5,0.01,0.12,0.15,T3,8,4
-0.446601166121605,0.123754743676342,,,,,,,,,
0.207305485039368,0.125628393069041,,,,,,,,,
0.207305485039368,0.125628393069041,,,,,,,,,
-0.449128482155317,-0.186100983738637,,,,,,,,,
-0.449128482155317,-0.186100983738637,,,,,,,,,
0.45283744677366,-0.0666482720074209,,,,,,,,,
0.45283744677366,-0.0666482720074209,,,,,,,,,
