RobotX,RobotY,t_GoalX,t_GoalY,t_Informed,t_Rrep,t_Rori,t_Ratt,Var9,nAg,groups
0.271729683275144,0.191077437235704,-0.0404464211934944,-0.0721903086694067,0.5,0.01,0.12,0.15,T3,8,4
0.271729683275144,0.191077437235704,,,,,,,,,
-0.336881845215433,0.191689605474541,,,,,,,,,
-0.336881845215433,0.191689605474541,,,,,,,,,
-0.484611646761342,-0.15293151783164,,,,,,,,,
-0.484611646761342,-0.15293151783164,,,,,,,,,
0.342743042753435,-0.138065744305836,,,,,,,,,
0.342743042753435,-0.138065744305836,,,,,,,,,
