RobotX,RobotY,t_GoalX,t_GoalY,t_Informed,t_Rrep,t_Rori,t_Ratt,Var9,nAg,groups
0.233942623961797,0.0680557148488789,-0.079229128305451,-0.141829157460538,0.5,0.01,0.12,0.15,T3,8,4
0.233942623961797,0.0680557148488789,,,,,,,,,
-0.391111969664126,0.0319979895654675,,,,,,,,,
-0.391111969664126,0.0319979895654675,,,,,,,,,
-0.123313311713669,0.189615353474934,,,,,,,,,
-0.123313311713669,0.189615353474934,,,,,,,,,
0.478298274935148,-0.137052578705753,,,,,,,,,
0.478298274935148,-0.137052578705753,,,,,,,,,
