RobotX,RobotY,t_GoalX,t_GoalY,t_Informed,t_Rrep,t_Rori,t_Ratt,Var9,nAg,groups
-0.482004313210454,0.190460553689078,0.0886600925668696,0.0613337959966791,0.5,0.01,0.12,0.15,T3,8,4
-0.482004313210454,0.190460553689078,,,,,,,,,
0.34185020348792,-0.163238467769069,,,,,,,,,
0.34185020348792,-0.163238467769069,,,,,,,,,
0.44105529951409,0.171634722669324,,,,,,,,,
0.44105529951409,0.171634722669324,,,,,,,,,
-0.261775625615776,-0.178173738606733,,,,,,,,,
-0.261775625615776,-0.178173738606733,,,,,,,,,
