RobotX,RobotY,t_GoalX,t_GoalY,t_Informed,t_Rrep,t_Rori,t_Ratt,Var9,nAg,groups
0.446255292045158,0.140794478740712,0.0598980669678183,0.122918306970333,0.5,0.01,0.12,0.15,T3,8,4
0.446255292045158,0.140794478740712,,,,,,,,,
-0.414118883152767,0.146577185335615,,,,,,,,,
-0.414118883152767,0.146577185335615,,,,,,,,,
0.215658576706969,-0.146834308974986,,,,,,,,,
0.215658576706969,-0.146834308974986,,,,,,,,,
-0.140236143919883,-0.175610961683565,,,,,,,,,
-0.140236143919883,-0.175610961683565,,,,,,,,,
