RobotX,RobotY,t_GoalX,t_GoalY,t_Informed,t_Rrep,t_Rori,t_Ratt,Var9,nAg,groups
-0.364719046702366,0.168028028022026,-0.0486483806227803,-0.102387699497476,0.5,0.01,0.12,0.15,T3,8,4
-0.364719046702366,0.168028028022026,,,,,,,,,
0.219279686483603,0.128668429266907,,,,,,,,,
0.219279686483603,0.128668429266907,,,,,,,,,
-0.399018452836443,-0.156941501326335,,,,,,,,,
-0.399018452836443,-0.156941501326335,,,,,,,,,
0.432031659368322,-0.0946306844820871,,,,,,,,,
0.432031659368322,-0.0946306844820871,,,,,,,,,
