RobotX,RobotY,t_GoalX,t_GoalY,t_Informed,t_Rrep,t_Rori,t_Ratt,Var9,nAg,groups
-0.0413752963953414,0.144626255847165,0.373395508191852,0.130595662254245,0.5,0.01,0.12,0.15,T3,8,4
-0.0413752963953414,0.144626255847165,,,,,,,,,
-0.356277284643323,0.189062130059596,,,,,,,,,
-0.356277284643323,0.189062130059596,,,,,,,,,
-0.221151903468269,-0.186168909583077,,,,,,,,,
-0.221151903468269,-0.186168909583077,,,,,,,,,
0.0837802537193658,-0.136706406015764,,,,,,,,,
0.0837802537193658,-0.136706406015764,,,,,,,,,
