RobotX,RobotY,t_GoalX,t_GoalY,t_Informed,t_Rrep,t_Rori,t_Ratt,Var9,nAg,groups
-0.497890106347013,0.182031703528661,0.086353822502551,-0.064139843427287,0.5,0.01,0.12,0.15,T3,8,4
-0.497890106347013,0.182031703528661,,,,,,,,,
-0.160168745482906,0.118763306533732,,,,,,,,,
-0.160168745482906,0.118763306533732,,,,,,,,,
0.45017710477185,-0.0365855121268549,,,,,,,,,
0.45017710477185,-0.0365855121268549,,,,,,,,,
-0.431558913901143,-0.167024427446635,,,,,,,,,
-0.431558913901143,-0.167024427446635,,,,,,,,,
