RobotX,RobotY,t_GoalX,t_GoalY,t_Informed,t_Rrep,t_Rori,t_Ratt,Var9,nAg,groups
-0.426336487882292,0.18581026296029,0.209582843144437,0.0372030115157771,0.5,0.01,0.12,0.15,T3,8,4
-0.426336487882292,0.18581026296029,,,,,,,,,
0.42542829773462,-0.178124059542644,,,,,,,,,
0.42542829773462,-0.178124059542644,,,,,,,,,
-0.0861144540349936,-0.0496121803874767,,,,,,,,,
-0.0861144540349936,-0.0496121803874767,,,,,,,,,
-0.392724550086249,-0.133512590768175,,,,,,,,,
-0.392724550086249,-0.133512590768175,,,,,,,,,
