RobotX,RobotY,t_GoalX,t_GoalY,t_Informed,t_Rrep,t_Rori,t_Ratt,Var9,nAg,groups
0.278994766490568,0.169332703697824,0.0629591234181786,-0.0736722966058782,0.5,0.01,0.12,0.15,T3,8,4
0.278994766490568,0.169332703697824,,,,,,,,,
-0.39739675291297,0.0835469297793606,,,,,,,,,
-0.39739675291297,0.0835469297793606,,,,,,,,,
-0.227148401886814,-0.182386459912907,,,,,,,,,
-0.227148401886814,-0.182386459912907,,,,,,,,,
0.397073211491817,-0.110309220914287,,,,,,,,,
0.397073211491817,-0.110309220914287,,,,,,,,,
