RobotX,RobotY,t_GoalX,t_GoalY,t_Informed,t_Rrep,t_Rori,t_Ratt,Var9,nAg,groups
-0.48173035008794,0.176373946241227,-0.252030334375374,-0.0471312761305995,0.5,0.01,0.12,0.15,T3,8,4
-0.48173035008794,0.176373946241227,,,,,,,,,
0.173699269981319,-0.172256816009145,,,,,,,,,
0.173699269981319,-0.172256816009145,,,,,,,,,
0.472614952976463,-0.0922637133237757,,,,,,,,,
0.472614952976463,-0.0922637133237757,,,,,,,,,
0.293944455296133,0.19879743929828,,,,,,,,,
0.293944455296133,0.19879743929828,,,,,,,,,
