RobotX,RobotY,t_GoalX,t_GoalY,t_Informed,t_Rrep,t_Rori,t_Ratt,Var9,nAg,groups
0.0511319445456277,-0.183827965391045,0.348379367624964,0.0169879882688918,0.5,0.01,0.12,0.15,T3,8,4
0.0511319445456277,-0.183827965391045,,,,,,,,,
-0.473860845433089,0.156191863706555,,,,,,,,,
-0.473860845433089,0.156191863706555,,,,,,,,,
-0.400301905984133,-0.176518643062952,,,,,,,,,
-0.400301905984133,-0.176518643062952,,,,,,,,,
-0.174851302283615,0.0778619289852084,,,,,,,,,
-0.174851302283615,0.0778619289852084,,,,,,,,,
