RobotX,RobotY,t_GoalX,t_GoalY,t_Informed,t_Rrep,t_Rori,t_Ratt,Var9,nAg,groups
-0.459827105275633,0.195102084413884,0.291287656589653,0.130040150670712,0.5,0.01,0.12,0.15,T3,8,4
-0.459827105275633,0.195102084413884,,,,,,,,,
-0.433793768667297,-0.13732302205591,,,,,,,,,
-0.433793768667297,-0.13732302205591,,,,,,,,,
0.423009484834232,-0.170882800176273,,,,,,,,,
0.423009484834232,-0.170882800176273,,,,,,,,,
0.0457248889360242,-0.165648075887114,,,,,,,,,
0.0457248889360242,-0.165648075887114,,,,,,,,,
