RobotX,RobotY,t_GoalX,t_GoalY,t_Informed,t_Rrep,t_Rori,t_Ratt,Var9,nAg,groups
0.473290888759454,-0.153834864182797,-0.256190114402411,-0.127176746158526,0.5,0.01,0.12,0.15,T3,8,4
0.473290888759454,-0.153834864182797,,,,,,,,,
-0.460150866083548,0.124326127092101,,,,,,,,,
-0.460150866083548,0.124326127092101,,,,,,,,,
0.324318752365626,0.146025189959161,,,,,,,,,
0.324318752365626,0.146025189959161,,,,,,,,,
0.163825711422732,-0.160185735629788,,,,,,,,,
0.163825711422732,-0.160185735629788,,,,,,,,,
