RobotX,RobotY,t_GoalX,t_GoalY,t_Informed,t_Rrep,t_Rori,t_Ratt,Var9,nAg,groups
-0.0399464385913703,0.164357153283589,0.276758733294728,0.132740419702156,0.5,0.01,0.12,0.15,T3,8,4
-0.0399464385913703,0.164357153283589,,,,,,,,,
0.465801648930557,-0.182165125987518,,,,,,,,,
0.465801648930557,-0.182165125987518,,,,,,,,,
-0.0389283670126467,-0.167870561186103,,,,,,,,,
-0.0389283670126467,-0.167870561186103,,,,,,,,,
-0.407764088841494,0.154529668812998,,,,,,,,,
-0.407764088841494,0.154529668812998,,,,,,,,,
