RobotX,RobotY,t_GoalX,t_GoalY,t_Informed,t_Rrep,t_Rori,t_Ratt,Var9,nAg,groups
-0.0364436162228156,-0.184295889313032,0.0032798241111805,0.121746131714595,0.5,0.01,0.12,0.15,T3,8,4
-0.0364436162228156,-0.184295889313032,,,,,,,,,
-0.437805480013567,-0.00755131564467953,,,,,,,,,
-0.437805480013567,-0.00755131564467953,,,,,,,,,
0.266102197037631,-0.148259372958635,,,,,,,,,
0.266102197037631,-0.148259372958635,,,,,,,,,
0.495497081871134,0.0649289222544641,,,,,,,,,
0.495497081871134,0.0649289222544641,,,,,,,,,
