RobotX,RobotY,t_GoalX,t_GoalY,t_Informed,t_Rrep,t_Rori,t_Ratt,Var9,nAg,groups
-0.0339844121984311,0.0110719714930309,-0.391967774375422,0.138897977885592,0.5,0.01,0.12,0.15,T3,8,4
-0.0339844121984311,0.0110719714930309,,,,,,,,,
0.461433412895569,0.0944509098959845,,,,,,,,,
0.461433412895569,0.0944509098959845,,,,,,,,,
0.198154165162512,-0.186129412905313,,,,,,,,,
0.198154165162512,-0.186129412905313,,,,,,,,,
-0.491697306252555,-0.173542426358889,,,,,,,,,
-0.491697306252555,-0.173542426358889,,,,,,,,,
