RobotX,RobotY,t_GoalX,t_GoalY,t_Informed,t_Rrep,t_Rori,t_Ratt,Var9,nAg,groups
0.0851992681663148,0.0291841452910163,-0.254533705466138,0.128479060326748,0.5,0.01,0.12,0.15,T3,8,4
0.0851992681663148,0.0291841452910163,,,,,,,,,
0.399409342708833,-0.182523520403569,,,,,,,,,
0.399409342708833,-0.182523520403569,,,,,,,,,
-0.440911917498271,-0.197032723256062,,,,,,,,,
-0.440911917498271,-0.197032723256062,,,,,,,,,
0.365912500263519,0.157399230901591,,,,,,,,,
0.365912500263519,0.157399230901591,,,,,,,,,
