RobotX,RobotY,t_GoalX,t_GoalY,t_Informed,t_Rrep,t_Rori,t_Ratt,Var9,nAg,groups
-0.0736917389240898,-0.199202558196165,0.177760912593953,0.0538886385802977,0.5,0.01,0.12,0.15,T3,8,4
-0.0736917389240898,-0.199202558196165,,,,,,,,,
0.493493233809879,-0.0839766949611207,,,,,,,,,
0.493493233809879,-0.0839766949611207,,,,,,,,,
-0.389801660162777,-0.103273623033894,,,,,,,,,
-0.389801660162777,-0.103273623033894,,,,,,,,,
-0.149529540875314,0.161055279705483,,,,,,,,,
-0.149529540875314,0.161055279705483,,,,,,,,,
