RobotX,RobotY,t_GoalX,t_GoalY,t_Informed,t_Rrep,t_Rori,t_Ratt,Var9,nAg,groups
0.474736429968422,0.0734988987148613,0.113992277444758,0.104442284210419,0.5,0.01,0.12,0.15,T3,8,4
0.474736429968422,0.0734988987148613,,,,,,,,,
-0.495058928891599,-0.181610985116862,,,,,,,,,
-0.495058928891599,-0.181610985116862,,,,,,,,,
-0.189230073005398,0.16668708606383,,,,,,,,,
-0.189230073005398,0.16668708606383,,,,,,,,,
-0.194467199063727,-0.138285223698684,,,,,,,,,
-0.194467199063727,-0.138285223698684,,,,,,,,,
