RobotX,RobotY,t_GoalX,t_GoalY,t_Informed,t_Rrep,t_Rori,t_Ratt,Var9,nAg,groups
-0.497231652943836,0.0436427182950829,0.180258571019415,-0.0712792558602544,0.5,0.01,0.12,0.15,T3,8,4
-0.497231652943836,0.0436427182950829,,,,,,,,,
-0.140096863441592,0.148480812298454,,,,,,,,,
-0.140096863441592,0.148480812298454,,,,,,,,,
0.40317300966398,0.190583044403378,,,,,,,,,
0.40317300966398,0.190583044403378,,,,,,,,,
-0.243232818166621,-0.16401046084818,,,,,,,,,
-0.243232818166621,-0.16401046084818,,,,,,,,,
