RobotX,RobotY,t_GoalX,t_GoalY,t_Informed,t_Rrep,t_Rori,t_Ratt,Var9,nAg,groups
0.273338332663432,-0.18423770271555,-0.367422696406029,0.136102483823866,0.5,0.01,0.12,0.15,T3,8,4
0.273338332663432,-0.18423770271555,,,,,,,,,
0.484337553628725,0.169671512718692,,,,,,,,,
0.484337553628725,0.169671512718692,,,,,,,,,
-0.0700082113853524,0.0570249960280329,,,,,,,,,
-0.0700082113853524,0.0570249960280329,,,,,,,,,
-0.388259562009832,-0.167090697895458,,,,,,,,,
-0.388259562009832,-0.167090697895458,,,,,,,,,
