RobotX,RobotY,t_GoalX,t_GoalY,t_Informed,t_Rrep,t_Rori,t_Ratt,Var9,nAg,groups
0.161480088819205,0.162610519373254,-0.381425192851137,-0.0886944332915532,0.5,0.01,0.12,0.15,T3,8,4
0.161480088819205,0.162610519373254,,,,,,,,,
0.493407194950451,0.187729202477676,,,,,,,,,
0.493407194950451,0.187729202477676,,,,,,,,,
0.484120363717725,-0.125862406889244,,,,,,,,,
0.484120363717725,-0.125862406889244,,,,,,,,,
0.123854789644103,-0.135664866476753,,,,,,,,,
0.123854789644103,-0.135664866476753,,,,,,,,,
