RobotX,RobotY,t_GoalX,t_GoalY,t_Informed,t_Rrep,t_Rori,t_Ratt,Var9,nAg,groups
0.256226618597973,0.127466126896058,-0.362627535981717,-0.0646641665571112,0.5,0.01,0.12,0.15,T3,8,4
0.256226618597973,0.127466126896058,,,,,,,,,
-0.0968998575949686,0.16769948910234,,,,,,,,,
-0.0968998575949686,0.16769948910234,,,,,,,,,
0.394572447267489,-0.162972432293369,,,,,,,,,
0.394572447267489,-0.162972432293369,,,,,,,,,
-0.0456663949290305,-0.169080488808503,,,,,,,,,
-0.0456663949290305,-0.169080488808503,,,,,,,,,
