RobotX,RobotY,t_GoalX,t_GoalY,t_Informed,t_Rrep,t_Rori,t_Ratt,Var9,nAg,groups
0.468688267383608,-0.0544063996259454,0.0386448313724464,0.102527581751218,0.5,0.01,0.12,0.15,T3,8,4
0.468688267383608,-0.0544063996259454,,,,,,,,,
0.197020487098833,-0.184876151654283,,,,,,,,,
0.197020487098833,-0.184876151654283,,,,,,,,,
-0.151348993420644,-0.138035647765869,,,,,,,,,
-0.151348993420644,-0.138035647765869,,,,,,,,,
-0.453412935016321,-0.0295834502509623,,,,,,,,,
-0.453412935016321,-0.0295834502509623,,,,,,,,,
