RobotX,RobotY,t_GoalX,t_GoalY,t_Informed,t_Rrep,t_Rori,t_Ratt,Var9,nAg,groups
0.428657747784675,-0.147374738305239,0.12626063537984,-0.148456255343621,0.5,0.01,0.12,0.15,T3,8,4
0.428657747784675,-0.147374738305239,,,,,,,,,
-0.402699720522374,0.179474819440573,,,,,,,,,
-0.402699720522374,0.179474819440573,,,,,,,,,
-0.381535030169861,-0.171852749799271,,,,,,,,,
-0.381535030169861,-0.171852749799271,,,,,,,,,
0.396662366543468,0.151597968164747,,,,,,,,,
0.396662366543468,0.151597968164747,,,,,,,,,
