RobotX,RobotY,t_GoalX,t_GoalY,t_Informed,t_Rrep,t_Rori,t_Ratt,Var9,nAg,groups
-0.450097420173453,-0.179006631318569,-0.115477165323708,-0.0686646563026405,0.5,0.01,0.12,0.15,T3,8,4
-0.450097420173453,-0.179006631318569,,,,,,,,,
0.469143218097191,0.0136354626876844,,,,,,,,,
0.469143218097191,0.0136354626876844,,,,,,,,,
-0.46713646976466,0.197700619977634,,,,,,,,,
-0.46713646976466,0.197700619977634,,,,,,,,,
0.182918604193898,0.170589324771835,,,,,,,,,
0.182918604193898,0.170589324771835,,,,,,,,,
