RobotX,RobotY,t_GoalX,t_GoalY,t_Informed,t_Rrep,t_Rori,t_Ratt,Var9,nAg,groups
-0.193746257185877,-0.173088718179163,0.103194640834282,-0.108325706499376,0.5,0.01,0.12,0.15,T3,8,4
-0.193746257185877,-0.173088718179163,,,,,,,,,
0.495913528771811,-0.115445842579488,,,,,,,,,
0.495913528771811,-0.115445842579488,,,,,,,,,
-0.494243002395376,0.119019350050217,,,,,,,,,
-0.494243002395376,0.119019350050217,,,,,,,,,
-0.00249904858832539,0.195324742876177,,,,,,,,,
-0.00249904858832539,0.195324742876177,,,,,,,,,
