RobotX,RobotY,t_GoalX,t_GoalY,t_Informed,t_Rrep,t_Rori,t_Ratt,Var9,nAg,groups
0.475862663217276,-0.0378844980114534,0.0549909328996792,-0.108336054693773,0.5,0.01,0.12,0.15,T3,8,4
0.475862663217276,-0.0378844980114534,,,,,,,,,
-0.321800846513562,-0.158987938869856,,,,,,,,,
-0.321800846513562,-0.158987938869856,,,,,,,,,
0.193865749394447,0.197783562001391,,,,,,,,,
0.193865749394447,0.197783562001391,,,,,,,,,
-0.316228644624492,0.186243397459153,,,,,,,,,
-0.316228644624492,0.186243397459153,,,,,,,,,
