RobotX,RobotY,t_GoalX,t_GoalY,t_Informed,t_Rrep,t_Rori,t_Ratt,Var9,nAg,groups
0.222647770637237,-0.170682835380094,-0.392732926675256,-0.130101139096311,0.5,0.01,0.12,0.15,T3,8,4
0.222647770637237,-0.170682835380094,,,,,,,,,
0.462994759605132,0.195921910207987,,,,,,,,,
0.462994759605132,0.195921910207987,,,,,,,,,
0.0862066891236948,0.149590121511487,,,,,,,,,
0.0862066891236948,0.149590121511487,,,,,,,,,
-0.49947848738517,0.187965631993031,,,,,,,,,
-0.49947848738517,0.187965631993031,,,,,,,,,
