RobotX,RobotY,t_GoalX,t_GoalY,t_Informed,t_Rrep,t_Rori,t_Ratt,Var9,nAg,groups
0.41029311866612,0.194575910564665,0.10112893784439,0.144293535782011,0.5,0.01,0.12,0.15,T3,8,4
0.41029311866612,0.194575910564665,,,,,,,,,
-0.173785036506643,-0.116960250824722,,,,,,,,,
-0.173785036506643,-0.116960250824722,,,,,,,,,
-0.465997533631553,0.0559980067194376,,,,,,,,,
-0.465997533631553,0.0559980067194376,,,,,,,,,
0.308121394218581,-0.160717839932966,,,,,,,,,
0.308121394218581,-0.160717839932966,,,,,,,,,
