RobotX,RobotY,t_GoalX,t_GoalY,t_Informed,t_Rrep,t_Rori,t_Ratt,Var9,nAg,groups
-0.115230127385204,0.110727305561908,0.198824944337954,0.06822191095615,0.5,0.01,0.12,0.15,T3,8,4
-0.115230127385204,0.110727305561908,,,,,,,,,
-0.371002359830714,-0.173057594470207,,,,,,,,,
-0.371002359830714,-0.173057594470207,,,,,,,,,
-0.49458464601663,0.127633354405137,,,,,,,,,
-0.49458464601663,0.127633354405137,,,,,,,,,
0.492611647570787,0.181932584814493,,,,,,,,,
0.492611647570787,0.181932584814493,,,,,,,,,
