RobotX,RobotY,t_GoalX,t_GoalY,t_Informed,t_Rrep,t_Rori,t_Ratt,Var9,nAg,groups
-0.453882052610182,0.141762456699215,-0.14991356199884,0.126311052310764,0.5,0.01,0.12,0.15,T3,8,4
-0.453882052610182,0.141762456699215,,,,,,,,,
0.307662207732877,-0.190592782562351,,,,,,,,,
0.307662207732877,-0.190592782562351,,,,,,,,,
-0.314836593405777,-0.178352720082073,,,,,,,,,
-0.314836593405777,-0.178352720082073,,,,,,,,,
0.45047480453095,0.0736265033326465,,,,,,,,,
0.45047480453095,0.0736265033326465,,,,,,,,,
