RobotX,RobotY,t_GoalX,t_GoalY,t_Informed,t_Rrep,t_Rori,t_Ratt,Var9,nAg,groups
0.234440847636094,0.184519414611576,-0.117263273794642,-0.129724237894711,0.5,0.01,0.12,0.15,T3,8,4
0.234440847636094,0.184519414611576,,,,,,,,,
-0.158999076871043,0.186089587250068,,,,,,,,,
-0.158999076871043,0.186089587250068,,,,,,,,,
0.370960077807719,-0.146504404207554,,,,,,,,,
0.370960077807719,-0.146504404207554,,,,,,,,,
-0.498582528362054,0.0152050793256639,,,,,,,,,
-0.498582528362054,0.0152050793256639,,,,,,,,,
