RobotX,RobotY,t_GoalX,t_GoalY,t_Informed,t_Rrep,t_Rori,t_Ratt,Var9,nAg,groups
0.310105597578828,-0.16226176419678,0.393679132988643,0.148957015138854,0.5,0.01,0.12,0.15,T3,8,4
0.310105597578828,-0.16226176419678,,,,,,,,,
0.0298255897287397,0.0301998320320318,,,,,,,,,
0.0298255897287397,0.0301998320320318,,,,,,,,,
-0.251165950005068,0.155679607940839,,,,,,,,,
-0.251165950005068,0.155679607940839,,,,,,,,,
-0.474463893236176,-0.167550442095827,,,,,,,,,
-0.474463893236176,-0.167550442095827,,,,,,,,,
