RobotX,RobotY,t_GoalX,t_GoalY,t_Informed,t_Rrep,t_Rori,t_Ratt,Var9,nAg,groups
0.450182869012714,0.173760416144436,0.181769991899556,-0.00104222062989023,0.5,0.01,0.12,0.15,T3,8,4
0.450182869012714,0.173760416144436,,,,,,,,,
0.466367376148567,-0.149353971996424,,,,,,,,,
0.466367376148567,-0.149353971996424,,,,,,,,,
-0.176784797885601,0.155266021872405,,,,,,,,,
-0.176784797885601,0.155266021872405,,,,,,,,,
-0.30987621327403,-0.120002392787345,,,,,,,,,
-0.30987621327403,-0.120002392787345,,,,,,,,,
