RobotX,RobotY,t_GoalX,t_GoalY,t_Informed,t_Rrep,t_Rori,t_Ratt,Var9,nAg,groups
0.246732419756315,-0.12222216702526,-0.0407177317905925,0.143655943915116,0.5,0.01,0.12,0.15,T3,8,4
0.246732419756315,-0.12222216702526,,,,,,,,,
0.281416080709254,0.183104076422557,,,,,,,,,
0.281416080709254,0.183104076422557,,,,,,,,,
-0.347642770039178,0.0752641329104048,,,,,,,,,
-0.347642770039178,0.0752641329104048,,,,,,,,,
-0.141361130002169,-0.157554465269282,,,,,,,,,
-0.141361130002169,-0.157554465269282,,,,,,,,,
