RobotX,RobotY,t_GoalX,t_GoalY,t_Informed,t_Rrep,t_Rori,t_Ratt,Var9,nAg,groups
0.455772377421782,-0.162182707769582,0.300065640738163,0.12516511365406,0.5,0.01,0.12,0.15,T3,8,4
0.455772377421782,-0.162182707769582,,,,,,,,,
0.124698708794154,-0.160556700762779,,,,,,,,,
0.124698708794154,-0.160556700762779,,,,,,,,,
-0.480020353595562,-0.194311769623852,,,,,,,,,
-0.480020353595562,-0.194311769623852,,,,,,,,,
-0.310936973441493,0.169549477484294,,,,,,,,,
-0.310936973441493,0.169549477484294,,,,,,,,,
