RobotX,RobotY,t_GoalX,t_GoalY,t_Informed,t_Rrep,t_Rori,t_Ratt,Var9,nAg,groups
0.430220043853331,-0.170235022493743,0.157744495940943,0.109464551286705,0.5,0.01,0.12,0.15,T3,8,4
0.430220043853331,-0.170235022493743,,,,,,,,,
-0.291572755039535,0.143600481223047,,,,,,,,,
-0.291572755039535,0.143600481223047,,,,,,,,,
-0.0315317400239163,-0.177705914926216,,,,,,,,,
-0.0315317400239163,-0.177705914926216,,,,,,,,,
-0.391089103782122,-0.184254538230387,,,,,,,,,
-0.391089103782122,-0.184254538230387,,,,,,,,,
