RobotX,RobotY,t_GoalX,t_GoalY,t_Informed,t_Rrep,t_Rori,t_Ratt,Var9,nAg,groups
0.25696458928283,0.158082596788759,-0.165569113353994,0.140887560880096,0.5,0.01,0.12,0.15,T3,8,4
0.25696458928283,0.158082596788759,,,,,,,,,
0.467876467175037,-0.117078189988467,,,,,,,,,
0.467876467175037,-0.117078189988467,,,,,,,,,
0.136412812145088,-0.159297524153564,,,,,,,,,
0.136412812145088,-0.159297524153564,,,,,,,,,
-0.386424736236914,-0.123346459919469,,,,,,,,,
-0.386424736236914,-0.123346459919469,,,,,,,,,
