RobotX,RobotY,t_GoalX,t_GoalY,t_Informed,t_Rrep,t_Rori,t_Ratt,Var9,nAg,groups
-0.397957637087028,-0.169168895388036,0.204186914429925,-0.0289247861312169,0.5,0.01,0.12,0.15,T3,8,4
-0.397957637087028,-0.169168895388036,,,,,,,,,
0.479655297263582,-0.170117277493618,,,,,,,,,
0.479655297263582,-0.170117277493618,,,,,,,,,
-0.435034882127314,0.130493341125062,,,,,,,,,
-0.435034882127314,0.130493341125062,,,,,,,,,
-0.116009981933844,0.186850696051033,,,,,,,,,
-0.116009981933844,0.186850696051033,,,,,,,,,
