RobotX,RobotY,t_GoalX,t_GoalY,t_Informed,t_Rrep,t_Rori,t_Ratt,Var9,nAg,groups
0.188197025664792,-0.159458248553382,-0.16466953742037,0.143674113752244,0.5,0.01,0.12,0.15,T3,8,4
0.188197025664792,-0.159458248553382,,,,,,,,,
0.356919966970872,0.112086253317906,,,,,,,,,
0.356919966970872,0.112086253317906,,,,,,,,,
-0.49302028152473,0.0451082624174384,,,,,,,,,
-0.49302028152473,0.0451082624174384,,,,,,,,,
-0.254244828720415,-0.171174892522578,,,,,,,,,
-0.254244828720415,-0.171174892522578,,,,,,,,,
