RobotX,RobotY,t_GoalX,t_GoalY,t_Informed,t_Rrep,t_Rori,t_Ratt,Var9,nAg,groups
0.150730710746851,-0.136202892921831,0.357428068514723,0.0864111914623723,0.5,0.01,0.12,0.15,T3,8,4
0.150730710746851,-0.136202892921831,,,,,,,,,
-0.378296837976479,-0.135907528499094,,,,,,,,,
-0.378296837976479,-0.135907528499094,,,,,,,,,
-0.494452469469586,0.146839176875785,,,,,,,,,
-0.494452469469586,0.146839176875785,,,,,,,,,
-0.0679314881499753,0.124486609020817,,,,,,,,,
-0.0679314881499753,0.124486609020817,,,,,,,,,
