RobotX,RobotY,t_GoalX,t_GoalY,t_Informed,t_Rrep,t_Rori,t_Ratt,Var9,nAg,groups
-0.0822707238137124,0.168512230076825,-0.389767534005782,-0.14792453573052,0.5,0.01,0.12,0.15,T3,8,4
-0.0822707238137124,0.168512230076825,,,,,,,,,
0.462674464977628,0.081979317184159,,,,,,,,,
0.462674464977628,0.081979317184159,,,,,,,,,
0.239065419658146,-0.154231824572546,,,,,,,,,
0.239065419658146,-0.154231824572546,,,,,,,,,
-0.408363833824771,0.167276324720821,,,,,,,,,
-0.408363833824771,0.167276324720821,,,,,,,,,
