RobotX,RobotY,t_GoalX,t_GoalY,t_Informed,t_Rrep,t_Rori,t_Ratt,Var9,nAg,groups
-0.342329362522577,0.196585656690287,0.335911322361606,-0.144428603436905,0.5,0.01,0.12,0.15,T3,8,4
-0.342329362522577,0.196585656690287,,,,,,,,,
0.19699795218354,0.171126877125586,,,,,,,,,
0.19699795218354,0.171126877125586,,,,,,,,,
-0.454577954591851,-0.127050212912301,,,,,,,,,
-0.454577954591851,-0.127050212912301,,,,,,,,,
-0.0494348141141425,-3.56186685757098e-05,,,,,,,,,
-0.0494348141141425,-3.56186685757098e-05,,,,,,,,,
