RobotX,RobotY,t_GoalX,t_GoalY,t_Informed,t_Rrep,t_Rori,t_Ratt,Var9,nAg,groups
-0.475645395410658,0.15138837603042,0.0891785518815481,-0.0846504008204244,0.5,0.01,0.12,0.15,T3,8,4
-0.475645395410658,0.15138837603042,,,,,,,,,
-0.133557327460857,0.139670997438531,,,,,,,,,
-0.133557327460857,0.139670997438531,,,,,,,,,
0.38693889544874,-0.165379016951132,,,,,,,,,
0.38693889544874,-0.165379016951132,,,,,,,,,
-0.245278338714823,-0.179328615290214,,,,,,,,,
-0.245278338714823,-0.179328615290214,,,,,,,,,
