RobotX,RobotY,t_GoalX,t_GoalY,t_Informed,t_Rrep,t_Rori,t_Ratt,Var9,nAg,groups
0.00676821492673962,0.0802459988343235,0.322079340418684,0.112353028772077,0.5,0.01,0.12,0.15,T3,8,4
0.00676821492673962,0.0802459988343235,,,,,,,,,
0.207186575713873,-0.177088480621821,,,,,,,,,
0.207186575713873,-0.177088480621821,,,,,,,,,
-0.411786166811056,-0.187172746353075,,,,,,,,,
-0.411786166811056,-0.187172746353075,,,,,,,,,
-0.478546361401314,0.119117440606344,,,,,,,,,
-0.478546361401314,0.119117440606344,,,,,,,,,
