RobotX,RobotY,t_GoalX,t_GoalY,t_Informed,t_Rrep,t_Rori,t_Ratt,Var9,nAg,groups
0.111792104399229,0.0296801712131106,-0.159540991785158,-0.102116520544923,0.5,0.01,0.12,0.15,T3,8,4
0.111792104399229,0.0296801712131106,,,,,,,,,
0.495227927771525,-0.110362097977308,,,,,,,,,
0.495227927771525,-0.110362097977308,,,,,,,,,
-0.492042947665848,-0.00257842712515891,,,,,,,,,
-0.492042947665848,-0.00257842712515891,,,,,,,,,
-0.255795464968052,0.194009351481522,,,,,,,,,
-0.255795464968052,0.194009351481522,,,,,,,,,
