RobotX,RobotY,t_GoalX,t_GoalY,t_Informed,t_Rrep,t_Rori,t_Ratt,Var9,nAg,groups
0.437539420365457,0.121892564474086,0.0775859046571897,0.14975906674687,0.5,0.01,0.12,0.15,T3,8,4
0.437539420365457,0.121892564474086,,,,,,,,,
-0.396368918409483,-0.131908181135045,,,,,,,,,
-0.396368918409483,-0.131908181135045,,,,,,,,,
-0.499436620714554,0.161860161740093,,,,,,,,,
-0.499436620714554,0.161860161740093,,,,,,,,,
0.172804935532122,-0.148305540065408,,,,,,,,,
0.172804935532122,-0.148305540065408,,,,,,,,,
