RobotX,RobotY,t_GoalX,t_GoalY,t_Informed,t_Rrep,t_Rori,t_Ratt,Var9,nAg,groups
0.482861213882132,-0.164525840086796,0.0466027947910168,-0.0627077788410354,0.5,0.01,0.12,0.15,T3,8,4
0.482861213882132,-0.164525840086796,,,,,,,,,
0.389266398836495,0.136136596483199,,,,,,,,,
0.389266398836495,0.136136596483199,,,,,,,,,
-0.455884407442725,0.123037925482253,,,,,,,,,
-0.455884407442725,0.123037925482253,,,,,,,,,
-0.272371081664222,-0.143714649022995,,,,,,,,,
-0.272371081664222,-0.143714649022995,,,,,,,,,
