RobotX,RobotY,t_GoalX,t_GoalY,t_Rrep,t_Rori,t_Ratt,Var8,nAg,groups
0.358783300051658,0.0878270919506766,0.254609881978099,0.0379013422004719,0.01,0.15,0.2,M,8,2
0.358783300051658,0.0878270919506766,-0.346265440058096,-0.0499042720227025,,,,,,
0.358783300051658,0.0878270919506766,0.428341630919664,-0.117514630749255,,,,,,
0.358783300051658,0.0878270919506766,-0.435512031979152,-0.129533091611655,,,,,,
0.484186982832198,0.123668644239933,,,,,,,,
0.484186982832198,0.123668644239933,,,,,,,,
0.484186982832198,0.123668644239933,,,,,,,,
0.484186982832198,0.123668644239933,,,,,,,,
