RobotX,RobotY,t_GoalX,t_GoalY,t_Rrep,t_Rori,t_Ratt,Var8,nAg,groups
-0.0696848022930299,0.0226194388945323,0.363065307655848,-0.193697917655683,0.01,0.15,0.2,M,8,2
-0.0696848022930299,0.0226194388945323,-0.129909220934946,-0.19136154108084,,,,,,
-0.0696848022930299,0.0226194388945323,0.357484893820502,0.0495927789846945,,,,,,
-0.0696848022930299,0.0226194388945323,-0.000219552829166525,-0.0493743303077367,,,,,,
0.222830687275111,0.109934547774249,,,,,,,,
0.222830687275111,0.109934547774249,,,,,,,,
0.222830687275111,0.109934547774249,,,,,,,,
0.222830687275111,0.109934547774249,,,,,,,,
