RobotX,RobotY,t_GoalX,t_GoalY,t_Rrep,t_Rori,t_Ratt,Var8,nAg,groups
0.393186499203881,-0.106726591958776,-0.226060982220988,0.0437668934633309,0.01,0.15,0.2,M,8,2
0.393186499203881,-0.106726591958776,-0.401731006773694,-0.163090653456545,,,,,,
0.393186499203881,-0.106726591958776,-0.382258607402788,-0.0635455350523346,,,,,,
0.393186499203881,-0.106726591958776,-0.06600478739785,0.175154594006192,,,,,,
0.120614381802935,0.185396130453584,,,,,,,,
0.120614381802935,0.185396130453584,,,,,,,,
0.120614381802935,0.185396130453584,,,,,,,,
0.120614381802935,0.185396130453584,,,,,,,,
