RobotX,RobotY,t_GoalX,t_GoalY,t_Rrep,t_Rori,t_Ratt,Var8,nAg,groups
-0.385277914527165,0.0429252483480431,-0.0210622572955034,-0.0399331901921905,0.01,0.15,0.2,M,8,2
-0.385277914527165,0.0429252483480431,0.107373771514813,-0.129049458567796,,,,,,
-0.385277914527165,0.0429252483480431,0.167708590598153,0.118346933402674,,,,,,
-0.385277914527165,0.0429252483480431,0.0258041784664701,0.065411952646521,,,,,,
0.306224529852951,0.0707971131136725,,,,,,,,
0.306224529852951,0.0707971131136725,,,,,,,,
0.306224529852951,0.0707971131136725,,,,,,,,
0.306224529852951,0.0707971131136725,,,,,,,,
