RobotX,RobotY,t_GoalX,t_GoalY,t_Rrep,t_Rori,t_Ratt,Var8,nAg,groups
0.367083641829305,0.179100435246749,-0.425051902602043,-0.0495600050270541,0.01,0.15,0.2,M,8,2
0.367083641829305,0.179100435246749,0.121679778621303,0.034881162865732,,,,,,
0.367083641829305,0.179100435246749,-0.1495013254558,-0.00274734444535482,,,,,,
0.367083641829305,0.179100435246749,0.0181320024065719,0.00257162986265991,,,,,,
-0.258522038778976,0.197218962015392,,,,,,,,
-0.258522038778976,0.197218962015392,,,,,,,,
-0.258522038778976,0.197218962015392,,,,,,,,
-0.258522038778976,0.197218962015392,,,,,,,,
