RobotX,RobotY,t_GoalX,t_GoalY,t_Rrep,t_Rori,t_Ratt,Var8,nAg,groups
0.380011758417913,-0.188810051700165,0.166910234279994,-0.0378019188853349,0.01,0.15,0.2,M,8,2
0.380011758417913,-0.188810051700165,0.290120610180144,0.185977717038127,,,,,,
0.380011758417913,-0.188810051700165,0.168317538170228,-0.144379740863369,,,,,,
0.380011758417913,-0.188810051700165,-0.119074387732245,-0.190553047788492,,,,,,
0.05861707644572,0.0426050864971716,,,,,,,,
0.05861707644572,0.0426050864971716,,,,,,,,
0.05861707644572,0.0426050864971716,,,,,,,,
0.05861707644572,0.0426050864971716,,,,,,,,
