RobotX,RobotY,t_GoalX,t_GoalY,t_Rrep,t_Rori,t_Ratt,Var8,nAg,groups
-0.466754789896522,-0.0562560312316913,0.270553226255789,-0.133430204273943,0.01,0.15,0.2,M,8,2
-0.466754789896522,-0.0562560312316913,0.433386768489145,0.135899155374601,,,,,,
-0.466754789896522,-0.0562560312316913,0.132042557867164,0.0793126654270377,,,,,,
-0.466754789896522,-0.0562560312316913,0.165408167295932,0.197210682533808,,,,,,
0.415813325821628,-0.170334088724728,,,,,,,,
0.415813325821628,-0.170334088724728,,,,,,,,
0.415813325821628,-0.170334088724728,,,,,,,,
0.415813325821628,-0.170334088724728,,,,,,,,
