RobotX,RobotY,t_GoalX,t_GoalY,t_Rrep,t_Rori,t_Ratt,Var8,nAg,groups
0.453236268891277,-0.000838676351481743,-0.0847113353966061,-0.128286964950517,0.01,0.12,0.15,T3,8,2
0.453236268891277,-0.000838676351481743,-0.0311094787660905,-0.00324458148130496,,,,,,
0.453236268891277,-0.000838676351481743,0.181980529477844,-0.108743468765686,,,,,,
0.453236268891277,-0.000838676351481743,-0.46427790607081,-0.169036490142799,,,,,,
-0.481789469765877,-0.0611701040305358,,,,,,,,
-0.481789469765877,-0.0611701040305358,,,,,,,,
-0.481789469765877,-0.0611701040305358,,,,,,,,
-0.481789469765877,-0.0611701040305358,,,,,,,,
