RobotX,RobotY,t_GoalX,t_GoalY,t_Rrep,t_Rori,t_Ratt,Var8,nAg,groups
0.492247172599841,-0.148833182899844,0.129638983393692,0.028259060214141,0.01,0.12,0.15,T3,8,2
0.492247172599841,-0.148833182899844,0.365466414004013,-0.0178132233745268,,,,,,
0.492247172599841,-0.148833182899844,0.158030301773195,-0.156649166702644,,,,,,
0.492247172599841,-0.148833182899844,0.303797027798877,-0.136087140027869,,,,,,
0.0457026214256199,-0.0417782956716632,,,,,,,,
0.0457026214256199,-0.0417782956716632,,,,,,,,
0.0457026214256199,-0.0417782956716632,,,,,,,,
0.0457026214256199,-0.0417782956716632,,,,,,,,
