RobotX,RobotY,t_GoalX,t_GoalY,t_Rrep,t_Rori,t_Ratt,Var8,nAg,groups
0.119040749810595,-0.0998720784392681,0.482990391332157,0.0544156957784195,0.01,0.12,0.15,T3,8,2
0.119040749810595,-0.0998720784392681,0.448832932804767,-0.16468397848401,,,,,,
0.119040749810595,-0.0998720784392681,-0.298614882235764,0.0467164059775828,,,,,,
0.119040749810595,-0.0998720784392681,-0.47024731280515,-0.116568120680043,,,,,,
-0.159241566108486,0.15220511316331,,,,,,,,
-0.159241566108486,0.15220511316331,,,,,,,,
-0.159241566108486,0.15220511316331,,,,,,,,
-0.159241566108486,0.15220511316331,,,,,,,,
