RobotX,RobotY,t_GoalX,t_GoalY,t_Rrep,t_Rori,t_Ratt,Var8,nAg,groups
0.198110067456184,0.151952052880298,-0.132588974934744,0.173568508139336,0.01,0.12,0.15,T3,8,2
0.198110067456184,0.151952052880298,-0.037284300808655,-0.0658275379976196,,,,,,
0.198110067456184,0.151952052880298,-0.347320895178249,0.0394898480070046,,,,,,
0.198110067456184,0.151952052880298,-0.128775182419207,-0.0140162781441871,,,,,,
0.0541028138473911,-0.162040654329211,,,,,,,,
0.0541028138473911,-0.162040654329211,,,,,,,,
0.0541028138473911,-0.162040654329211,,,,,,,,
0.0541028138473911,-0.162040654329211,,,,,,,,
