RobotX,RobotY,t_GoalX,t_GoalY,t_Informed,t_Rrep,t_Rori,t_Ratt,Var9,nAg,groups
0.0473582831824443,0.129130355422059,0.360963233093339,0.0714448663985341,0.5,0.01,0.12,0.15,T3,8,3
0.0473582831824443,0.129130355422059,,,,,,,,,
0.0473582831824443,0.129130355422059,,,,,,,,,
-0.0357799125246471,-0.160253554359869,,,,,,,,,
-0.0357799125246471,-0.160253554359869,,,,,,,,,
-0.0357799125246471,-0.160253554359869,,,,,,,,,
-0.369111261378185,-0.116210056086673,,,,,,,,,
-0.369111261378185,-0.116210056086673,,,,,,,,,
