RobotX,RobotY,t_GoalX,t_GoalY,t_Informed,t_Rrep,t_Rori,t_Ratt,Var9,nAg,groups
0.364604758005447,-0.116986543899442,-0.104360613181191,-0.0263425192341593,0.5,0.01,0.12,0.15,T3,8,3
0.364604758005447,-0.116986543899442,,,,,,,,,
0.364604758005447,-0.116986543899442,,,,,,,,,
0.141533874075243,0.184936297693062,,,,,,,,,
0.141533874075243,0.184936297693062,,,,,,,,,
0.141533874075243,0.184936297693062,,,,,,,,,
-0.380124485528264,0.177720408041249,,,,,,,,,
-0.380124485528264,0.177720408041249,,,,,,,,,
