RobotX,RobotY,t_GoalX,t_GoalY,t_Informed,t_Rrep,t_Rori,t_Ratt,Var9,nAg,groups
-0.454425343139358,-0.055909491196824,-0.120369217842803,-0.0393606685108507,0.5,0.01,0.12,0.15,T3,8,3
-0.454425343139358,-0.055909491196824,,,,,,,,,
-0.454425343139358,-0.055909491196824,,,,,,,,,
0.479458233386628,-0.162074468123456,,,,,,,,,
0.479458233386628,-0.162074468123456,,,,,,,,,
0.479458233386628,-0.162074468123456,,,,,,,,,
0.486410978485396,0.146009318482109,,,,,,,,,
0.486410978485396,0.146009318482109,,,,,,,,,
