RobotX,RobotY,t_GoalX,t_GoalY,t_Informed,t_Rrep,t_Rori,t_Ratt,Var9,nAg,groups
-0.425332262538449,-0.19592771607252,0.0340815664592163,0.0450213146486062,0.5,0.01,0.12,0.15,T3,8,3
-0.425332262538449,-0.19592771607252,,,,,,,,,
-0.425332262538449,-0.19592771607252,,,,,,,,,
0.381412653199849,-0.185774460128495,,,,,,,,,
0.381412653199849,-0.185774460128495,,,,,,,,,
0.381412653199849,-0.185774460128495,,,,,,,,,
-0.290201781799683,0.108582741588952,,,,,,,,,
-0.290201781799683,0.108582741588952,,,,,,,,,
