RobotX,RobotY,t_GoalX,t_GoalY,t_Informed,t_Rrep,t_Rori,t_Ratt,Var9,nAg,groups
0.162462095927475,0.175080531653905,-0.210393190014566,-0.117581291702657,0.5,0.01,0.12,0.15,T3,8,3
0.162462095927475,0.175080531653905,,,,,,,,,
0.162462095927475,0.175080531653905,,,,,,,,,
0.390037934097719,-0.178663013674263,,,,,,,,,
0.390037934097719,-0.178663013674263,,,,,,,,,
0.390037934097719,-0.178663013674263,,,,,,,,,
0.498499151860187,0.194009820475055,,,,,,,,,
0.498499151860187,0.194009820475055,,,,,,,,,
