RobotX,RobotY,t_GoalX,t_GoalY,t_Informed,t_Rrep,t_Rori,t_Ratt,Var9,nAg,groups
-0.0983017564425261,-0.170451713396748,-0.393621560590945,0.0755869232723279,0.5,0.01,0.12,0.15,T3,8,3
-0.0983017564425261,-0.170451713396748,,,,,,,,,
-0.0983017564425261,-0.170451713396748,,,,,,,,,
0.498972776870993,-0.0531332850115328,,,,,,,,,
0.498972776870993,-0.0531332850115328,,,,,,,,,
0.498972776870993,-0.0531332850115328,,,,,,,,,
0.162587409667096,0.0794155342692687,,,,,,,,,
0.162587409667096,0.0794155342692687,,,,,,,,,
