RobotX,RobotY,t_GoalX,t_GoalY,t_Informed,t_Rrep,t_Rori,t_Ratt,Var9,nAg,groups
0.0542286878333176,0.175219447111004,0.35643686021077,-0.0310942929632945,0.5,0.01,0.12,0.15,T3,8,3
0.0542286878333176,0.175219447111004,,,,,,,,,
0.0542286878333176,0.175219447111004,,,,,,,,,
-0.381841194100172,-0.196072102392527,,,,,,,,,
-0.381841194100172,-0.196072102392527,,,,,,,,,
-0.381841194100172,-0.196072102392527,,,,,,,,,
-0.407210641720362,0.195078160399882,,,,,,,,,
-0.407210641720362,0.195078160399882,,,,,,,,,
