RobotX,RobotY,t_GoalX,t_GoalY,t_Informed,t_Rrep,t_Rori,t_Ratt,Var9,nAg,groups
0.475906047828953,-0.161057229883326,0.258815199387046,0.12424077741347,0.5,0.01,0.12,0.15,T3,8,3
0.475906047828953,-0.161057229883326,,,,,,,,,
0.475906047828953,-0.161057229883326,,,,,,,,,
-0.0454980370438995,0.142802052289449,,,,,,,,,
-0.0454980370438995,0.142802052289449,,,,,,,,,
-0.0454980370438995,0.142802052289449,,,,,,,,,
-0.177176617517787,-0.158491967528321,,,,,,,,,
-0.177176617517787,-0.158491967528321,,,,,,,,,
