RobotX,RobotY,t_GoalX,t_GoalY,t_Informed,t_Rrep,t_Rori,t_Ratt,Var9,nAg,groups
0.424873886795375,-0.161854266636509,-0.250784641808937,0.118658158543536,0.5,0.01,0.12,0.15,T3,8,3
0.424873886795375,-0.161854266636509,,,,,,,,,
0.424873886795375,-0.161854266636509,,,,,,,,,
-0.454281511608417,-0.130566035557437,,,,,,,,,
-0.454281511608417,-0.130566035557437,,,,,,,,,
-0.454281511608417,-0.130566035557437,,,,,,,,,
-0.00681651714036291,-0.16603733811506,,,,,,,,,
-0.00681651714036291,-0.16603733811506,,,,,,,,,
