RobotX,RobotY,t_GoalX,t_GoalY,t_Informed,t_Rrep,t_Rori,t_Ratt,Var9,nAg,groups
-0.474810240815096,0.170332191695143,0.291376854691315,-0.0884036240714113,0.5,0.01,0.12,0.15,T3,8,3
-0.474810240815096,0.170332191695143,,,,,,,,,
-0.474810240815096,0.170332191695143,,,,,,,,,
-0.156249470525444,0.149272092294879,,,,,,,,,
-0.156249470525444,0.149272092294879,,,,,,,,,
-0.156249470525444,0.149272092294879,,,,,,,,,
-0.0370569736001271,-0.146902264974413,,,,,,,,,
-0.0370569736001271,-0.146902264974413,,,,,,,,,
