RobotX,RobotY,t_GoalX,t_GoalY,t_Informed,t_Rrep,t_Rori,t_Ratt,Var9,nAg,groups
0.481547737559958,-0.171991608481263,-0.378844559407181,0.0531204684154832,0.5,0.01,0.12,0.15,T3,8,3
0.481547737559958,-0.171991608481263,,,,,,,,,
0.481547737559958,-0.171991608481263,,,,,,,,,
-0.160602541749678,-0.183771895388801,,,,,,,,,
-0.160602541749678,-0.183771895388801,,,,,,,,,
-0.160602541749678,-0.183771895388801,,,,,,,,,
-0.0616032463459371,0.198300563624339,,,,,,,,,
-0.0616032463459371,0.198300563624339,,,,,,,,,
