RobotX,RobotY,t_GoalX,t_GoalY,t_Informed,t_Rrep,t_Rori,t_Ratt,Var9,nAg,groups
-0.444552305003157,-0.177969561561818,-0.309890625902403,0.112828628282391,0.5,0.01,0.12,0.15,T3,8,3
-0.444552305003157,-0.177969561561818,,,,,,,,,
-0.444552305003157,-0.177969561561818,,,,,,,,,
0.48033588414638,-0.0848722919052544,,,,,,,,,
0.48033588414638,-0.0848722919052544,,,,,,,,,
0.48033588414638,-0.0848722919052544,,,,,,,,,
0.00389568413935104,-0.0322224672960313,,,,,,,,,
0.00389568413935104,-0.0322224672960313,,,,,,,,,
