RobotX,RobotY,t_GoalX,t_GoalY,t_Informed,t_Rrep,t_Rori,t_Ratt,Var9,nAg,groups
0.0713258027379813,0.172586264341963,-0.130383529956684,-0.134249645318946,0.5,0.01,0.12,0.15,T3,8,3
0.0713258027379813,0.172586264341963,,,,,,,,,
0.0713258027379813,0.172586264341963,,,,,,,,,
0.297884224392783,-0.155204070630131,,,,,,,,,
0.297884224392783,-0.155204070630131,,,,,,,,,
0.297884224392783,-0.155204070630131,,,,,,,,,
-0.398466643917942,0.166462450910477,,,,,,,,,
-0.398466643917942,0.166462450910477,,,,,,,,,
