RobotX,RobotY,t_GoalX,t_GoalY,t_Informed,t_Rrep,t_Rori,t_Ratt,Var9,nAg,groups
0.289071895553174,-0.160157557945766,0.0232858707073172,0.0628392636891017,0.5,0.01,0.12,0.15,T3,8,3
0.289071895553174,-0.160157557945766,,,,,,,,,
0.289071895553174,-0.160157557945766,,,,,,,,,
-0.398944989790045,0.0930509624485625,,,,,,,,,
-0.398944989790045,0.0930509624485625,,,,,,,,,
-0.398944989790045,0.0930509624485625,,,,,,,,,
0.446825423117719,0.101234120766911,,,,,,,,,
0.446825423117719,0.101234120766911,,,,,,,,,
