RobotX,RobotY,t_GoalX,t_GoalY,t_Informed,t_Rrep,t_Rori,t_Ratt,Var9,nAg,groups
-0.353241775087676,0.101748788012123,0.136631474804383,0.111581557318386,0.5,0.01,0.12,0.15,T3,8,3
-0.353241775087676,0.101748788012123,,,,,,,,,
-0.353241775087676,0.101748788012123,,,,,,,,,
0.48511546956697,-0.0601672597448558,,,,,,,,,
0.48511546956697,-0.0601672597448558,,,,,,,,,
0.48511546956697,-0.0601672597448558,,,,,,,,,
-0.104579841106688,-0.196439619490955,,,,,,,,,
-0.104579841106688,-0.196439619490955,,,,,,,,,
