RobotX,RobotY,t_GoalX,t_GoalY,t_Informed,t_Rrep,t_Rori,t_Ratt,Var9,nAg,groups
0.455777838644144,0.0341765736263198,0.0120524546104763,-0.0441729252994621,0.5,0.01,0.12,0.15,T3,8,3
0.455777838644144,0.0341765736263198,,,,,,,,,
0.455777838644144,0.0341765736263198,,,,,,,,,
-0.338216932407762,0.134850658013565,,,,,,,,,
-0.338216932407762,0.134850658013565,,,,,,,,,
-0.338216932407762,0.134850658013565,,,,,,,,,
-0.292136847632117,-0.169077017534332,,,,,,,,,
-0.292136847632117,-0.169077017534332,,,,,,,,,
