RobotX,RobotY,t_GoalX,t_GoalY,t_Informed,t_Rrep,t_Rori,t_Ratt,Var9,nAg,groups
-0.326040307953433,0.0536679731957855,0.0842986906315016,-0.0537094268323371,0.5,0.01,0.12,0.15,T3,8,3
-0.326040307953433,0.0536679731957855,,,,,,,,,
-0.326040307953433,0.0536679731957855,,,,,,,,,
0.373026541006909,-0.199499868760469,,,,,,,,,
0.373026541006909,-0.199499868760469,,,,,,,,,
0.373026541006909,-0.199499868760469,,,,,,,,,
0.335025600689531,0.192963390647019,,,,,,,,,
0.335025600689531,0.192963390647019,,,,,,,,,
