RobotX,RobotY,t_GoalX,t_GoalY,t_Informed,t_Rrep,t_Rori,t_Ratt,Var9,nAg,groups
-0.463619047354479,-0.160978537913756,-0.0430697570360162,-0.138159944943369,0.5,0.01,0.12,0.15,T3,8,3
-0.463619047354479,-0.160978537913756,,,,,,,,,
-0.463619047354479,-0.160978537913756,,,,,,,,,
-0.31325925654621,0.118111359349645,,,,,,,,,
-0.31325925654621,0.118111359349645,,,,,,,,,
-0.31325925654621,0.118111359349645,,,,,,,,,
0.315111648799472,0.0457150581001388,,,,,,,,,
0.315111648799472,0.0457150581001388,,,,,,,,,
