RobotX,RobotY,t_GoalX,t_GoalY,t_Informed,t_Rrep,t_Rori,t_Ratt,Var9,nAg,groups
-0.19143268031475,0.176670952285212,0.0123786432546941,-0.108427857880784,0.5,0.01,0.12,0.15,T3,8,3
-0.19143268031475,0.176670952285212,,,,,,,,,
-0.19143268031475,0.176670952285212,,,,,,,,,
0.329984070698316,-0.183269724907611,,,,,,,,,
0.329984070698316,-0.183269724907611,,,,,,,,,
0.329984070698316,-0.183269724907611,,,,,,,,,
-0.4240396263055,-0.0761376649586002,,,,,,,,,
-0.4240396263055,-0.0761376649586002,,,,,,,,,
