RobotX,RobotY,t_GoalX,t_GoalY,t_Informed,t_Rrep,t_Rori,t_Ratt,Var9,nAg,groups
0.0166633375529776,-0.123141488358554,0.376430938569484,-0.0473241824036852,0.5,0.01,0.12,0.15,T3,8,3
0.0166633375529776,-0.123141488358554,,,,,,,,,
0.0166633375529776,-0.123141488358554,,,,,,,,,
0.0197765712238525,0.190217889118811,,,,,,,,,
0.0197765712238525,0.190217889118811,,,,,,,,,
0.0197765712238525,0.190217889118811,,,,,,,,,
-0.359910821500386,-0.134171993220335,,,,,,,,,
-0.359910821500386,-0.134171993220335,,,,,,,,,
