RobotX,RobotY,t_GoalX,t_GoalY,t_Informed,t_Rrep,t_Rori,t_Ratt,Var9,nAg,groups
0.299932847603953,-0.182301801408859,-0.009545573028228,-0.00243678925527835,0.5,0.01,0.12,0.15,T3,8,3
0.299932847603953,-0.182301801408859,,,,,,,,,
0.299932847603953,-0.182301801408859,,,,,,,,,
-0.315480681867906,0.155029938276815,,,,,,,,,
-0.315480681867906,0.155029938276815,,,,,,,,,
-0.315480681867906,0.155029938276815,,,,,,,,,
-0.314695663170049,-0.156021637987928,,,,,,,,,
-0.314695663170049,-0.156021637987928,,,,,,,,,
