RobotX,RobotY,t_GoalX,t_GoalY,t_Informed,t_Rrep,t_Rori,t_Ratt,Var9,nAg,groups
0.169065624258009,0.182888931288518,-0.390337964576077,0.0494400558855605,0.5,0.01,0.12,0.15,T3,8,3
0.169065624258009,0.182888931288518,,,,,,,,,
0.169065624258009,0.182888931288518,,,,,,,,,
-0.0302769098442141,-0.0924678004750977,,,,,,,,,
-0.0302769098442141,-0.0924678004750977,,,,,,,,,
-0.0302769098442141,-0.0924678004750977,,,,,,,,,
0.373726435434044,-0.135169780289357,,,,,,,,,
0.373726435434044,-0.135169780289357,,,,,,,,,
