RobotX,RobotY,t_GoalX,t_GoalY,t_Informed,t_Rrep,t_Rori,t_Ratt,Var9,nAg,groups
0.406771581211307,-0.117425523161659,-0.0123898919317741,-0.0273628082911417,0.5,0.01,0.12,0.15,T3,8,3
0.406771581211307,-0.117425523161659,,,,,,,,,
0.406771581211307,-0.117425523161659,,,,,,,,,
-0.443623160036578,-0.185727470406534,,,,,,,,,
-0.443623160036578,-0.185727470406534,,,,,,,,,
-0.443623160036578,-0.185727470406534,,,,,,,,,
0.433453992612399,0.190254589408108,,,,,,,,,
0.433453992612399,0.190254589408108,,,,,,,,,
