RobotX,RobotY,t_GoalX,t_GoalY,t_Informed,t_Rrep,t_Rori,t_Ratt,Var9,nAg,groups
-0.311942594711972,0.175867310288472,-0.239831180850428,-0.149875297989779,0.5,0.01,0.12,0.15,T3,8,3
-0.311942594711972,0.175867310288472,,,,,,,,,
-0.311942594711972,0.175867310288472,,,,,,,,,
0.112253868161518,-0.195311155678306,,,,,,,,,
0.112253868161518,-0.195311155678306,,,,,,,,,
0.112253868161518,-0.195311155678306,,,,,,,,,
0.295921660389806,0.126251699066915,,,,,,,,,
0.295921660389806,0.126251699066915,,,,,,,,,
