RobotX,RobotY,t_GoalX,t_GoalY,t_Informed,t_Rrep,t_Rori,t_Ratt,Var9,nAg,groups
0.41803126405183,0.00308644214400527,-0.250216634312822,0.109806939012766,0.5,0.01,0.12,0.15,T3,8,3
0.41803126405183,0.00308644214400527,,,,,,,,,
0.41803126405183,0.00308644214400527,,,,,,,,,
0.0926127883757218,-0.197292649957915,,,,,,,,,
0.0926127883757218,-0.197292649957915,,,,,,,,,
0.0926127883757218,-0.197292649957915,,,,,,,,,
-0.485216717832391,-0.171312832245483,,,,,,,,,
-0.485216717832391,-0.171312832245483,,,,,,,,,
