RobotX,RobotY,t_GoalX,t_GoalY,t_Informed,t_Rrep,t_Rori,t_Ratt,Var9,nAg,groups
0.338105212494044,0.153271582535808,-0.226893494640903,0.143496856830994,0.5,0.01,0.12,0.15,T3,8,3
0.338105212494044,0.153271582535808,,,,,,,,,
0.338105212494044,0.153271582535808,,,,,,,,,
-0.407189291047416,-0.129571017616506,,,,,,,,,
-0.407189291047416,-0.129571017616506,,,,,,,,,
-0.407189291047416,-0.129571017616506,,,,,,,,,
0.0318135055190824,-0.154876737921659,,,,,,,,,
0.0318135055190824,-0.154876737921659,,,,,,,,,
