RobotX,RobotY,t_GoalX,t_GoalY,t_Informed,t_Rrep,t_Rori,t_Ratt,Var9,nAg,groups
0.0805582141580108,-0.174781631003879,-0.296805785728618,0.0807358901366219,0.5,0.01,0.12,0.15,T3,8,3
0.0805582141580108,-0.174781631003879,,,,,,,,,
0.0805582141580108,-0.174781631003879,,,,,,,,,
-0.00071833177869518,0.18140522461535,,,,,,,,,
-0.00071833177869518,0.18140522461535,,,,,,,,,
-0.00071833177869518,0.18140522461535,,,,,,,,,
0.440946599067554,-0.146089063751326,,,,,,,,,
0.440946599067554,-0.146089063751326,,,,,,,,,
