RobotX,RobotY,t_GoalX,t_GoalY,t_Informed,t_Rrep,t_Rori,t_Ratt,Var9,nAg,groups
0.481629291070454,-0.0233294933698421,0.0411117093050625,0.0928466144668481,0.5,0.01,0.12,0.15,T3,8,3
0.481629291070454,-0.0233294933698421,,,,,,,,,
0.481629291070454,-0.0233294933698421,,,,,,,,,
-0.379148500060076,0.135832257762643,,,,,,,,,
-0.379148500060076,0.135832257762643,,,,,,,,,
-0.379148500060076,0.135832257762643,,,,,,,,,
-0.466271719907367,-0.153984384843307,,,,,,,,,
-0.466271719907367,-0.153984384843307,,,,,,,,,
