RobotX,RobotY,t_GoalX,t_GoalY,t_Informed,t_Rrep,t_Rori,t_Ratt,Var9,nAg,groups
0.235678023874039,0.108323562852529,-0.0721093914406826,0.12953745052095,0.5,0.01,0.12,0.15,T3,8,3
0.235678023874039,0.108323562852529,,,,,,,,,
0.235678023874039,0.108323562852529,,,,,,,,,
-0.430439433204757,-0.0155006647706259,,,,,,,,,
-0.430439433204757,-0.0155006647706259,,,,,,,,,
-0.430439433204757,-0.0155006647706259,,,,,,,,,
0.498795116827285,-0.189007081044833,,,,,,,,,
0.498795116827285,-0.189007081044833,,,,,,,,,
