RobotX,RobotY,t_GoalX,t_GoalY,t_Informed,t_Rrep,t_Rori,t_Ratt,Var9,nAg,groups
0.426818468413307,0.176215343213534,0.235621635450224,-0.134923674273447,0.5,0.01,0.12,0.15,T3,8,3
0.426818468413307,0.176215343213534,,,,,,,,,
0.426818468413307,0.176215343213534,,,,,,,,,
-0.0853794578980842,-0.0661369809282883,,,,,,,,,
-0.0853794578980842,-0.0661369809282883,,,,,,,,,
-0.0853794578980842,-0.0661369809282883,,,,,,,,,
-0.39951857741647,0.000475127634125355,,,,,,,,,
-0.39951857741647,0.000475127634125355,,,,,,,,,
