RobotX,RobotY,t_GoalX,t_GoalY,t_Informed,t_Rrep,t_Rori,t_Ratt,Var9,nAg,groups
-0.456407866525431,-0.0352903244431433,-0.156099617965923,0.0969492941792964,0.5,0.01,0.12,0.15,T3,8,3
-0.456407866525431,-0.0352903244431433,,,,,,,,,
-0.456407866525431,-0.0352903244431433,,,,,,,,,
0.383687936747644,-0.0617786238984555,,,,,,,,,
0.383687936747644,-0.0617786238984555,,,,,,,,,
0.383687936747644,-0.0617786238984555,,,,,,,,,
0.0578123313047468,-0.171575653328009,,,,,,,,,
0.0578123313047468,-0.171575653328009,,,,,,,,,
