RobotX,RobotY,t_GoalX,t_GoalY,t_Informed,t_Rrep,t_Rori,t_Ratt,Var9,nAg,groups
0.450488097983015,0.178077055312692,-0.0475870263168479,-0.0864533912193396,0.5,0.01,0.12,0.15,T3,8,3
0.450488097983015,0.178077055312692,,,,,,,,,
0.450488097983015,0.178077055312692,,,,,,,,,
0.371621681246818,-0.14145110813791,,,,,,,,,
0.371621681246818,-0.14145110813791,,,,,,,,,
0.371621681246818,-0.14145110813791,,,,,,,,,
-0.384292019016557,-0.0690394574925878,,,,,,,,,
-0.384292019016557,-0.0690394574925878,,,,,,,,,
