RobotX,RobotY,t_GoalX,t_GoalY,t_Informed,t_Rrep,t_Rori,t_Ratt,Var9,nAg,groups
0.422581059353957,0.157923231103403,-0.0499441686913718,-0.0486287023047502,0.5,0.01,0.12,0.15,T3,8,3
0.422581059353957,0.157923231103403,,,,,,,,,
0.422581059353957,0.157923231103403,,,,,,,,,
-0.396781705413229,0.196421654213564,,,,,,,,,
-0.396781705413229,0.196421654213564,,,,,,,,,
-0.396781705413229,0.196421654213564,,,,,,,,,
0.285936986686847,-0.155189344268458,,,,,,,,,
0.285936986686847,-0.155189344268458,,,,,,,,,
