RobotX,RobotY,t_GoalX,t_GoalY,t_Informed,t_Rrep,t_Rori,t_Ratt,Var9,nAg,groups
0.110610840168564,0.189930230150509,0.0411042765375093,-0.148816580700128,0.5,0.01,0.12,0.15,T3,8,3
0.110610840168564,0.189930230150509,,,,,,,,,
0.110610840168564,0.189930230150509,,,,,,,,,
-0.496216424702402,-0.094326685926453,,,,,,,,,
-0.496216424702402,-0.094326685926453,,,,,,,,,
-0.496216424702402,-0.094326685926453,,,,,,,,,
0.41572104593575,0.118552334714096,,,,,,,,,
0.41572104593575,0.118552334714096,,,,,,,,,
