RobotX,RobotY,t_GoalX,t_GoalY,t_Informed,t_Rrep,t_Rori,t_Ratt,Var9,nAg,groups
0.341053007050116,-0.161511795145167,-0.0421188217768672,-0.122120637633619,0.5,0.01,0.12,0.15,T3,8,3
0.341053007050116,-0.161511795145167,,,,,,,,,
0.341053007050116,-0.161511795145167,,,,,,,,,
-0.3559362716731,-0.199907614714926,,,,,,,,,
-0.3559362716731,-0.199907614714926,,,,,,,,,
-0.3559362716731,-0.199907614714926,,,,,,,,,
0.144853762561337,0.197383381962926,,,,,,,,,
0.144853762561337,0.197383381962926,,,,,,,,,
