RobotX,RobotY,t_GoalX,t_GoalY,t_Informed,t_Rrep,t_Rori,t_Ratt,Var9,nAg,groups
-0.00342046191752354,-0.194474761155524,-0.284895453495335,0.12579945726225,0.5,0.01,0.12,0.15,T3,8,3
-0.00342046191752354,-0.194474761155524,,,,,,,,,
-0.00342046191752354,-0.194474761155524,,,,,,,,,
-0.426169640072079,-0.167601441206782,,,,,,,,,
-0.426169640072079,-0.167601441206782,,,,,,,,,
-0.426169640072079,-0.167601441206782,,,,,,,,,
0.203867029471282,0.034433123548672,,,,,,,,,
0.203867029471282,0.034433123548672,,,,,,,,,
