RobotX,RobotY,t_GoalX,t_GoalY,t_Informed,t_Rrep,t_Rori,t_Ratt,Var9,nAg,groups
-0.409851977934381,-0.0736574916540803,-0.0918072117751441,-0.0243782318880181,0.5,0.01,0.12,0.15,T3,8,3
-0.409851977934381,-0.0736574916540803,,,,,,,,,
-0.409851977934381,-0.0736574916540803,,,,,,,,,
0.43070963089666,-0.118065042248709,,,,,,,,,
0.43070963089666,-0.118065042248709,,,,,,,,,
0.43070963089666,-0.118065042248709,,,,,,,,,
0.245918699486226,0.180145830455229,,,,,,,,,
0.245918699486226,0.180145830455229,,,,,,,,,
