RobotX,RobotY,t_GoalX,t_GoalY,t_Informed,t_Rrep,t_Rori,t_Ratt,Var9,nAg,groups
-0.480204801277877,0.162470311867631,0.141436556937335,0.0638425908933168,0.5,0.01,0.12,0.15,T3,8,3
-0.480204801277877,0.162470311867631,,,,,,,,,
-0.480204801277877,0.162470311867631,,,,,,,,,
0.493811971125534,-0.0605471300666088,,,,,,,,,
0.493811971125534,-0.0605471300666088,,,,,,,,,
0.493811971125534,-0.0605471300666088,,,,,,,,,
-0.177382734440712,-0.00135074458448203,,,,,,,,,
-0.177382734440712,-0.00135074458448203,,,,,,,,,
