RobotX,RobotY,t_GoalX,t_GoalY,t_Informed,t_Rrep,t_Rori,t_Ratt,Var9,nAg,groups
-0.383272023287374,0.182200269044475,-0.0798694650342648,0.0535575570145553,0.5,0.01,0.12,0.15,T3,8,3
-0.383272023287374,0.182200269044475,,,,,,,,,
-0.383272023287374,0.182200269044475,,,,,,,,,
0.476481771892167,-0.158384205286498,,,,,,,,,
0.476481771892167,-0.158384205286498,,,,,,,,,
0.476481771892167,-0.158384205286498,,,,,,,,,
0.495329112533451,0.197048603577483,,,,,,,,,
0.495329112533451,0.197048603577483,,,,,,,,,
