RobotX,RobotY,t_GoalX,t_GoalY,t_Informed,t_Rrep,t_Rori,t_Ratt,Var9,nAg,groups
0.274182398500623,-0.184307787822276,-0.277015653893046,0.0138918719088948,0.5,0.01,0.12,0.15,T3,8,3
0.274182398500623,-0.184307787822276,,,,,,,,,
0.274182398500623,-0.184307787822276,,,,,,,,,
0.43444888925864,0.193906419205697,,,,,,,,,
0.43444888925864,0.193906419205697,,,,,,,,,
0.43444888925864,0.193906419205697,,,,,,,,,
0.067669898506131,0.152346027339783,,,,,,,,,
0.067669898506131,0.152346027339783,,,,,,,,,
