RobotX,RobotY,t_GoalX,t_GoalY,t_Informed,t_Rrep,t_Rori,t_Ratt,Var9,nAg,groups
0.40489569309749,-0.156224275669383,-0.354646446521574,-0.141035551183001,0.5,0.01,0.12,0.15,T3,8,3
0.40489569309749,-0.156224275669383,,,,,,,,,
0.40489569309749,-0.156224275669383,,,,,,,,,
0.323678943091542,0.17485759202081,,,,,,,,,
0.323678943091542,0.17485759202081,,,,,,,,,
0.323678943091542,0.17485759202081,,,,,,,,,
0.0295887321212027,0.0976122590926877,,,,,,,,,
0.0295887321212027,0.0976122590926877,,,,,,,,,
