RobotX,RobotY,t_GoalX,t_GoalY,t_Informed,t_Rrep,t_Rori,t_Ratt,Var9,nAg,groups
-0.398256266065836,0.198576814088972,0.370651231827178,-0.0526432600152389,0.5,0.01,0.12,0.15,T3,8,3
-0.398256266065836,0.198576814088972,,,,,,,,,
-0.398256266065836,0.198576814088972,,,,,,,,,
-0.301948742159892,-0.198907704553575,,,,,,,,,
-0.301948742159892,-0.198907704553575,,,,,,,,,
-0.301948742159892,-0.198907704553575,,,,,,,,,
0.110350084226955,0.167288066171114,,,,,,,,,
0.110350084226955,0.167288066171114,,,,,,,,,
