RobotX,RobotY,t_GoalX,t_GoalY,t_Informed,t_Rrep,t_Rori,t_Ratt,Var9,nAg,groups
-0.437887045863184,-0.116364583289654,-0.0720764051448658,0.0245010147336248,0.5,0.01,0.12,0.15,T3,8,3
-0.437887045863184,-0.116364583289654,,,,,,,,,
-0.437887045863184,-0.116364583289654,,,,,,,,,
0.237460108624459,0.185604566663837,,,,,,,,,
0.237460108624459,0.185604566663837,,,,,,,,,
0.237460108624459,0.185604566663837,,,,,,,,,
0.486494186549919,-0.131735235696984,,,,,,,,,
0.486494186549919,-0.131735235696984,,,,,,,,,
