RobotX,RobotY,t_GoalX,t_GoalY,t_Informed,t_Rrep,t_Rori,t_Ratt,Var9,nAg,groups
-0.380708757302268,0.136024460051768,-0.0801376141899463,-0.0529240189659368,0.5,0.01,0.12,0.15,T3,8,3
-0.380708757302268,0.136024460051768,,,,,,,,,
-0.380708757302268,0.136024460051768,,,,,,,,,
0.419397220541761,0.14293121217859,,,,,,,,,
0.419397220541761,0.14293121217859,,,,,,,,,
0.419397220541761,0.14293121217859,,,,,,,,,
-0.422446185346341,-0.178251168189002,,,,,,,,,
-0.422446185346341,-0.178251168189002,,,,,,,,,
