RobotX,RobotY,t_GoalX,t_GoalY,t_Informed,t_Rrep,t_Rori,t_Ratt,Var9,nAg,groups
-0.0513487043888488,-0.170631629712026,-0.164013102008039,0.121508709018503,0.5,0.01,0.12,0.15,T3,8,3
-0.0513487043888488,-0.170631629712026,,,,,,,,,
-0.0513487043888488,-0.170631629712026,,,,,,,,,
0.169961313878983,0.0580408421047469,,,,,,,,,
0.169961313878983,0.0580408421047469,,,,,,,,,
0.169961313878983,0.0580408421047469,,,,,,,,,
0.451211431973389,-0.0915435457008764,,,,,,,,,
0.451211431973389,-0.0915435457008764,,,,,,,,,
