RobotX,RobotY,t_GoalX,t_GoalY,t_Informed,t_Rrep,t_Rori,t_Ratt,Var9,nAg,groups
-0.360540176041501,-0.194502852292884,0.0384364856176986,0.101716224831313,0.5,0.01,0.12,0.15,T3,8,3
-0.360540176041501,-0.194502852292884,,,,,,,,,
-0.360540176041501,-0.194502852292884,,,,,,,,,
-0.449968450007576,0.124765350821645,,,,,,,,,
-0.449968450007576,0.124765350821645,,,,,,,,,
-0.449968450007576,0.124765350821645,,,,,,,,,
0.444439921090001,0.0587160803372991,,,,,,,,,
0.444439921090001,0.0587160803372991,,,,,,,,,
