RobotX,RobotY,t_GoalX,t_GoalY,t_Informed,t_Rrep,t_Rori,t_Ratt,Var9,nAg,groups
0.244633707100223,0.18478685517548,-0.147916971400914,0.10676967363563,0.5,0.01,0.12,0.15,T3,8,3
0.244633707100223,0.18478685517548,,,,,,,,,
0.244633707100223,0.18478685517548,,,,,,,,,
0.0131615236798029,-0.160588341009712,,,,,,,,,
0.0131615236798029,-0.160588341009712,,,,,,,,,
0.0131615236798029,-0.160588341009712,,,,,,,,,
-0.490056988025787,0.18945530228981,,,,,,,,,
-0.490056988025787,0.18945530228981,,,,,,,,,
