RobotX,RobotY,t_GoalX,t_GoalY,t_Informed,t_Rrep,t_Rori,t_Ratt,Var9,nAg,groups
0.263226107582409,0.0937834070837045,0.0362363343136589,-0.146063967790732,0.5,0.01,0.12,0.15,T3,8,3
0.263226107582409,0.0937834070837045,,,,,,,,,
0.263226107582409,0.0937834070837045,,,,,,,,,
0.38341799734721,-0.186086904105049,,,,,,,,,
0.38341799734721,-0.186086904105049,,,,,,,,,
0.38341799734721,-0.186086904105049,,,,,,,,,
-0.339166019322485,0.134036800891403,,,,,,,,,
-0.339166019322485,0.134036800891403,,,,,,,,,
