RobotX,RobotY,t_GoalX,t_GoalY,t_Informed,t_Rrep,t_Rori,t_Ratt,Var9,nAg,groups
-0.468461383137543,-0.179940059792079,0.0484641224084986,-0.0960416627974643,0.5,0.01,0.12,0.15,T3,8,3
-0.468461383137543,-0.179940059792079,,,,,,,,,
-0.468461383137543,-0.179940059792079,,,,,,,,,
0.247752539834371,0.158891293596598,,,,,,,,,
0.247752539834371,0.158891293596598,,,,,,,,,
0.247752539834371,0.158891293596598,,,,,,,,,
0.428550957389128,-0.0826482950606728,,,,,,,,,
0.428550957389128,-0.0826482950606728,,,,,,,,,
