RobotX,RobotY,t_GoalX,t_GoalY,t_Informed,t_Rrep,t_Rori,t_Ratt,Var9,nAg,groups
0.460110732118974,-0.143969488803874,-0.197664523987553,-0.141796894322985,0.5,0.01,0.12,0.15,T3,8,3
0.460110732118974,-0.143969488803874,,,,,,,,,
0.460110732118974,-0.143969488803874,,,,,,,,,
0.0836733957016537,0.0661827147820883,,,,,,,,,
0.0836733957016537,0.0661827147820883,,,,,,,,,
0.0836733957016537,0.0661827147820883,,,,,,,,,
0.494154116971857,0.179262416706583,,,,,,,,,
0.494154116971857,0.179262416706583,,,,,,,,,
