RobotX,RobotY,t_GoalX,t_GoalY,t_Informed,t_Rrep,t_Rori,t_Ratt,Var9,nAg,groups
0.0902710207205994,-0.169160096702558,0.212011988227824,0.14737916204457,0.5,0.01,0.12,0.15,T3,8,3
0.0902710207205994,-0.169160096702558,,,,,,,,,
0.0902710207205994,-0.169160096702558,,,,,,,,,
-0.344890656489498,0.109430793440295,,,,,,,,,
-0.344890656489498,0.109430793440295,,,,,,,,,
-0.344890656489498,0.109430793440295,,,,,,,,,
0.436606404883733,-0.145059530946539,,,,,,,,,
0.436606404883733,-0.145059530946539,,,,,,,,,
