RobotX,RobotY,t_GoalX,t_GoalY,t_Informed,t_Rrep,t_Rori,t_Ratt,Var9,nAg,groups
-0.426242814795871,0.0468661684707135,-0.0588696856270533,0.0343494696099335,0.5,0.01,0.12,0.15,V,8,2
-0.426242814795871,0.0468661684707135,,,,,,,,,
-0.426242814795871,0.0468661684707135,,,,,,,,,
-0.426242814795871,0.0468661684707135,,,,,,,,,
0.233296891256359,-0.0468387531532941,,,,,,,,,
0.233296891256359,-0.0468387531532941,,,,,,,,,
0.233296891256359,-0.0468387531532941,,,,,,,,,
0.233296891256359,-0.0468387531532941,,,,,,,,,
