RobotX,RobotY,t_GoalX,t_GoalY,t_Informed,t_Rrep,t_Rori,t_Ratt,Var9,nAg,groups
0.0388249771256064,-0.0731655942024437,-0.263694635893355,-0.0311474922786987,0.5,0.01,0.12,0.15,V,8,2
0.0388249771256064,-0.0731655942024437,,,,,,,,,
0.0388249771256064,-0.0731655942024437,,,,,,,,,
0.0388249771256064,-0.0731655942024437,,,,,,,,,
0.494365060609709,-0.00314273670285395,,,,,,,,,
0.494365060609709,-0.00314273670285395,,,,,,,,,
0.494365060609709,-0.00314273670285395,,,,,,,,,
0.494365060609709,-0.00314273670285395,,,,,,,,,
