RobotX,RobotY,t_GoalX,t_GoalY,t_Informed,t_Rrep,t_Rori,t_Ratt,Var9,nAg,groups
0.0245087045079287,-0.12760964971628,0.333496097070071,-0.070214288483233,0.5,0.01,0.12,0.15,V,8,2
0.0245087045079287,-0.12760964971628,,,,,,,,,
0.0245087045079287,-0.12760964971628,,,,,,,,,
0.0245087045079287,-0.12760964971628,,,,,,,,,
-0.165230889818971,0.15067452008254,,,,,,,,,
-0.165230889818971,0.15067452008254,,,,,,,,,
-0.165230889818971,0.15067452008254,,,,,,,,,
-0.165230889818971,0.15067452008254,,,,,,,,,
