RobotX,RobotY,t_GoalX,t_GoalY,t_Informed,t_Rrep,t_Rori,t_Ratt,Var9,nAg,groups
0.497677510497479,0.0813725167293354,-0.176352586227858,-0.0105348709930583,0.5,0.01,0.12,0.15,V,8,2
0.497677510497479,0.0813725167293354,,,,,,,,,
0.497677510497479,0.0813725167293354,,,,,,,,,
0.497677510497479,0.0813725167293354,,,,,,,,,
0.228387936819865,-0.170409382207719,,,,,,,,,
0.228387936819865,-0.170409382207719,,,,,,,,,
0.228387936819865,-0.170409382207719,,,,,,,,,
0.228387936819865,-0.170409382207719,,,,,,,,,
