RobotX,RobotY,t_GoalX,t_GoalY,t_Informed,t_Rrep,t_Rori,t_Ratt,Var9,nAg,groups
-0.053939926534473,0.11584412133899,0.269977125331918,-0.0249875539577616,0.5,0.01,0.12,0.15,V,8,2
-0.053939926534473,0.11584412133899,,,,,,,,,
-0.053939926534473,0.11584412133899,,,,,,,,,
-0.053939926534473,0.11584412133899,,,,,,,,,
-0.469950855708789,0.125840542569621,,,,,,,,,
-0.469950855708789,0.125840542569621,,,,,,,,,
-0.469950855708789,0.125840542569621,,,,,,,,,
-0.469950855708789,0.125840542569621,,,,,,,,,
