RobotX,RobotY,t_GoalX,t_GoalY,t_Informed,t_Rrep,t_Rori,t_Ratt,Var9,nAg,groups
-0.112907446825121,-0.183182680901685,0.140305933158589,0.0806974060101925,0.5,0.01,0.12,0.15,V,8,2
-0.112907446825121,-0.183182680901685,,,,,,,,,
-0.112907446825121,-0.183182680901685,,,,,,,,,
-0.112907446825121,-0.183182680901685,,,,,,,,,
0.446657141697177,-0.131604267754796,,,,,,,,,
0.446657141697177,-0.131604267754796,,,,,,,,,
0.446657141697177,-0.131604267754796,,,,,,,,,
0.446657141697177,-0.131604267754796,,,,,,,,,
