RobotX,RobotY,t_GoalX,t_GoalY,t_Informed,t_Rrep,t_Rori,t_Ratt,Var9,nAg,groups
0.393689984684322,0.082705286656442,-0.304869049724882,0.12609551064799,0.5,0.01,0.12,0.15,V,8,2
0.393689984684322,0.082705286656442,,,,,,,,,
0.393689984684322,0.082705286656442,,,,,,,,,
0.393689984684322,0.082705286656442,,,,,,,,,
-0.0495139488359913,-0.123024303947186,,,,,,,,,
-0.0495139488359913,-0.123024303947186,,,,,,,,,
-0.0495139488359913,-0.123024303947186,,,,,,,,,
-0.0495139488359913,-0.123024303947186,,,,,,,,,
