RobotX,RobotY,t_GoalX,t_GoalY,t_Informed,t_Rrep,t_Rori,t_Ratt,Var9,nAg,groups
0.0538808885490657,-0.0280271804515816,-0.264047829357037,0.123457180668003,0.5,0.01,0.12,0.15,V,8,2
0.0538808885490657,-0.0280271804515816,,,,,,,,,
0.0538808885490657,-0.0280271804515816,,,,,,,,,
0.0538808885490657,-0.0280271804515816,,,,,,,,,
0.315303923674131,0.121890419509773,,,,,,,,,
0.315303923674131,0.121890419509773,,,,,,,,,
0.315303923674131,0.121890419509773,,,,,,,,,
0.315303923674131,0.121890419509773,,,,,,,,,
