RobotX,RobotY,t_GoalX,t_GoalY,t_Informed,t_Rrep,t_Rori,t_Ratt,Var9,nAg,groups
0.26188078029681,0.125480042687214,-0.0396840083626175,-0.126810126122251,0.5,0.01,0.12,0.15,V,8,2
0.26188078029681,0.125480042687214,,,,,,,,,
0.26188078029681,0.125480042687214,,,,,,,,,
0.26188078029681,0.125480042687214,,,,,,,,,
-0.271960411439066,0.167342704653378,,,,,,,,,
-0.271960411439066,0.167342704653378,,,,,,,,,
-0.271960411439066,0.167342704653378,,,,,,,,,
-0.271960411439066,0.167342704653378,,,,,,,,,
