RobotX,RobotY,t_GoalX,t_GoalY,t_Informed,t_Rrep,t_Rori,t_Ratt,Var9,nAg,groups
0.406474753510023,-0.199881866574061,-0.0282386385667828,0.0991384510208625,0.5,0.01,0.12,0.15,V,8,2
0.406474753510023,-0.199881866574061,,,,,,,,,
0.406474753510023,-0.199881866574061,,,,,,,,,
0.406474753510023,-0.199881866574061,,,,,,,,,
-0.108277293112451,-0.19814231546107,,,,,,,,,
-0.108277293112451,-0.19814231546107,,,,,,,,,
-0.108277293112451,-0.19814231546107,,,,,,,,,
-0.108277293112451,-0.19814231546107,,,,,,,,,
