RobotX,RobotY,t_GoalX,t_GoalY,t_Informed,t_Rrep,t_Rori,t_Ratt,Var9,nAg,groups
-0.412083836169111,0.0976358471377471,0.399530599348813,-0.0900450626564922,0.5,0.01,0.12,0.15,V,8,2
-0.412083836169111,0.0976358471377471,,,,,,,,,
-0.412083836169111,0.0976358471377471,,,,,,,,,
-0.412083836169111,0.0976358471377471,,,,,,,,,
-0.00182046748769416,0.0201659745081343,,,,,,,,,
-0.00182046748769416,0.0201659745081343,,,,,,,,,
-0.00182046748769416,0.0201659745081343,,,,,,,,,
-0.00182046748769416,0.0201659745081343,,,,,,,,,
