RobotX,RobotY,t_GoalX,t_GoalY,t_Informed,t_Rrep,t_Rori,t_Ratt,Var9,nAg,groups
-0.332294005093959,0.178007883072869,-0.0423776041606325,0.0286274387157009,0.5,0.01,0.12,0.15,V,8,2
-0.332294005093959,0.178007883072869,,,,,,,,,
-0.332294005093959,0.178007883072869,,,,,,,,,
-0.332294005093959,0.178007883072869,,,,,,,,,
-0.486207527217752,-0.082843513271227,,,,,,,,,
-0.486207527217752,-0.082843513271227,,,,,,,,,
-0.486207527217752,-0.082843513271227,,,,,,,,,
-0.486207527217752,-0.082843513271227,,,,,,,,,
