RobotX,RobotY,t_GoalX,t_GoalY,t_Informed,t_Rrep,t_Rori,t_Ratt,Var9,nAg,groups
0.335954525448564,-0.0536254115957465,-0.302797671876906,0.132171842108902,0.5,0.01,0.12,0.15,V,8,2
0.335954525448564,-0.0536254115957465,,,,,,,,,
0.335954525448564,-0.0536254115957465,,,,,,,,,
0.335954525448564,-0.0536254115957465,,,,,,,,,
-0.147216953538337,-0.193380320305009,,,,,,,,,
-0.147216953538337,-0.193380320305009,,,,,,,,,
-0.147216953538337,-0.193380320305009,,,,,,,,,
-0.147216953538337,-0.193380320305009,,,,,,,,,
