RobotX,RobotY,t_GoalX,t_GoalY,t_Informed,t_Rrep,t_Rori,t_Ratt,Var9,nAg,groups
0.498739802107082,-0.0358534232698891,-0.386125941872192,-0.11020067124178,0.5,0.01,0.12,0.15,V,8,2
0.498739802107082,-0.0358534232698891,,,,,,,,,
0.498739802107082,-0.0358534232698891,,,,,,,,,
0.498739802107082,-0.0358534232698891,,,,,,,,,
-0.0349204318310504,-0.134322993558348,,,,,,,,,
-0.0349204318310504,-0.134322993558348,,,,,,,,,
-0.0349204318310504,-0.134322993558348,,,,,,,,,
-0.0349204318310504,-0.134322993558348,,,,,,,,,
