RobotX,RobotY,t_GoalX,t_GoalY,t_Informed,t_Rrep,t_Rori,t_Ratt,Var9,nAg,groups
-0.199443033614842,0.0694388662115236,0.371597575701288,0.148100795880324,0.5,0.01,0.12,0.15,V,8,2
-0.199443033614842,0.0694388662115236,,,,,,,,,
-0.199443033614842,0.0694388662115236,,,,,,,,,
-0.199443033614842,0.0694388662115236,,,,,,,,,
0.221129377939695,-0.158099641761412,,,,,,,,,
0.221129377939695,-0.158099641761412,,,,,,,,,
0.221129377939695,-0.158099641761412,,,,,,,,,
0.221129377939695,-0.158099641761412,,,,,,,,,
