RobotX,RobotY,t_GoalX,t_GoalY,t_Informed,t_Rrep,t_Rori,t_Ratt,Var9,nAg,groups
-0.395707889363813,-0.161162202871553,0.217137544519068,0.0381503241522949,0.5,0.01,0.12,0.15,V,8,2
-0.395707889363813,-0.161162202871553,,,,,,,,,
-0.395707889363813,-0.161162202871553,,,,,,,,,
-0.395707889363813,-0.161162202871553,,,,,,,,,
-0.101351491037643,0.18840995422502,,,,,,,,,
-0.101351491037643,0.18840995422502,,,,,,,,,
-0.101351491037643,0.18840995422502,,,,,,,,,
-0.101351491037643,0.18840995422502,,,,,,,,,
