RobotX,RobotY,t_GoalX,t_GoalY,t_Informed,t_Rrep,t_Rori,t_Ratt,Var9,nAg,groups
0.327897252584415,-0.160385149225016,-0.0811578648974358,-0.0902861473535383,0.5,0.01,0.12,0.15,V,8,2
0.327897252584415,-0.160385149225016,,,,,,,,,
0.327897252584415,-0.160385149225016,,,,,,,,,
0.327897252584415,-0.160385149225016,,,,,,,,,
-0.439350800788327,-0.108485539505083,,,,,,,,,
-0.439350800788327,-0.108485539505083,,,,,,,,,
-0.439350800788327,-0.108485539505083,,,,,,,,,
-0.439350800788327,-0.108485539505083,,,,,,,,,
