RobotX,RobotY,t_GoalX,t_GoalY,t_Informed,t_Rrep,t_Rori,t_Ratt,Var9,nAg,groups
-0.427422032244236,0.129925150367647,0.0572125329184173,-0.105971887024639,0.5,0.01,0.12,0.15,V,8,2
-0.427422032244236,0.129925150367647,,,,,,,,,
-0.427422032244236,0.129925150367647,,,,,,,,,
-0.427422032244236,0.129925150367647,,,,,,,,,
0.332573381003506,0.112850382421709,,,,,,,,,
0.332573381003506,0.112850382421709,,,,,,,,,
0.332573381003506,0.112850382421709,,,,,,,,,
0.332573381003506,0.112850382421709,,,,,,,,,
