RobotX,RobotY,t_GoalX,t_GoalY,t_Informed,t_Rrep,t_Rori,t_Ratt,Var9,nAg,groups
0.499939739295177,0.0116687165632211,0.193611628440555,-0.0546310430908979,0.5,0.01,0.12,0.15,V,8,2
0.499939739295177,0.0116687165632211,,,,,,,,,
0.499939739295177,0.0116687165632211,,,,,,,,,
0.499939739295177,0.0116687165632211,,,,,,,,,
-0.307126414686531,-0.128776304818257,,,,,,,,,
-0.307126414686531,-0.128776304818257,,,,,,,,,
-0.307126414686531,-0.128776304818257,,,,,,,,,
-0.307126414686531,-0.128776304818257,,,,,,,,,
