RobotX,RobotY,t_GoalX,t_GoalY,t_Informed,t_Rrep,t_Rori,t_Ratt,Var9,nAg,groups
-0.0670048147552219,0.00744123760102741,0.299606109168187,0.0938105486109239,0.5,0.01,0.12,0.15,V,8,2
-0.0670048147552219,0.00744123760102741,,,,,,,,,
-0.0670048147552219,0.00744123760102741,,,,,,,,,
-0.0670048147552219,0.00744123760102741,,,,,,,,,
0.496295884982545,-0.198971298935001,,,,,,,,,
0.496295884982545,-0.198971298935001,,,,,,,,,
0.496295884982545,-0.198971298935001,,,,,,,,,
0.496295884982545,-0.198971298935001,,,,,,,,,
