RobotX,RobotY,t_GoalX,t_GoalY,t_Informed,t_Rrep,t_Rori,t_Ratt,Var9,nAg,groups
0.436039341790547,-0.174179218281808,0.218025130456894,0.0844404477681361,0.5,0.01,0.12,0.15,V,8,2
0.436039341790547,-0.174179218281808,,,,,,,,,
0.436039341790547,-0.174179218281808,,,,,,,,,
0.436039341790547,-0.174179218281808,,,,,,,,,
-0.164436581974005,0.0716994161676908,,,,,,,,,
-0.164436581974005,0.0716994161676908,,,,,,,,,
-0.164436581974005,0.0716994161676908,,,,,,,,,
-0.164436581974005,0.0716994161676908,,,,,,,,,
