RobotX,RobotY,t_GoalX,t_GoalY,t_Informed,t_Rrep,t_Rori,t_Ratt,Var9,nAg,groups
-0.219837078469933,0.159195158801887,0.146889066749556,-0.0688268130563219,0.5,0.01,0.12,0.15,V,8,2
-0.219837078469933,0.159195158801887,,,,,,,,,
-0.219837078469933,0.159195158801887,,,,,,,,,
-0.219837078469933,0.159195158801887,,,,,,,,,
-0.319005687853679,-0.159624212307119,,,,,,,,,
-0.319005687853679,-0.159624212307119,,,,,,,,,
-0.319005687853679,-0.159624212307119,,,,,,,,,
-0.319005687853679,-0.159624212307119,,,,,,,,,
