RobotX,RobotY,t_GoalX,t_GoalY,t_Informed,t_Rrep,t_Rori,t_Ratt,Var9,nAg,groups
-0.25560625038745,-0.16602931223305,0.206667916598442,0.049394784456671,0.5,0.01,0.12,0.15,V,8,2
-0.25560625038745,-0.16602931223305,,,,,,,,,
-0.25560625038745,-0.16602931223305,,,,,,,,,
-0.25560625038745,-0.16602931223305,,,,,,,,,
0.499104281109884,-0.0933305077018494,,,,,,,,,
0.499104281109884,-0.0933305077018494,,,,,,,,,
0.499104281109884,-0.0933305077018494,,,,,,,,,
0.499104281109884,-0.0933305077018494,,,,,,,,,
