RobotX,RobotY,t_GoalX,t_GoalY,t_Informed,t_Rrep,t_Rori,t_Ratt,Var9,nAg,groups
-0.45881286307259,0.181759164779063,0.17711249973059,0.0482506765190653,0.5,0.01,0.12,0.15,V,8,2
-0.45881286307259,0.181759164779063,,,,,,,,,
-0.45881286307259,0.181759164779063,,,,,,,,,
-0.45881286307259,0.181759164779063,,,,,,,,,
-0.233604774024775,-0.0768783988440914,,,,,,,,,
-0.233604774024775,-0.0768783988440914,,,,,,,,,
-0.233604774024775,-0.0768783988440914,,,,,,,,,
-0.233604774024775,-0.0768783988440914,,,,,,,,,
