RobotX,RobotY,t_GoalX,t_GoalY,t_Informed,t_Rrep,t_Rori,t_Ratt,Var9,nAg,groups
0.352470247390371,-0.149640667012379,-0.111955497347202,-0.118805010509428,0.5,0.01,0.12,0.15,V,8,2
0.352470247390371,-0.149640667012379,,,,,,,,,
0.352470247390371,-0.149640667012379,,,,,,,,,
0.352470247390371,-0.149640667012379,,,,,,,,,
-0.395615775610449,0.0171855967935134,,,,,,,,,
-0.395615775610449,0.0171855967935134,,,,,,,,,
-0.395615775610449,0.0171855967935134,,,,,,,,,
-0.395615775610449,0.0171855967935134,,,,,,,,,
