RobotX,RobotY,t_GoalX,t_GoalY,t_Informed,t_Rrep,t_Rori,t_Ratt,Var9,nAg,groups
0.00122035596883485,-0.03384204682592,-0.3504940929262,0.0206754603321517,0.5,0.01,0.12,0.15,V,8,2
0.00122035596883485,-0.03384204682592,,,,,,,,,
0.00122035596883485,-0.03384204682592,,,,,,,,,
0.00122035596883485,-0.03384204682592,,,,,,,,,
0.460220838266976,-0.142313490881041,,,,,,,,,
0.460220838266976,-0.142313490881041,,,,,,,,,
0.460220838266976,-0.142313490881041,,,,,,,,,
0.460220838266976,-0.142313490881041,,,,,,,,,
