RobotX,RobotY,t_GoalX,t_GoalY,t_Informed,t_Rrep,t_Rori,t_Ratt,Var9,nAg,groups
0.198118315007407,-0.142923190285976,-0.319615668496986,-0.135271932253988,0.5,0.01,0.12,0.15,V,8,2
0.198118315007407,-0.142923190285976,,,,,,,,,
0.198118315007407,-0.142923190285976,,,,,,,,,
0.198118315007407,-0.142923190285976,,,,,,,,,
0.485921838545007,-0.000197768757689426,,,,,,,,,
0.485921838545007,-0.000197768757689426,,,,,,,,,
0.485921838545007,-0.000197768757689426,,,,,,,,,
0.485921838545007,-0.000197768757689426,,,,,,,,,
