RobotX,RobotY,t_GoalX,t_GoalY,t_Informed,t_Rrep,t_Rori,t_Ratt,Var9,nAg,groups
0.429302816154038,-0.121392218900012,-0.266406018489062,-0.0250584709775135,0.5,0.01,0.12,0.15,V,8,2
0.429302816154038,-0.121392218900012,,,,,,,,,
0.429302816154038,-0.121392218900012,,,,,,,,,
0.429302816154038,-0.121392218900012,,,,,,,,,
0.11650354870433,0.150994677550914,,,,,,,,,
0.11650354870433,0.150994677550914,,,,,,,,,
0.11650354870433,0.150994677550914,,,,,,,,,
0.11650354870433,0.150994677550914,,,,,,,,,
