RobotX,RobotY,t_GoalX,t_GoalY,t_Informed,t_Rrep,t_Rori,t_Ratt,Var9,nAg,groups
-0.00695764518946962,-0.189447806607468,0.327238807906214,-0.0877521357425718,0.5,0.01,0.12,0.15,V,8,2
-0.00695764518946962,-0.189447806607468,,,,,,,,,
-0.00695764518946962,-0.189447806607468,,,,,,,,,
-0.00695764518946962,-0.189447806607468,,,,,,,,,
-0.297451569325007,-0.0494174922462748,,,,,,,,,
-0.297451569325007,-0.0494174922462748,,,,,,,,,
-0.297451569325007,-0.0494174922462748,,,,,,,,,
-0.297451569325007,-0.0494174922462748,,,,,,,,,
