RobotX,RobotY,t_GoalX,t_GoalY,t_Informed,t_Rrep,t_Rori,t_Ratt,Var9,nAg,groups
0.382967999414,0.0787568820270187,-0.0435679085548558,-0.109931772662181,0.5,0.01,0.12,0.15,V,8,2
0.382967999414,0.0787568820270187,,,,,,,,,
0.382967999414,0.0787568820270187,,,,,,,,,
0.382967999414,0.0787568820270187,,,,,,,,,
-0.482986138721422,0.115981085476185,,,,,,,,,
-0.482986138721422,0.115981085476185,,,,,,,,,
-0.482986138721422,0.115981085476185,,,,,,,,,
-0.482986138721422,0.115981085476185,,,,,,,,,
