RobotX,RobotY,t_GoalX,t_GoalY,t_Informed,t_Rrep,t_Rori,t_Ratt,Var9,nAg,groups
-0.172782832535204,-0.158978294402579,0.37222930168636,-0.0297100122269011,0.5,0.01,0.12,0.15,V,8,2
-0.172782832535204,-0.158978294402579,,,,,,,,,
-0.172782832535204,-0.158978294402579,,,,,,,,,
-0.172782832535204,-0.158978294402579,,,,,,,,,
-0.475472536432707,-0.0407508099877564,,,,,,,,,
-0.475472536432707,-0.0407508099877564,,,,,,,,,
-0.475472536432707,-0.0407508099877564,,,,,,,,,
-0.475472536432707,-0.0407508099877564,,,,,,,,,
