RobotX,RobotY,t_GoalX,t_GoalY,t_Informed,t_Rrep,t_Rori,t_Ratt,Var9,nAg,groups
-0.167275829028415,0.13914806827857,0.250660308260332,-0.101023444263255,0.5,0.01,0.12,0.15,V,8,2
-0.167275829028415,0.13914806827857,,,,,,,,,
-0.167275829028415,0.13914806827857,,,,,,,,,
-0.167275829028415,0.13914806827857,,,,,,,,,
-0.44666604755793,-0.0449453565785027,,,,,,,,,
-0.44666604755793,-0.0449453565785027,,,,,,,,,
-0.44666604755793,-0.0449453565785027,,,,,,,,,
-0.44666604755793,-0.0449453565785027,,,,,,,,,
