RobotX,RobotY,t_GoalX,t_GoalY,t_Informed,t_Rrep,t_Rori,t_Ratt,Var9,nAg,groups
0.48663068692254,-0.195744367753555,0.23400898464592,0.0282591230163534,0.5,0.01,0.12,0.15,V,8,2
0.48663068692254,-0.195744367753555,,,,,,,,,
0.48663068692254,-0.195744367753555,,,,,,,,,
0.48663068692254,-0.195744367753555,,,,,,,,,
-0.296705082763864,-0.0576798030895532,,,,,,,,,
-0.296705082763864,-0.0576798030895532,,,,,,,,,
-0.296705082763864,-0.0576798030895532,,,,,,,,,
-0.296705082763864,-0.0576798030895532,,,,,,,,,
