RobotX,RobotY,t_GoalX,t_GoalY,t_Informed,t_Rrep,t_Rori,t_Ratt,Var9,nAg,groups
0.433523047195491,-0.0764519524437825,0.118310391845571,0.097161105010011,0.5,0.01,0.12,0.15,V,8,2
0.433523047195491,-0.0764519524437825,,,,,,,,,
0.433523047195491,-0.0764519524437825,,,,,,,,,
0.433523047195491,-0.0764519524437825,,,,,,,,,
-0.332587428175418,0.181109728993947,,,,,,,,,
-0.332587428175418,0.181109728993947,,,,,,,,,
-0.332587428175418,0.181109728993947,,,,,,,,,
-0.332587428175418,0.181109728993947,,,,,,,,,
