RobotX,RobotY,t_GoalX,t_GoalY,t_Informed,t_Rrep,t_Rori,t_Ratt,Var9,nAg,groups
-0.375082327243205,0.107184797836198,0.125677628328471,-0.0738781850442208,0.5,0.01,0.12,0.15,V,8,2
-0.375082327243205,0.107184797836198,,,,,,,,,
-0.375082327243205,0.107184797836198,,,,,,,,,
-0.375082327243205,0.107184797836198,,,,,,,,,
0.447061639762424,0.105691695078358,,,,,,,,,
0.447061639762424,0.105691695078358,,,,,,,,,
0.447061639762424,0.105691695078358,,,,,,,,,
0.447061639762424,0.105691695078358,,,,,,,,,
