RobotX,RobotY,t_GoalX,t_GoalY,t_Informed,t_Rrep,t_Rori,t_Ratt,Var9,nAg,groups
0.381238999277214,-0.0475906285855183,-0.00188655377033636,0.0913352804842216,0.5,0.01,0.12,0.15,V,8,2
0.381238999277214,-0.0475906285855183,,,,,,,,,
0.381238999277214,-0.0475906285855183,,,,,,,,,
0.381238999277214,-0.0475906285855183,,,,,,,,,
0.108562667075546,-0.196567221913785,,,,,,,,,
0.108562667075546,-0.196567221913785,,,,,,,,,
0.108562667075546,-0.196567221913785,,,,,,,,,
0.108562667075546,-0.196567221913785,,,,,,,,,
