RobotX,RobotY,t_GoalX,t_GoalY,t_Informed,t_Rrep,t_Rori,t_Ratt,Var9,nAg,groups
0.380939715271709,-0.00104518308318524,-0.129424002796173,0.130758280048128,0.5,0.01,0.12,0.15,V,8,2
0.380939715271709,-0.00104518308318524,,,,,,,,,
0.380939715271709,-0.00104518308318524,,,,,,,,,
0.380939715271709,-0.00104518308318524,,,,,,,,,
-0.498370893151764,-0.186876953111622,,,,,,,,,
-0.498370893151764,-0.186876953111622,,,,,,,,,
-0.498370893151764,-0.186876953111622,,,,,,,,,
-0.498370893151764,-0.186876953111622,,,,,,,,,
