RobotX,RobotY,t_GoalX,t_GoalY,t_Informed,t_Rrep,t_Rori,t_Ratt,Var9,nAg,groups
-0.229921510646044,-0.171321141947773,0.0839087473238086,0.079768142658516,0.5,0.01,0.12,0.15,V,8,2
-0.229921510646044,-0.171321141947773,,,,,,,,,
-0.229921510646044,-0.171321141947773,,,,,,,,,
-0.229921510646044,-0.171321141947773,,,,,,,,,
0.412494524226517,-0.0947447999395025,,,,,,,,,
0.412494524226517,-0.0947447999395025,,,,,,,,,
0.412494524226517,-0.0947447999395025,,,,,,,,,
0.412494524226517,-0.0947447999395025,,,,,,,,,
