RobotX,RobotY,t_GoalX,t_GoalY,t_Informed,t_Rrep,t_Rori,t_Ratt,Var9,nAg,groups
-0.11242686674823,0.181112632336289,0.154795235898426,-0.0633933269117317,0.5,0.01,0.12,0.15,V,8,2
-0.11242686674823,0.181112632336289,,,,,,,,,
-0.11242686674823,0.181112632336289,,,,,,,,,
-0.11242686674823,0.181112632336289,,,,,,,,,
0.396045208984902,0.12108578237934,,,,,,,,,
0.396045208984902,0.12108578237934,,,,,,,,,
0.396045208984902,0.12108578237934,,,,,,,,,
0.396045208984902,0.12108578237934,,,,,,,,,
