RobotX,RobotY,t_GoalX,t_GoalY,t_Informed,t_Rrep,t_Rori,t_Ratt,Var9,nAg,groups
-0.414190081065671,-0.050484057844606,0.318198659934334,0.131397572668468,0.5,0.01,0.12,0.15,V,8,2
-0.414190081065671,-0.050484057844606,,,,,,,,,
-0.414190081065671,-0.050484057844606,,,,,,,,,
-0.414190081065671,-0.050484057844606,,,,,,,,,
0.0161899926992715,-0.140822231273275,,,,,,,,,
0.0161899926992715,-0.140822231273275,,,,,,,,,
0.0161899926992715,-0.140822231273275,,,,,,,,,
0.0161899926992715,-0.140822231273275,,,,,,,,,
