RobotX,RobotY,t_GoalX,t_GoalY,t_Informed,t_Rrep,t_Rori,t_Ratt,Var9,nAg,groups
0.465676054796923,0.181854550936754,-0.00436376236719183,0.108637364287945,0.5,0.01,0.12,0.15,V,8,2
0.465676054796923,0.181854550936754,,,,,,,,,
0.465676054796923,0.181854550936754,,,,,,,,,
0.465676054796923,0.181854550936754,,,,,,,,,
-0.149350681493697,-0.163249981787042,,,,,,,,,
-0.149350681493697,-0.163249981787042,,,,,,,,,
-0.149350681493697,-0.163249981787042,,,,,,,,,
-0.149350681493697,-0.163249981787042,,,,,,,,,
