RobotX,RobotY,t_GoalX,t_GoalY,t_Informed,t_Rrep,t_Rori,t_Ratt,Var9,nAg,groups
-0.499325074477361,-0.166147283600143,-0.32592940557791,0.14091592908688,0.5,0.01,0.12,0.15,V,8,2
-0.499325074477361,-0.166147283600143,,,,,,,,,
-0.499325074477361,-0.166147283600143,,,,,,,,,
-0.499325074477361,-0.166147283600143,,,,,,,,,
-0.00122202406318939,-0.0988810013977879,,,,,,,,,
-0.00122202406318939,-0.0988810013977879,,,,,,,,,
-0.00122202406318939,-0.0988810013977879,,,,,,,,,
-0.00122202406318939,-0.0988810013977879,,,,,,,,,
