RobotX,RobotY,t_GoalX,t_GoalY,t_Informed,t_Rrep,t_Rori,t_Ratt,Var9,nAg,groups
-0.419981723243895,-0.129117709632407,0.259935967575891,-0.133759390359435,0.5,0.01,0.12,0.15,V,8,2
-0.419981723243895,-0.129117709632407,,,,,,,,,
-0.419981723243895,-0.129117709632407,,,,,,,,,
-0.419981723243895,-0.129117709632407,,,,,,,,,
-0.277625243216585,0.18782159229605,,,,,,,,,
-0.277625243216585,0.18782159229605,,,,,,,,,
-0.277625243216585,0.18782159229605,,,,,,,,,
-0.277625243216585,0.18782159229605,,,,,,,,,
