RobotX,RobotY,t_GoalX,t_GoalY,t_Informed,t_Rrep,t_Rori,t_Ratt,Var9,nAg,groups
-0.443514861814932,-0.0329544536771713,-0.038732270886774,-0.146223763094903,0.5,0.01,0.12,0.15,V,8,2
-0.443514861814932,-0.0329544536771713,,,,,,,,,
-0.443514861814932,-0.0329544536771713,,,,,,,,,
-0.443514861814932,-0.0329544536771713,,,,,,,,,
0.420802721198083,-0.0498494621772516,,,,,,,,,
0.420802721198083,-0.0498494621772516,,,,,,,,,
0.420802721198083,-0.0498494621772516,,,,,,,,,
0.420802721198083,-0.0498494621772516,,,,,,,,,
