RobotX,RobotY,t_GoalX,t_GoalY,t_Informed,t_Rrep,t_Rori,t_Ratt,Var9,nAg,groups
-0.483709525432167,-0.177704278121894,0.296964577340471,0.0380352094554028,0.5,0.01,0.12,0.15,V,8,2
-0.483709525432167,-0.177704278121894,,,,,,,,,
-0.483709525432167,-0.177704278121894,,,,,,,,,
-0.483709525432167,-0.177704278121894,,,,,,,,,
-0.162781580743877,0.153518124736716,,,,,,,,,
-0.162781580743877,0.153518124736716,,,,,,,,,
-0.162781580743877,0.153518124736716,,,,,,,,,
-0.162781580743877,0.153518124736716,,,,,,,,,
