RobotX,RobotY,t_GoalX,t_GoalY,t_Informed,t_Rrep,t_Rori,t_Ratt,Var9,nAg,groups
0.323193548427016,-0.183993617217743,-0.050668681361654,0.0756121384858259,0.5,0.01,0.12,0.15,V,8,2
0.323193548427016,-0.183993617217743,,,,,,,,,
0.323193548427016,-0.183993617217743,,,,,,,,,
0.323193548427016,-0.183993617217743,,,,,,,,,
-0.357992235109996,0.0219761209055297,,,,,,,,,
-0.357992235109996,0.0219761209055297,,,,,,,,,
-0.357992235109996,0.0219761209055297,,,,,,,,,
-0.357992235109996,0.0219761209055297,,,,,,,,,
