RobotX,RobotY,t_GoalX,t_GoalY,t_Informed,t_Rrep,t_Rori,t_Ratt,Var9,nAg,groups
0.291566241638776,0.109616981066829,-0.388719479653987,0.136880431895783,0.5,0.01,0.12,0.15,V,8,2
0.291566241638776,0.109616981066829,,,,,,,,,
0.291566241638776,0.109616981066829,,,,,,,,,
0.291566241638776,0.109616981066829,,,,,,,,,
-0.0555409884637976,-0.115435926764611,,,,,,,,,
-0.0555409884637976,-0.115435926764611,,,,,,,,,
-0.0555409884637976,-0.115435926764611,,,,,,,,,
-0.0555409884637976,-0.115435926764611,,,,,,,,,
