RobotX,RobotY,t_GoalX,t_GoalY,t_Informed,t_Rrep,t_Rori,t_Ratt,Var9,nAg,groups
-0.470969294830098,-0.115147161128244,0.383556550330896,-0.0969189016703168,0.5,0.01,0.12,0.15,V,8,2
-0.470969294830098,-0.115147161128244,,,,,,,,,
-0.470969294830098,-0.115147161128244,,,,,,,,,
-0.470969294830098,-0.115147161128244,,,,,,,,,
0.0792429062456522,0.00342123755800375,,,,,,,,,
0.0792429062456522,0.00342123755800375,,,,,,,,,
0.0792429062456522,0.00342123755800375,,,,,,,,,
0.0792429062456522,0.00342123755800375,,,,,,,,,
