RobotX,RobotY,t_GoalX,t_GoalY,t_Informed,t_Rrep,t_Rori,t_Ratt,Var9,nAg,groups
0.301145576039974,-0.176793302182332,0.0337794981986808,0.129303108868684,0.5,0.01,0.12,0.15,V,8,2
0.301145576039974,-0.176793302182332,,,,,,,,,
0.301145576039974,-0.176793302182332,,,,,,,,,
0.301145576039974,-0.176793302182332,,,,,,,,,
-0.266648650660371,0.0539444399442639,,,,,,,,,
-0.266648650660371,0.0539444399442639,,,,,,,,,
-0.266648650660371,0.0539444399442639,,,,,,,,,
-0.266648650660371,0.0539444399442639,,,,,,,,,
