RobotX,RobotY,t_GoalX,t_GoalY,t_Informed,t_Rrep,t_Rori,t_Ratt,Var9,nAg,groups
-0.449865928033239,-0.18142584773862,-0.0342467837201664,0.107362710253029,0.5,0.01,0.12,0.15,V,8,2
-0.449865928033239,-0.18142584773862,,,,,,,,,
-0.449865928033239,-0.18142584773862,,,,,,,,,
-0.449865928033239,-0.18142584773862,,,,,,,,,
0.366016211737016,0.072598256059929,,,,,,,,,
0.366016211737016,0.072598256059929,,,,,,,,,
0.366016211737016,0.072598256059929,,,,,,,,,
0.366016211737016,0.072598256059929,,,,,,,,,
