RobotX,RobotY,t_GoalX,t_GoalY,t_Informed,t_Rrep,t_Rori,t_Ratt,Var9,nAg,groups
0.164260315962576,-0.155375720474717,-0.157115485463932,-0.054068544491668,0.5,0.01,0.12,0.15,V,8,2
0.164260315962576,-0.155375720474717,,,,,,,,,
0.164260315962576,-0.155375720474717,,,,,,,,,
0.164260315962576,-0.155375720474717,,,,,,,,,
-0.483252306072308,-0.099532917859318,,,,,,,,,
-0.483252306072308,-0.099532917859318,,,,,,,,,
-0.483252306072308,-0.099532917859318,,,,,,,,,
-0.483252306072308,-0.099532917859318,,,,,,,,,
