RobotX,RobotY,t_GoalX,t_GoalY,t_Informed,t_Rrep,t_Rori,t_Ratt,Var9,nAg,groups
0.30218860713278,0.0578861367416456,-0.0824766014218839,-0.13076385827681,0.5,0.01,0.12,0.15,V,8,2
0.30218860713278,0.0578861367416456,,,,,,,,,
0.30218860713278,0.0578861367416456,,,,,,,,,
0.30218860713278,0.0578861367416456,,,,,,,,,
-0.428859063946321,0.0169997134095304,,,,,,,,,
-0.428859063946321,0.0169997134095304,,,,,,,,,
-0.428859063946321,0.0169997134095304,,,,,,,,,
-0.428859063946321,0.0169997134095304,,,,,,,,,
