RobotX,RobotY,t_GoalX,t_GoalY,t_Informed,t_Rrep,t_Rori,t_Ratt,Var9,nAg,groups
-0.47891579132831,-0.167489576882908,0.26851588289252,0.0977291145437957,0.5,0.01,0.12,0.15,V,8,2
-0.47891579132831,-0.167489576882908,,,,,,,,,
-0.47891579132831,-0.167489576882908,,,,,,,,,
-0.47891579132831,-0.167489576882908,,,,,,,,,
-0.258161594586234,0.0740621730698657,,,,,,,,,
-0.258161594586234,0.0740621730698657,,,,,,,,,
-0.258161594586234,0.0740621730698657,,,,,,,,,
-0.258161594586234,0.0740621730698657,,,,,,,,,
