RobotX,RobotY,t_GoalX,t_GoalY,t_Informed,t_Rrep,t_Rori,t_Ratt,Var9,nAg,groups
-0.202593743981887,-0.108903081114562,0.323673089422119,-0.00289363610896559,0.5,0.01,0.12,0.15,V,8,2
-0.202593743981887,-0.108903081114562,,,,,,,,,
-0.202593743981887,-0.108903081114562,,,,,,,,,
-0.202593743981887,-0.108903081114562,,,,,,,,,
-0.0153326616485535,0.181947307913739,,,,,,,,,
-0.0153326616485535,0.181947307913739,,,,,,,,,
-0.0153326616485535,0.181947307913739,,,,,,,,,
-0.0153326616485535,0.181947307913739,,,,,,,,,
