RobotX,RobotY,t_GoalX,t_GoalY,t_Informed,t_Rrep,t_Rori,t_Ratt,Var9,nAg,groups
-0.462078651479652,0.0700943047595314,0.0615884084155566,0.0060211127462243,0.5,0.01,0.12,0.15,V,8,2
-0.462078651479652,0.0700943047595314,,,,,,,,,
-0.462078651479652,0.0700943047595314,,,,,,,,,
-0.462078651479652,0.0700943047595314,,,,,,,,,
0.458254968089099,-0.137968416202108,,,,,,,,,
0.458254968089099,-0.137968416202108,,,,,,,,,
0.458254968089099,-0.137968416202108,,,,,,,,,
0.458254968089099,-0.137968416202108,,,,,,,,,
