RobotX,RobotY,t_GoalX,t_GoalY,t_Informed,t_Rrep,t_Rori,t_Ratt,Var9,nAg,groups
0.00928846842983666,-0.176131760177923,-0.154667620279305,0.107962747800163,0.5,0.01,0.12,0.15,V,8,2
0.00928846842983666,-0.176131760177923,,,,,,,,,
0.00928846842983666,-0.176131760177923,,,,,,,,,
0.00928846842983666,-0.176131760177923,,,,,,,,,
0.351917818562557,0.0846988282209122,,,,,,,,,
0.351917818562557,0.0846988282209122,,,,,,,,,
0.351917818562557,0.0846988282209122,,,,,,,,,
0.351917818562557,0.0846988282209122,,,,,,,,,
