RobotX,RobotY,t_GoalX,t_GoalY,t_Informed,t_Rrep,t_Rori,t_Ratt,Var9,nAg,groups
-0.255102623087427,0.111242422113852,0.0520336114392948,0.149833603127424,0.5,0.01,0.12,0.15,V,8,2
-0.255102623087427,0.111242422113852,,,,,,,,,
-0.255102623087427,0.111242422113852,,,,,,,,,
-0.255102623087427,0.111242422113852,,,,,,,,,
0.474536792168445,-0.000529051168117162,,,,,,,,,
0.474536792168445,-0.000529051168117162,,,,,,,,,
0.474536792168445,-0.000529051168117162,,,,,,,,,
0.474536792168445,-0.000529051168117162,,,,,,,,,
