RobotX,RobotY,t_GoalX,t_GoalY,t_Informed,t_Rrep,t_Rori,t_Ratt,Var9,nAg,groups
0.478740725067163,0.10497115076841,0.0047249549316109,-0.0383111045667505,0.5,0.01,0.12,0.15,T3,8,2
0.478740725067163,0.10497115076841,,,,,,,,,
0.478740725067163,0.10497115076841,,,,,,,,,
0.478740725067163,0.10497115076841,,,,,,,,,
-0.365175978356146,0.093991381941494,,,,,,,,,
-0.365175978356146,0.093991381941494,,,,,,,,,
-0.365175978356146,0.093991381941494,,,,,,,,,
-0.365175978356146,0.093991381941494,,,,,,,,,
