RobotX,RobotY,t_GoalX,t_GoalY,t_Informed,t_Rrep,t_Rori,t_Ratt,Var9,nAg,groups
-0.254278845094605,-0.134814956168566,0.102196161955614,-0.07886888597924,0.5,0.01,0.12,0.15,T3,8,2
-0.254278845094605,-0.134814956168566,,,,,,,,,
-0.254278845094605,-0.134814956168566,,,,,,,,,
-0.254278845094605,-0.134814956168566,,,,,,,,,
0.469227990085636,-0.144072454475277,,,,,,,,,
0.469227990085636,-0.144072454475277,,,,,,,,,
0.469227990085636,-0.144072454475277,,,,,,,,,
0.469227990085636,-0.144072454475277,,,,,,,,,
