RobotX,RobotY,t_GoalX,t_GoalY,t_Informed,t_Rrep,t_Rori,t_Ratt,Var9,nAg,groups
-0.288778591772684,-0.0732393721367289,0.124893322274858,0.0209491300072961,0.5,0.01,0.12,0.15,T3,8,2
-0.288778591772684,-0.0732393721367289,,,,,,,,,
-0.288778591772684,-0.0732393721367289,,,,,,,,,
-0.288778591772684,-0.0732393721367289,,,,,,,,,
0.451229027547072,0.040876629405966,,,,,,,,,
0.451229027547072,0.040876629405966,,,,,,,,,
0.451229027547072,0.040876629405966,,,,,,,,,
0.451229027547072,0.040876629405966,,,,,,,,,
