RobotX,RobotY,t_GoalX,t_GoalY,t_Informed,t_Rrep,t_Rori,t_Ratt,Var9,nAg,groups
-0.0311592642253269,0.0171427338825235,0.269561806707237,-0.0491833560317494,0.5,0.01,0.12,0.15,T3,8,2
-0.0311592642253269,0.0171427338825235,,,,,,,,,
-0.0311592642253269,0.0171427338825235,,,,,,,,,
-0.0311592642253269,0.0171427338825235,,,,,,,,,
-0.448056442871847,0.173118003812667,,,,,,,,,
-0.448056442871847,0.173118003812667,,,,,,,,,
-0.448056442871847,0.173118003812667,,,,,,,,,
-0.448056442871847,0.173118003812667,,,,,,,,,
