RobotX,RobotY,t_GoalX,t_GoalY,t_Informed,t_Rrep,t_Rori,t_Ratt,Var9,nAg,groups
-0.352511777806825,0.115475206637597,0.219718710205232,0.109103724757304,0.5,0.01,0.12,0.15,T3,8,2
-0.352511777806825,0.115475206637597,,,,,,,,,
-0.352511777806825,0.115475206637597,,,,,,,,,
-0.352511777806825,0.115475206637597,,,,,,,,,
0.0220275581555471,-0.181682610522409,,,,,,,,,
0.0220275581555471,-0.181682610522409,,,,,,,,,
0.0220275581555471,-0.181682610522409,,,,,,,,,
0.0220275581555471,-0.181682610522409,,,,,,,,,
