RobotX,RobotY,t_GoalX,t_GoalY,t_Informed,t_Rrep,t_Rori,t_Ratt,Var9,nAg,groups
-0.473889165047992,-0.0215105654113048,0.0559531597451876,0.0314557469164677,0.5,0.01,0.12,0.15,T3,8,2
-0.473889165047992,-0.0215105654113048,,,,,,,,,
-0.473889165047992,-0.0215105654113048,,,,,,,,,
-0.473889165047992,-0.0215105654113048,,,,,,,,,
0.433581180174347,0.162876418318122,,,,,,,,,
0.433581180174347,0.162876418318122,,,,,,,,,
0.433581180174347,0.162876418318122,,,,,,,,,
0.433581180174347,0.162876418318122,,,,,,,,,
