RobotX,RobotY,t_GoalX,t_GoalY,t_Informed,t_Rrep,t_Rori,t_Ratt,Var9,nAg,groups
-0.240001903802049,0.113107590485015,0.108458686502349,-0.139475049100474,0.5,0.01,0.12,0.15,T3,8,2
-0.240001903802049,0.113107590485015,,,,,,,,,
-0.240001903802049,0.113107590485015,,,,,,,,,
-0.240001903802049,0.113107590485015,,,,,,,,,
-0.213940375902602,-0.189286319402418,,,,,,,,,
-0.213940375902602,-0.189286319402418,,,,,,,,,
-0.213940375902602,-0.189286319402418,,,,,,,,,
-0.213940375902602,-0.189286319402418,,,,,,,,,
