RobotX,RobotY,t_GoalX,t_GoalY,t_Informed,t_Rrep,t_Rori,t_Ratt,Var9,nAg,groups
-0.226389217929751,0.0433742368854338,0.0738066759960286,0.0838749093761628,0.5,0.01,0.12,0.15,T3,8,2
-0.226389217929751,0.0433742368854338,,,,,,,,,
-0.226389217929751,0.0433742368854338,,,,,,,,,
-0.226389217929751,0.0433742368854338,,,,,,,,,
0.405785572917059,0.0101074036806326,,,,,,,,,
0.405785572917059,0.0101074036806326,,,,,,,,,
0.405785572917059,0.0101074036806326,,,,,,,,,
0.405785572917059,0.0101074036806326,,,,,,,,,
