RobotX,RobotY,t_GoalX,t_GoalY,t_Informed,t_Rrep,t_Rori,t_Ratt,Var9,nAg,groups
0.231819469788469,0.186010188522581,-0.385995380886001,-0.0290677934580158,0.5,0.01,0.12,0.15,T3,8,2
0.231819469788469,0.186010188522581,,,,,,,,,
0.231819469788469,0.186010188522581,,,,,,,,,
0.231819469788469,0.186010188522581,,,,,,,,,
0.482695888233725,-0.184900869045315,,,,,,,,,
0.482695888233725,-0.184900869045315,,,,,,,,,
0.482695888233725,-0.184900869045315,,,,,,,,,
0.482695888233725,-0.184900869045315,,,,,,,,,
