RobotX,RobotY,t_GoalX,t_GoalY,t_Informed,t_Rrep,t_Rori,t_Ratt,Var9,nAg,groups
0.218601704112623,0.103583270039748,-0.155412686483143,-0.0590568550940847,0.5,0.01,0.12,0.15,T3,8,2
0.218601704112623,0.103583270039748,,,,,,,,,
0.218601704112623,0.103583270039748,,,,,,,,,
0.218601704112623,0.103583270039748,,,,,,,,,
-0.408729411671779,0.162469768913967,,,,,,,,,
-0.408729411671779,0.162469768913967,,,,,,,,,
-0.408729411671779,0.162469768913967,,,,,,,,,
-0.408729411671779,0.162469768913967,,,,,,,,,
