RobotX,RobotY,t_GoalX,t_GoalY,t_Informed,t_Rrep,t_Rori,t_Ratt,Var9,nAg,groups
-0.48311614644356,-0.0891444905144278,0.0506401842747295,-0.0856324268549917,0.5,0.01,0.12,0.15,T3,8,2
-0.48311614644356,-0.0891444905144278,,,,,,,,,
-0.48311614644356,-0.0891444905144278,,,,,,,,,
-0.48311614644356,-0.0891444905144278,,,,,,,,,
-0.251302354830223,0.190420320865083,,,,,,,,,
-0.251302354830223,0.190420320865083,,,,,,,,,
-0.251302354830223,0.190420320865083,,,,,,,,,
-0.251302354830223,0.190420320865083,,,,,,,,,
