RobotX,RobotY,t_GoalX,t_GoalY,t_Informed,t_Rrep,t_Rori,t_Ratt,Var9,nAg,groups
0.295027928006027,0.0399256149392674,-0.0493499050776324,-0.0589833885406348,0.5,0.01,0.12,0.15,T3,8,2
0.295027928006027,0.0399256149392674,,,,,,,,,
0.295027928006027,0.0399256149392674,,,,,,,,,
0.295027928006027,0.0399256149392674,,,,,,,,,
-0.494793739393826,-0.0350442979238347,,,,,,,,,
-0.494793739393826,-0.0350442979238347,,,,,,,,,
-0.494793739393826,-0.0350442979238347,,,,,,,,,
-0.494793739393826,-0.0350442979238347,,,,,,,,,
