RobotX,RobotY,t_GoalX,t_GoalY,t_Informed,t_Rrep,t_Rori,t_Ratt,Var9,nAg,groups
0.483021087381757,-0.155929359689348,0.131851511102481,-0.0595141036695057,0.5,0.01,0.12,0.15,T3,8,2
0.483021087381757,-0.155929359689348,,,,,,,,,
0.483021087381757,-0.155929359689348,,,,,,,,,
0.483021087381757,-0.155929359689348,,,,,,,,,
-0.317835324607887,0.120626192710644,,,,,,,,,
-0.317835324607887,0.120626192710644,,,,,,,,,
-0.317835324607887,0.120626192710644,,,,,,,,,
-0.317835324607887,0.120626192710644,,,,,,,,,
