RobotX,RobotY,t_GoalX,t_GoalY,t_Informed,t_Rrep,t_Rori,t_Ratt,Var9,nAg,groups
0.195621686136457,-0.0323935702303109,-0.110905693375274,-0.000895796644616309,0.5,0.01,0.12,0.15,T3,8,2
0.195621686136457,-0.0323935702303109,,,,,,,,,
0.195621686136457,-0.0323935702303109,,,,,,,,,
0.195621686136457,-0.0323935702303109,,,,,,,,,
-0.492266673830827,0.0654757894194079,,,,,,,,,
-0.492266673830827,0.0654757894194079,,,,,,,,,
-0.492266673830827,0.0654757894194079,,,,,,,,,
-0.492266673830827,0.0654757894194079,,,,,,,,,
