RobotX,RobotY,t_GoalX,t_GoalY,t_Informed,t_Rrep,t_Rori,t_Ratt,Var9,nAg,groups
-0.494173813638532,0.177804375295144,-0.276393951817764,-0.069479398111743,0.5,0.01,0.12,0.15,T3,8,2
-0.494173813638532,0.177804375295144,,,,,,,,,
-0.494173813638532,0.177804375295144,,,,,,,,,
-0.494173813638532,0.177804375295144,,,,,,,,,
0.0899259494524279,0.119291032780888,,,,,,,,,
0.0899259494524279,0.119291032780888,,,,,,,,,
0.0899259494524279,0.119291032780888,,,,,,,,,
0.0899259494524279,0.119291032780888,,,,,,,,,
