RobotX,RobotY,t_GoalX,t_GoalY,t_Informed,t_Rrep,t_Rori,t_Ratt,Var9,nAg,groups
0.162224570166043,-0.0589407247975513,-0.281797945772947,0.0879243524749093,0.5,0.01,0.12,0.15,T3,8,2
0.162224570166043,-0.0589407247975513,,,,,,,,,
0.162224570166043,-0.0589407247975513,,,,,,,,,
0.162224570166043,-0.0589407247975513,,,,,,,,,
0.485389620764935,0.15613663931769,,,,,,,,,
0.485389620764935,0.15613663931769,,,,,,,,,
0.485389620764935,0.15613663931769,,,,,,,,,
0.485389620764935,0.15613663931769,,,,,,,,,
