RobotX,RobotY,t_GoalX,t_GoalY,t_Informed,t_Rrep,t_Rori,t_Ratt,Var9,nAg,groups
-0.42800367635534,0.172697830620471,0.222113949686022,-0.10588853901982,0.5,0.01,0.12,0.15,T3,8,2
-0.42800367635534,0.172697830620471,,,,,,,,,
-0.42800367635534,0.172697830620471,,,,,,,,,
-0.42800367635534,0.172697830620471,,,,,,,,,
0.470861527566464,0.072268727573103,,,,,,,,,
0.470861527566464,0.072268727573103,,,,,,,,,
0.470861527566464,0.072268727573103,,,,,,,,,
0.470861527566464,0.072268727573103,,,,,,,,,
