RobotX,RobotY,t_GoalX,t_GoalY,t_Informed,t_Rrep,t_Rori,t_Ratt,Var9,nAg,groups
-0.316673004616475,-0.0886645041419281,0.263174191021058,0.113701341921638,0.5,0.01,0.12,0.15,T3,8,2
-0.316673004616475,-0.0886645041419281,,,,,,,,,
-0.316673004616475,-0.0886645041419281,,,,,,,,,
-0.316673004616475,-0.0886645041419281,,,,,,,,,
-0.103661938211029,0.156104885529157,,,,,,,,,
-0.103661938211029,0.156104885529157,,,,,,,,,
-0.103661938211029,0.156104885529157,,,,,,,,,
-0.103661938211029,0.156104885529157,,,,,,,,,
