RobotX,RobotY,t_GoalX,t_GoalY,t_Informed,t_Rrep,t_Rori,t_Ratt,Var9,nAg,groups
0.158896698845049,-0.0829770602990017,-0.281912427923035,-0.109839246575762,0.5,0.01,0.12,0.15,T3,8,2
0.158896698845049,-0.0829770602990017,,,,,,,,,
0.158896698845049,-0.0829770602990017,,,,,,,,,
0.158896698845049,-0.0829770602990017,,,,,,,,,
0.487661621570526,0.0700956111297054,,,,,,,,,
0.487661621570526,0.0700956111297054,,,,,,,,,
0.487661621570526,0.0700956111297054,,,,,,,,,
0.487661621570526,0.0700956111297054,,,,,,,,,
