RobotX,RobotY,t_GoalX,t_GoalY,t_Informed,t_Rrep,t_Rori,t_Ratt,Var9,nAg,groups
0.46469677508161,0.186017959926352,0.144926931994917,0.0631082327345965,0.5,0.01,0.12,0.15,T3,8,2
0.46469677508161,0.186017959926352,,,,,,,,,
0.46469677508161,0.186017959926352,,,,,,,,,
0.46469677508161,0.186017959926352,,,,,,,,,
-0.179936146239819,-0.00704604446673521,,,,,,,,,
-0.179936146239819,-0.00704604446673521,,,,,,,,,
-0.179936146239819,-0.00704604446673521,,,,,,,,,
-0.179936146239819,-0.00704604446673521,,,,,,,,,
