RobotX,RobotY,t_GoalX,t_GoalY,t_Informed,t_Rrep,t_Rori,t_Ratt,Var9,nAg,groups
0.142714837147051,0.128675746890723,-0.33319149222358,-0.0789380742317074,0.5,0.01,0.12,0.15,T3,8,2
0.142714837147051,0.128675746890723,,,,,,,,,
0.142714837147051,0.128675746890723,,,,,,,,,
0.142714837147051,0.128675746890723,,,,,,,,,
0.0260965468099384,-0.167915983937613,,,,,,,,,
0.0260965468099384,-0.167915983937613,,,,,,,,,
0.0260965468099384,-0.167915983937613,,,,,,,,,
0.0260965468099384,-0.167915983937613,,,,,,,,,
