RobotX,RobotY,t_GoalX,t_GoalY,t_Informed,t_Rrep,t_Rori,t_Ratt,Var9,nAg,groups
0.443146886528368,-0.196055283975029,-0.0760905688888192,0.0207341042764855,0.5,0.01,0.12,0.15,T3,8,2
0.443146886528368,-0.196055283975029,,,,,,,,,
0.443146886528368,-0.196055283975029,,,,,,,,,
0.443146886528368,-0.196055283975029,,,,,,,,,
0.378165171346378,0.133252212265775,,,,,,,,,
0.378165171346378,0.133252212265775,,,,,,,,,
0.378165171346378,0.133252212265775,,,,,,,,,
0.378165171346378,0.133252212265775,,,,,,,,,
