RobotX,RobotY,t_GoalX,t_GoalY,t_Informed,t_Rrep,t_Rori,t_Ratt,Var9,nAg,groups
-0.372413113218909,0.187812559132923,0.382546528506325,-0.129585818092249,0.5,0.01,0.12,0.15,T3,8,2
-0.372413113218909,0.187812559132923,,,,,,,,,
-0.372413113218909,0.187812559132923,,,,,,,,,
-0.372413113218909,0.187812559132923,,,,,,,,,
0.178104980958656,0.151295062814761,,,,,,,,,
0.178104980958656,0.151295062814761,,,,,,,,,
0.178104980958656,0.151295062814761,,,,,,,,,
0.178104980958656,0.151295062814761,,,,,,,,,
