RobotX,RobotY,t_GoalX,t_GoalY,t_Informed,t_Rrep,t_Rori,t_Ratt,Var9,nAg,groups
0.0631390996934145,-0.184603034908618,-0.250036946458624,-0.0120592637682967,0.5,0.01,0.12,0.15,T3,8,2
0.0631390996934145,-0.184603034908618,,,,,,,,,
0.0631390996934145,-0.184603034908618,,,,,,,,,
0.0631390996934145,-0.184603034908618,,,,,,,,,
0.461405584404298,0.0498977376434419,,,,,,,,,
0.461405584404298,0.0498977376434419,,,,,,,,,
0.461405584404298,0.0498977376434419,,,,,,,,,
0.461405584404298,0.0498977376434419,,,,,,,,,
