RobotX,RobotY,t_GoalX,t_GoalY,t_Informed,t_Rrep,t_Rori,t_Ratt,Var9,nAg,groups
0.300416241314781,-0.0340828674043474,-0.381175034312056,0.0849088222191502,0.5,0.01,0.12,0.15,T3,8,2
0.300416241314781,-0.0340828674043474,,,,,,,,,
0.300416241314781,-0.0340828674043474,,,,,,,,,
0.300416241314781,-0.0340828674043474,,,,,,,,,
0.0168112626796281,-0.157343493140135,,,,,,,,,
0.0168112626796281,-0.157343493140135,,,,,,,,,
0.0168112626796281,-0.157343493140135,,,,,,,,,
0.0168112626796281,-0.157343493140135,,,,,,,,,
