RobotX,RobotY,t_GoalX,t_GoalY,t_Informed,t_Rrep,t_Rori,t_Ratt,Var9,nAg,groups
0.0693505115899226,-0.167714164480553,0.329773561802513,0.0768139533548725,0.5,0.01,0.12,0.15,T3,8,2
0.0693505115899226,-0.167714164480553,,,,,,,,,
0.0693505115899226,-0.167714164480553,,,,,,,,,
0.0693505115899226,-0.167714164480553,,,,,,,,,
-0.360943659351306,-0.0297226016672648,,,,,,,,,
-0.360943659351306,-0.0297226016672648,,,,,,,,,
-0.360943659351306,-0.0297226016672648,,,,,,,,,
-0.360943659351306,-0.0297226016672648,,,,,,,,,
