RobotX,RobotY,t_GoalX,t_GoalY,t_Informed,t_Rrep,t_Rori,t_Ratt,Var9,nAg,groups
-0.398016903870572,0.182229853661286,0.159826405436741,-0.0207086465432872,0.5,0.01,0.12,0.15,T3,8,2
-0.398016903870572,0.182229853661286,,,,,,,,,
-0.398016903870572,0.182229853661286,,,,,,,,,
-0.398016903870572,0.182229853661286,,,,,,,,,
-0.191699298021566,-0.0690424979841085,,,,,,,,,
-0.191699298021566,-0.0690424979841085,,,,,,,,,
-0.191699298021566,-0.0690424979841085,,,,,,,,,
-0.191699298021566,-0.0690424979841085,,,,,,,,,
