RobotX,RobotY,t_GoalX,t_GoalY,t_Informed,t_Rrep,t_Rori,t_Ratt,Var9,nAg,groups
-0.469894286446643,-0.194963212803901,0.226524349081478,-0.00223314393947124,0.5,0.01,0.12,0.15,T3,8,2
-0.469894286446643,-0.194963212803901,,,,,,,,,
-0.469894286446643,-0.194963212803901,,,,,,,,,
-0.469894286446643,-0.194963212803901,,,,,,,,,
-0.381311914666941,0.150689170098555,,,,,,,,,
-0.381311914666941,0.150689170098555,,,,,,,,,
-0.381311914666941,0.150689170098555,,,,,,,,,
-0.381311914666941,0.150689170098555,,,,,,,,,
