RobotX,RobotY,t_GoalX,t_GoalY,t_Informed,t_Rrep,t_Rori,t_Ratt,Var9,nAg,groups
0.41572147059268,0.19083863737438,-0.349426447754271,0.0432865249790584,0.5,0.01,0.12,0.15,T3,8,2
0.41572147059268,0.19083863737438,,,,,,,,,
0.41572147059268,0.19083863737438,,,,,,,,,
0.41572147059268,0.19083863737438,,,,,,,,,
0.0490000935720324,-0.169151689364851,,,,,,,,,
0.0490000935720324,-0.169151689364851,,,,,,,,,
0.0490000935720324,-0.169151689364851,,,,,,,,,
0.0490000935720324,-0.169151689364851,,,,,,,,,
