RobotX,RobotY,t_GoalX,t_GoalY,t_Informed,t_Rrep,t_Rori,t_Ratt,Var9,nAg,groups
0.498613006447396,-0.154239770683461,-0.171649821365329,0.137810667029793,0.5,0.01,0.12,0.15,T3,8,2
0.498613006447396,-0.154239770683461,,,,,,,,,
0.498613006447396,-0.154239770683461,,,,,,,,,
0.498613006447396,-0.154239770683461,,,,,,,,,
0.218537323036555,0.176882138583215,,,,,,,,,
0.218537323036555,0.176882138583215,,,,,,,,,
0.218537323036555,0.176882138583215,,,,,,,,,
0.218537323036555,0.176882138583215,,,,,,,,,
