RobotX,RobotY,t_GoalX,t_GoalY,t_Informed,t_Rrep,t_Rori,t_Ratt,Var9,nAg,groups
-0.427259120272984,0.162105926922678,-0.263603354303961,-0.124861133898392,0.5,0.01,0.12,0.15,T3,8,2
-0.427259120272984,0.162105926922678,,,,,,,,,
-0.427259120272984,0.162105926922678,,,,,,,,,
-0.427259120272984,0.162105926922678,,,,,,,,,
0.250394504156199,0.112228560698619,,,,,,,,,
0.250394504156199,0.112228560698619,,,,,,,,,
0.250394504156199,0.112228560698619,,,,,,,,,
0.250394504156199,0.112228560698619,,,,,,,,,
