RobotX,RobotY,t_GoalX,t_GoalY,t_Informed,t_Rrep,t_Rori,t_Ratt,Var9,nAg,groups
-0.418154651467844,0.0401068431283123,0.360610207133656,-0.136210962202608,0.5,0.01,0.12,0.15,T3,8,2
-0.418154651467844,0.0401068431283123,,,,,,,,,
-0.418154651467844,0.0401068431283123,,,,,,,,,
-0.418154651467844,0.0401068431283123,,,,,,,,,
-0.0454296517563119,-0.0896409037161038,,,,,,,,,
-0.0454296517563119,-0.0896409037161038,,,,,,,,,
-0.0454296517563119,-0.0896409037161038,,,,,,,,,
-0.0454296517563119,-0.0896409037161038,,,,,,,,,
