RobotX,RobotY,t_GoalX,t_GoalY,t_Informed,t_Rrep,t_Rori,t_Ratt,Var9,nAg,groups
0.395390348849704,0.192010032128556,-0.106129620022879,0.135801135333336,0.5,0.01,0.12,0.15,T3,8,2
0.395390348849704,0.192010032128556,,,,,,,,,
0.395390348849704,0.192010032128556,,,,,,,,,
0.395390348849704,0.192010032128556,,,,,,,,,
-0.413305581356206,-0.0431291298993573,,,,,,,,,
-0.413305581356206,-0.0431291298993573,,,,,,,,,
-0.413305581356206,-0.0431291298993573,,,,,,,,,
-0.413305581356206,-0.0431291298993573,,,,,,,,,
