RobotX,RobotY,t_GoalX,t_GoalY,t_Informed,t_Rrep,t_Rori,t_Ratt,Var9,nAg,groups
-0.465177380183679,-0.0312558320104382,0.333906298033081,-0.143317082153936,0.5,0.01,0.12,0.15,T3,8,2
-0.465177380183679,-0.0312558320104382,,,,,,,,,
-0.465177380183679,-0.0312558320104382,,,,,,,,,
-0.465177380183679,-0.0312558320104382,,,,,,,,,
0.0348946421563748,-0.0966532473829132,,,,,,,,,
0.0348946421563748,-0.0966532473829132,,,,,,,,,
0.0348946421563748,-0.0966532473829132,,,,,,,,,
0.0348946421563748,-0.0966532473829132,,,,,,,,,
