RobotX,RobotY,t_GoalX,t_GoalY,t_Informed,t_Rrep,t_Rori,t_Ratt,Var9,nAg,groups
0.26388810029499,0.19791176713031,-0.204140871056472,-0.0892365093406287,0.5,0.01,0.12,0.15,T3,8,2
0.26388810029499,0.19791176713031,,,,,,,,,
0.26388810029499,0.19791176713031,,,,,,,,,
0.26388810029499,0.19791176713031,,,,,,,,,
0.278810068772502,-0.16589858982675,,,,,,,,,
0.278810068772502,-0.16589858982675,,,,,,,,,
0.278810068772502,-0.16589858982675,,,,,,,,,
0.278810068772502,-0.16589858982675,,,,,,,,,
