RobotX,RobotY,t_GoalX,t_GoalY,t_Informed,t_Rrep,t_Rori,t_Ratt,Var9,nAg,groups
-0.0327655643589295,-0.0821202185157464,0.309220551423083,0.0461102948207944,0.5,0.01,0.12,0.15,T3,8,2
-0.0327655643589295,-0.0821202185157464,,,,,,,,,
-0.0327655643589295,-0.0821202185157464,,,,,,,,,
-0.0327655643589295,-0.0821202185157464,,,,,,,,,
-0.2851328762906,0.190192936658848,,,,,,,,,
-0.2851328762906,0.190192936658848,,,,,,,,,
-0.2851328762906,0.190192936658848,,,,,,,,,
-0.2851328762906,0.190192936658848,,,,,,,,,
