RobotX,RobotY,t_GoalX,t_GoalY,t_Informed,t_Rrep,t_Rori,t_Ratt,Var9,nAg,groups
-0.37067102743017,0.0833201721784015,0.384984312755553,-0.0767695644962085,0.5,0.01,0.12,0.15,T3,8,2
-0.37067102743017,0.0833201721784015,,,,,,,,,
-0.37067102743017,0.0833201721784015,,,,,,,,,
-0.37067102743017,0.0833201721784015,,,,,,,,,
-0.0311807175045549,-0.173221726475867,,,,,,,,,
-0.0311807175045549,-0.173221726475867,,,,,,,,,
-0.0311807175045549,-0.173221726475867,,,,,,,,,
-0.0311807175045549,-0.173221726475867,,,,,,,,,
