RobotX,RobotY,t_GoalX,t_GoalY,t_Informed,t_Rrep,t_Rori,t_Ratt,Var9,nAg,groups
0.223516007784731,-0.0151488789034307,-0.10510897436493,0.0126681027517869,0.5,0.01,0.12,0.15,T3,8,2
0.223516007784731,-0.0151488789034307,,,,,,,,,
0.223516007784731,-0.0151488789034307,,,,,,,,,
0.223516007784731,-0.0151488789034307,,,,,,,,,
-0.458737312748576,0.0509313536186894,,,,,,,,,
-0.458737312748576,0.0509313536186894,,,,,,,,,
-0.458737312748576,0.0509313536186894,,,,,,,,,
-0.458737312748576,0.0509313536186894,,,,,,,,,
