RobotX,RobotY,t_GoalX,t_GoalY,t_Informed,t_Rrep,t_Rori,t_Ratt,Var9,nAg,groups
-0.409516686429062,-0.148909789495263,0.353225920259932,0.12044224388935,0.5,0.01,0.12,0.15,T3,8,2
-0.409516686429062,-0.148909789495263,,,,,,,,,
-0.409516686429062,-0.148909789495263,,,,,,,,,
-0.409516686429062,-0.148909789495263,,,,,,,,,
-0.164483020482307,0.0484138511624517,,,,,,,,,
-0.164483020482307,0.0484138511624517,,,,,,,,,
-0.164483020482307,0.0484138511624517,,,,,,,,,
-0.164483020482307,0.0484138511624517,,,,,,,,,
