RobotX,RobotY,t_GoalX,t_GoalY,t_Informed,t_Rrep,t_Rori,t_Ratt,Var9,nAg,groups
-0.440062951714672,0.091683020680504,0.050211948370429,-0.125313500855795,0.5,0.01,0.12,0.15,T3,8,2
-0.440062951714672,0.091683020680504,,,,,,,,,
-0.440062951714672,0.091683020680504,,,,,,,,,
-0.440062951714672,0.091683020680504,,,,,,,,,
0.179395602422094,0.185807411472701,,,,,,,,,
0.179395602422094,0.185807411472701,,,,,,,,,
0.179395602422094,0.185807411472701,,,,,,,,,
0.179395602422094,0.185807411472701,,,,,,,,,
