RobotX,RobotY,t_GoalX,t_GoalY,t_Informed,t_Rrep,t_Rori,t_Ratt,Var9,nAg,groups
-0.475396761607724,-0.0285876339981571,0.017536137721484,0.0882280404827477,0.5,0.01,0.12,0.15,T3,8,2
-0.475396761607724,-0.0285876339981571,,,,,,,,,
-0.475396761607724,-0.0285876339981571,,,,,,,,,
-0.475396761607724,-0.0285876339981571,,,,,,,,,
0.447924330245252,-0.00609621040050437,,,,,,,,,
0.447924330245252,-0.00609621040050437,,,,,,,,,
0.447924330245252,-0.00609621040050437,,,,,,,,,
0.447924330245252,-0.00609621040050437,,,,,,,,,
