RobotX,RobotY,t_GoalX,t_GoalY,t_Informed,t_Rrep,t_Rori,t_Ratt,Var9,nAg,groups
0.150489217831282,0.0670017520833143,-0.39163259324331,0.0457919859862214,0.5,0.01,0.12,0.15,T3,8,2
0.150489217831282,0.0670017520833143,,,,,,,,,
0.150489217831282,0.0670017520833143,,,,,,,,,
0.150489217831282,0.0670017520833143,,,,,,,,,
0.469216378994115,0.0233598592930441,,,,,,,,,
0.469216378994115,0.0233598592930441,,,,,,,,,
0.469216378994115,0.0233598592930441,,,,,,,,,
0.469216378994115,0.0233598592930441,,,,,,,,,
