RobotX,RobotY,t_GoalX,t_GoalY,t_Informed,t_Rrep,t_Rori,t_Ratt,Var9,nAg,groups
0.497710210035584,-0.0259918434579372,-0.186507849540654,0.0530281715390683,0.5,0.01,0.12,0.15,T3,8,2
0.497710210035584,-0.0259918434579372,,,,,,,,,
0.497710210035584,-0.0259918434579372,,,,,,,,,
0.497710210035584,-0.0259918434579372,,,,,,,,,
0.122627176960466,0.129257923029665,,,,,,,,,
0.122627176960466,0.129257923029665,,,,,,,,,
0.122627176960466,0.129257923029665,,,,,,,,,
0.122627176960466,0.129257923029665,,,,,,,,,
