RobotX,RobotY,t_GoalX,t_GoalY,t_Informed,t_Rrep,t_Rori,t_Ratt,Var9,nAg,groups
-0.37757749786374,-0.0725560705866591,-0.027626263309674,-0.136063593327697,0.5,0.01,0.12,0.15,T3,8,2
-0.37757749786374,-0.0725560705866591,,,,,,,,,
-0.37757749786374,-0.0725560705866591,,,,,,,,,
-0.37757749786374,-0.0725560705866591,,,,,,,,,
0.386300528829349,-0.121532262945265,,,,,,,,,
0.386300528829349,-0.121532262945265,,,,,,,,,
0.386300528829349,-0.121532262945265,,,,,,,,,
0.386300528829349,-0.121532262945265,,,,,,,,,
