RobotX,RobotY,t_GoalX,t_GoalY,t_Informed,t_Rrep,t_Rori,t_Ratt,Var9,nAg,groups
0.376004106993054,-0.112086781168306,-0.249226403492838,0.11933061290431,0.5,0.01,0.12,0.15,T3,8,2
0.376004106993054,-0.112086781168306,,,,,,,,,
0.376004106993054,-0.112086781168306,,,,,,,,,
0.376004106993054,-0.112086781168306,,,,,,,,,
0.114085896948593,0.0483911639176908,,,,,,,,,
0.114085896948593,0.0483911639176908,,,,,,,,,
0.114085896948593,0.0483911639176908,,,,,,,,,
0.114085896948593,0.0483911639176908,,,,,,,,,
