RobotX,RobotY,t_GoalX,t_GoalY,t_Informed,t_Rrep,t_Rori,t_Ratt,Var9,nAg,groups
-0.498976244638365,0.179369792866646,-0.031122496779359,0.143767591570302,0.5,0.01,0.12,0.15,T3,8,2
-0.498976244638365,0.179369792866646,,,,,,,,,
-0.498976244638365,0.179369792866646,,,,,,,,,
-0.498976244638365,0.179369792866646,,,,,,,,,
0.390833126423891,-0.0619628952993697,,,,,,,,,
0.390833126423891,-0.0619628952993697,,,,,,,,,
0.390833126423891,-0.0619628952993697,,,,,,,,,
0.390833126423891,-0.0619628952993697,,,,,,,,,
