RobotX,RobotY,t_GoalX,t_GoalY,t_Informed,t_Rrep,t_Rori,t_Ratt,Var9,nAg,groups
-0.49415193291429,-0.177464138050566,0.315951412305486,-0.0101164759264624,0.5,0.01,0.12,0.15,T3,8,2
-0.49415193291429,-0.177464138050566,,,,,,,,,
-0.49415193291429,-0.177464138050566,,,,,,,,,
-0.49415193291429,-0.177464138050566,,,,,,,,,
-0.200133948132768,-0.108521832185869,,,,,,,,,
-0.200133948132768,-0.108521832185869,,,,,,,,,
-0.200133948132768,-0.108521832185869,,,,,,,,,
-0.200133948132768,-0.108521832185869,,,,,,,,,
