RobotX,RobotY,t_GoalX,t_GoalY,t_Informed,t_Rrep,t_Rori,t_Ratt,Var9,nAg,groups
0.463380155337438,0.0884092438108277,0.0906956725721791,0.0743111878225506,0.5,0.01,0.12,0.15,T3,8,2
0.463380155337438,0.0884092438108277,,,,,,,,,
0.463380155337438,0.0884092438108277,,,,,,,,,
0.463380155337438,0.0884092438108277,,,,,,,,,
-0.441801464384597,0.0750667203093755,,,,,,,,,
-0.441801464384597,0.0750667203093755,,,,,,,,,
-0.441801464384597,0.0750667203093755,,,,,,,,,
-0.441801464384597,0.0750667203093755,,,,,,,,,
