RobotX,RobotY,t_GoalX,t_GoalY,t_Informed,t_Rrep,t_Rori,t_Ratt,Var9,nAg,groups
-0.483725319987669,-0.109450277935426,0.386313302998842,0.117409701526621,0.5,0.01,0.12,0.15,T3,8,2
-0.483725319987669,-0.109450277935426,,,,,,,,,
-0.483725319987669,-0.109450277935426,,,,,,,,,
-0.483725319987669,-0.109450277935426,,,,,,,,,
0.0301968419333889,-0.0663548135294301,,,,,,,,,
0.0301968419333889,-0.0663548135294301,,,,,,,,,
0.0301968419333889,-0.0663548135294301,,,,,,,,,
0.0301968419333889,-0.0663548135294301,,,,,,,,,
