RobotX,RobotY,t_GoalX,t_GoalY,t_Informed,t_Rrep,t_Rori,t_Ratt,Var9,nAg,groups
-0.00445016667027065,0.0854319986654581,-0.345884995760939,0.139262592260442,0.5,0.01,0.12,0.15,T3,8,2
-0.00445016667027065,0.0854319986654581,,,,,,,,,
-0.00445016667027065,0.0854319986654581,,,,,,,,,
-0.00445016667027065,0.0854319986654581,,,,,,,,,
-0.387979358139588,-0.196589957332606,,,,,,,,,
-0.387979358139588,-0.196589957332606,,,,,,,,,
-0.387979358139588,-0.196589957332606,,,,,,,,,
-0.387979358139588,-0.196589957332606,,,,,,,,,
