RobotX,RobotY,t_GoalX,t_GoalY,t_Informed,t_Rrep,t_Rori,t_Ratt,Var9,nAg,groups
-0.440202539722903,0.130059816046332,0.375116867149865,-0.119067892127182,0.5,0.01,0.12,0.15,T3,8,2
-0.440202539722903,0.130059816046332,,,,,,,,,
-0.440202539722903,0.130059816046332,,,,,,,,,
-0.440202539722903,0.130059816046332,,,,,,,,,
-0.211802009219926,-0.153455693338575,,,,,,,,,
-0.211802009219926,-0.153455693338575,,,,,,,,,
-0.211802009219926,-0.153455693338575,,,,,,,,,
-0.211802009219926,-0.153455693338575,,,,,,,,,
