RobotX,RobotY,t_GoalX,t_GoalY,t_Informed,t_Rrep,t_Rori,t_Ratt,Var9,nAg,groups
-0.141270283782857,-0.09727440862533,-0.370707973385555,0.0997984417972044,0.5,0.01,0.12,0.15,T3,8,2
-0.141270283782857,-0.09727440862533,,,,,,,,,
-0.141270283782857,-0.09727440862533,,,,,,,,,
-0.141270283782857,-0.09727440862533,,,,,,,,,
0.448634539936654,0.0217047405735185,,,,,,,,,
0.448634539936654,0.0217047405735185,,,,,,,,,
0.448634539936654,0.0217047405735185,,,,,,,,,
0.448634539936654,0.0217047405735185,,,,,,,,,
