RobotX,RobotY,t_GoalX,t_GoalY,t_Informed,t_Rrep,t_Rori,t_Ratt,Var9,nAg,groups
-0.0349260500509663,0.0154998088503576,0.309858805759269,0.00299086332177506,0.5,0.01,0.12,0.15,T3,8,2
-0.0349260500509663,0.0154998088503576,,,,,,,,,
-0.0349260500509663,0.0154998088503576,,,,,,,,,
-0.0349260500509663,0.0154998088503576,,,,,,,,,
-0.415601437531249,-0.056934643356674,,,,,,,,,
-0.415601437531249,-0.056934643356674,,,,,,,,,
-0.415601437531249,-0.056934643356674,,,,,,,,,
-0.415601437531249,-0.056934643356674,,,,,,,,,
