RobotX,RobotY,t_GoalX,t_GoalY,t_Informed,t_Rrep,t_Rori,t_Ratt,Var9,nAg,groups
-0.205861298308754,-0.162049843903935,0.0486347594598484,0.11466789027653,0.5,0.01,0.12,0.15,V,8,1
-0.205861298308754,-0.162049843903935,,,,,,,,,
-0.205861298308754,-0.162049843903935,,,,,,,,,
-0.205861298308754,-0.162049843903935,,,,,,,,,
-0.205861298308754,-0.162049843903935,,,,,,,,,
-0.205861298308754,-0.162049843903935,,,,,,,,,
-0.205861298308754,-0.162049843903935,,,,,,,,,
-0.205861298308754,-0.162049843903935,,,,,,,,,
