RobotX,RobotY,t_GoalX,t_GoalY,t_Informed,t_Rrep,t_Rori,t_Ratt,Var9,nAg,groups
-0.254745553346488,-0.00185582821330915,0.229802299055544,0.119929357056825,0.5,0.01,0.12,0.15,V,8,1
-0.254745553346488,-0.00185582821330915,,,,,,,,,
-0.254745553346488,-0.00185582821330915,,,,,,,,,
-0.254745553346488,-0.00185582821330915,,,,,,,,,
-0.254745553346488,-0.00185582821330915,,,,,,,,,
-0.254745553346488,-0.00185582821330915,,,,,,,,,
-0.254745553346488,-0.00185582821330915,,,,,,,,,
-0.254745553346488,-0.00185582821330915,,,,,,,,,
