RobotX,RobotY,t_GoalX,t_GoalY,t_Informed,t_Rrep,t_Rori,t_Ratt,Var9,nAg,groups
0.15289728239196,0.0977657958139005,-0.319198961294695,0.072966603958517,0.5,0.01,0.12,0.15,V,8,1
0.15289728239196,0.0977657958139005,,,,,,,,,
0.15289728239196,0.0977657958139005,,,,,,,,,
0.15289728239196,0.0977657958139005,,,,,,,,,
0.15289728239196,0.0977657958139005,,,,,,,,,
0.15289728239196,0.0977657958139005,,,,,,,,,
0.15289728239196,0.0977657958139005,,,,,,,,,
0.15289728239196,0.0977657958139005,,,,,,,,,
