RobotX,RobotY,t_GoalX,t_GoalY,t_Informed,t_Rrep,t_Rori,t_Ratt,Var9,nAg,groups
-0.267822465580893,0.0570979396721696,0.186563149627139,0.0901258597889989,0.5,0.01,0.12,0.15,V,8,1
-0.267822465580893,0.0570979396721696,,,,,,,,,
-0.267822465580893,0.0570979396721696,,,,,,,,,
-0.267822465580893,0.0570979396721696,,,,,,,,,
-0.267822465580893,0.0570979396721696,,,,,,,,,
-0.267822465580893,0.0570979396721696,,,,,,,,,
-0.267822465580893,0.0570979396721696,,,,,,,,,
-0.267822465580893,0.0570979396721696,,,,,,,,,
