RobotX,RobotY,t_GoalX,t_GoalY,t_Informed,t_Rrep,t_Rori,t_Ratt,Var9,nAg,groups
0.23536667677594,-0.031994069129738,-0.375685520061523,-0.112552524684239,0.5,0.01,0.12,0.15,V,8,1
0.23536667677594,-0.031994069129738,,,,,,,,,
0.23536667677594,-0.031994069129738,,,,,,,,,
0.23536667677594,-0.031994069129738,,,,,,,,,
0.23536667677594,-0.031994069129738,,,,,,,,,
0.23536667677594,-0.031994069129738,,,,,,,,,
0.23536667677594,-0.031994069129738,,,,,,,,,
0.23536667677594,-0.031994069129738,,,,,,,,,
