RobotX,RobotY,t_GoalX,t_GoalY,t_Informed,t_Rrep,t_Rori,t_Ratt,Var9,nAg,groups
0.153378264653278,-0.189439842527896,0.0723547405880026,0.123521726157804,0.5,0.01,0.12,0.15,V,8,1
0.153378264653278,-0.189439842527896,,,,,,,,,
0.153378264653278,-0.189439842527896,,,,,,,,,
0.153378264653278,-0.189439842527896,,,,,,,,,
0.153378264653278,-0.189439842527896,,,,,,,,,
0.153378264653278,-0.189439842527896,,,,,,,,,
0.153378264653278,-0.189439842527896,,,,,,,,,
0.153378264653278,-0.189439842527896,,,,,,,,,
