RobotX,RobotY,t_GoalX,t_GoalY,t_Informed,t_Rrep,t_Rori,t_Ratt,Var9,nAg,groups
0.0369850003314244,0.0693717557800579,0.3753782188095,-0.104746740588495,0.5,0.01,0.12,0.15,V,8,1
0.0369850003314244,0.0693717557800579,,,,,,,,,
0.0369850003314244,0.0693717557800579,,,,,,,,,
0.0369850003314244,0.0693717557800579,,,,,,,,,
0.0369850003314244,0.0693717557800579,,,,,,,,,
0.0369850003314244,0.0693717557800579,,,,,,,,,
0.0369850003314244,0.0693717557800579,,,,,,,,,
0.0369850003314244,0.0693717557800579,,,,,,,,,
