RobotX,RobotY,t_GoalX,t_GoalY,t_Informed,t_Rrep,t_Rori,t_Ratt,Var9,nAg,groups
-0.303947009995014,-0.0158102327146922,0.337723034208065,0.00568773908904488,0.5,0.01,0.12,0.15,V,8,1
-0.303947009995014,-0.0158102327146922,,,,,,,,,
-0.303947009995014,-0.0158102327146922,,,,,,,,,
-0.303947009995014,-0.0158102327146922,,,,,,,,,
-0.303947009995014,-0.0158102327146922,,,,,,,,,
-0.303947009995014,-0.0158102327146922,,,,,,,,,
-0.303947009995014,-0.0158102327146922,,,,,,,,,
-0.303947009995014,-0.0158102327146922,,,,,,,,,
