RobotX,RobotY,t_GoalX,t_GoalY,t_Informed,t_Rrep,t_Rori,t_Ratt,Var9,nAg,groups
0.39740395351918,0.0253663947586236,-0.12660836691312,0.110391174081974,0.5,0.01,0.12,0.15,V,8,1
0.39740395351918,0.0253663947586236,,,,,,,,,
0.39740395351918,0.0253663947586236,,,,,,,,,
0.39740395351918,0.0253663947586236,,,,,,,,,
0.39740395351918,0.0253663947586236,,,,,,,,,
0.39740395351918,0.0253663947586236,,,,,,,,,
0.39740395351918,0.0253663947586236,,,,,,,,,
0.39740395351918,0.0253663947586236,,,,,,,,,
