RobotX,RobotY,t_GoalX,t_GoalY,t_Informed,t_Rrep,t_Rori,t_Ratt,Var9,nAg,groups
0.445575116594956,0.0731108816536296,-0.167032082165543,-0.0329523360513455,0.5,0.01,0.12,0.15,V,8,1
0.445575116594956,0.0731108816536296,,,,,,,,,
0.445575116594956,0.0731108816536296,,,,,,,,,
0.445575116594956,0.0731108816536296,,,,,,,,,
0.445575116594956,0.0731108816536296,,,,,,,,,
0.445575116594956,0.0731108816536296,,,,,,,,,
0.445575116594956,0.0731108816536296,,,,,,,,,
0.445575116594956,0.0731108816536296,,,,,,,,,
