RobotX,RobotY,t_GoalX,t_GoalY,t_Informed,t_Rrep,t_Rori,t_Ratt,Var9,nAg,groups
-0.407953477395523,0.163343891504306,0.298619785657211,-0.0797081190559617,0.5,0.01,0.12,0.15,V,8,1
-0.407953477395523,0.163343891504306,,,,,,,,,
-0.407953477395523,0.163343891504306,,,,,,,,,
-0.407953477395523,0.163343891504306,,,,,,,,,
-0.407953477395523,0.163343891504306,,,,,,,,,
-0.407953477395523,0.163343891504306,,,,,,,,,
-0.407953477395523,0.163343891504306,,,,,,,,,
-0.407953477395523,0.163343891504306,,,,,,,,,
