RobotX,RobotY,t_GoalX,t_GoalY,t_Informed,t_Rrep,t_Rori,t_Ratt,Var9,nAg,groups
0.274485508916209,-0.151835224820503,-0.0462719558298696,0.023386080290807,0.5,0.01,0.12,0.15,V,8,1
0.274485508916209,-0.151835224820503,,,,,,,,,
0.274485508916209,-0.151835224820503,,,,,,,,,
0.274485508916209,-0.151835224820503,,,,,,,,,
0.274485508916209,-0.151835224820503,,,,,,,,,
0.274485508916209,-0.151835224820503,,,,,,,,,
0.274485508916209,-0.151835224820503,,,,,,,,,
0.274485508916209,-0.151835224820503,,,,,,,,,
