RobotX,RobotY,t_GoalX,t_GoalY,t_Informed,t_Rrep,t_Rori,t_Ratt,Var9,nAg,groups
-0.496802168342858,0.130791049486075,-0.0569947072159663,-0.0591397011637376,0.5,0.01,0.12,0.15,V,8,1
-0.496802168342858,0.130791049486075,,,,,,,,,
-0.496802168342858,0.130791049486075,,,,,,,,,
-0.496802168342858,0.130791049486075,,,,,,,,,
-0.496802168342858,0.130791049486075,,,,,,,,,
-0.496802168342858,0.130791049486075,,,,,,,,,
-0.496802168342858,0.130791049486075,,,,,,,,,
-0.496802168342858,0.130791049486075,,,,,,,,,
