RobotX,RobotY,t_GoalX,t_GoalY,t_Informed,t_Rrep,t_Rori,t_Ratt,Var9,nAg,groups
-0.110907611187756,0.149905542083269,0.295537168787129,-0.0411730979749838,0.5,0.01,0.12,0.15,V,8,1
-0.110907611187756,0.149905542083269,,,,,,,,,
-0.110907611187756,0.149905542083269,,,,,,,,,
-0.110907611187756,0.149905542083269,,,,,,,,,
-0.110907611187756,0.149905542083269,,,,,,,,,
-0.110907611187756,0.149905542083269,,,,,,,,,
-0.110907611187756,0.149905542083269,,,,,,,,,
-0.110907611187756,0.149905542083269,,,,,,,,,
