RobotX,RobotY,t_GoalX,t_GoalY,t_Informed,t_Rrep,t_Rori,t_Ratt,Var9,nAg,groups
-0.169401958277286,0.117781634652654,0.211494752335209,-0.107340659947555,0.5,0.01,0.12,0.15,V,8,1
-0.169401958277286,0.117781634652654,,,,,,,,,
-0.169401958277286,0.117781634652654,,,,,,,,,
-0.169401958277286,0.117781634652654,,,,,,,,,
-0.169401958277286,0.117781634652654,,,,,,,,,
-0.169401958277286,0.117781634652654,,,,,,,,,
-0.169401958277286,0.117781634652654,,,,,,,,,
-0.169401958277286,0.117781634652654,,,,,,,,,
