RobotX,RobotY,t_GoalX,t_GoalY,t_Informed,t_Rrep,t_Rori,t_Ratt,Var9,nAg,groups
-0.317830091026693,-0.180582985326974,0.0923037571815198,0.110017775254098,0.5,0.01,0.12,0.15,V,8,1
-0.317830091026693,-0.180582985326974,,,,,,,,,
-0.317830091026693,-0.180582985326974,,,,,,,,,
-0.317830091026693,-0.180582985326974,,,,,,,,,
-0.317830091026693,-0.180582985326974,,,,,,,,,
-0.317830091026693,-0.180582985326974,,,,,,,,,
-0.317830091026693,-0.180582985326974,,,,,,,,,
-0.317830091026693,-0.180582985326974,,,,,,,,,
