RobotX,RobotY,t_GoalX,t_GoalY,t_Informed,t_Rrep,t_Rori,t_Ratt,Var9,nAg,groups
0.186758602277571,-0.198656775026209,0.322178050590456,0.134720634429825,0.5,0.01,0.12,0.15,V,8,1
0.186758602277571,-0.198656775026209,,,,,,,,,
0.186758602277571,-0.198656775026209,,,,,,,,,
0.186758602277571,-0.198656775026209,,,,,,,,,
0.186758602277571,-0.198656775026209,,,,,,,,,
0.186758602277571,-0.198656775026209,,,,,,,,,
0.186758602277571,-0.198656775026209,,,,,,,,,
0.186758602277571,-0.198656775026209,,,,,,,,,
