RobotX,RobotY,t_GoalX,t_GoalY,t_Informed,t_Rrep,t_Rori,t_Ratt,Var9,nAg,groups
-0.0790686555630975,0.190910538055951,-0.273596225888886,-0.0606946902193222,0.5,0.01,0.12,0.15,V,8,1
-0.0790686555630975,0.190910538055951,,,,,,,,,
-0.0790686555630975,0.190910538055951,,,,,,,,,
-0.0790686555630975,0.190910538055951,,,,,,,,,
-0.0790686555630975,0.190910538055951,,,,,,,,,
-0.0790686555630975,0.190910538055951,,,,,,,,,
-0.0790686555630975,0.190910538055951,,,,,,,,,
-0.0790686555630975,0.190910538055951,,,,,,,,,
