RobotX,RobotY,t_GoalX,t_GoalY,t_Informed,t_Rrep,t_Rori,t_Ratt,Var9,nAg,groups
-0.0792678740310181,0.168768812453988,-0.283599628826918,-0.139907595752483,0.5,0.01,0.12,0.15,V,8,1
-0.0792678740310181,0.168768812453988,,,,,,,,,
-0.0792678740310181,0.168768812453988,,,,,,,,,
-0.0792678740310181,0.168768812453988,,,,,,,,,
-0.0792678740310181,0.168768812453988,,,,,,,,,
-0.0792678740310181,0.168768812453988,,,,,,,,,
-0.0792678740310181,0.168768812453988,,,,,,,,,
-0.0792678740310181,0.168768812453988,,,,,,,,,
