RobotX,RobotY,t_GoalX,t_GoalY,t_Informed,t_Rrep,t_Rori,t_Ratt,Var9,nAg,groups
-0.109451124220482,0.0752682284980011,0.197566893957201,-0.0510893238131151,0.5,0.01,0.12,0.15,V,8,1
-0.109451124220482,0.0752682284980011,,,,,,,,,
-0.109451124220482,0.0752682284980011,,,,,,,,,
-0.109451124220482,0.0752682284980011,,,,,,,,,
-0.109451124220482,0.0752682284980011,,,,,,,,,
-0.109451124220482,0.0752682284980011,,,,,,,,,
-0.109451124220482,0.0752682284980011,,,,,,,,,
-0.109451124220482,0.0752682284980011,,,,,,,,,
