RobotX,RobotY,t_GoalX,t_GoalY,t_Informed,t_Rrep,t_Rori,t_Ratt,Var9,nAg,groups
-0.440714490495589,0.109277488368797,0.391468487643925,-0.0116889260648696,0.5,0.01,0.12,0.15,V,8,1
-0.440714490495589,0.109277488368797,,,,,,,,,
-0.440714490495589,0.109277488368797,,,,,,,,,
-0.440714490495589,0.109277488368797,,,,,,,,,
-0.440714490495589,0.109277488368797,,,,,,,,,
-0.440714490495589,0.109277488368797,,,,,,,,,
-0.440714490495589,0.109277488368797,,,,,,,,,
-0.440714490495589,0.109277488368797,,,,,,,,,
