RobotX,RobotY,t_GoalX,t_GoalY,t_Informed,t_Rrep,t_Rori,t_Ratt,Var9,nAg,groups
0.400486859460536,-0.129224612895925,0.0550614246061973,-0.0230531563661411,0.5,0.01,0.12,0.15,V,8,1
0.400486859460536,-0.129224612895925,,,,,,,,,
0.400486859460536,-0.129224612895925,,,,,,,,,
0.400486859460536,-0.129224612895925,,,,,,,,,
0.400486859460536,-0.129224612895925,,,,,,,,,
0.400486859460536,-0.129224612895925,,,,,,,,,
0.400486859460536,-0.129224612895925,,,,,,,,,
0.400486859460536,-0.129224612895925,,,,,,,,,
