RobotX,RobotY,t_GoalX,t_GoalY,t_Informed,t_Rrep,t_Rori,t_Ratt,Var9,nAg,groups
0.334294288478299,-0.0612081637673535,-0.0745247662772722,-0.0302320799356676,0.5,0.01,0.12,0.15,V,8,1
0.334294288478299,-0.0612081637673535,,,,,,,,,
0.334294288478299,-0.0612081637673535,,,,,,,,,
0.334294288478299,-0.0612081637673535,,,,,,,,,
0.334294288478299,-0.0612081637673535,,,,,,,,,
0.334294288478299,-0.0612081637673535,,,,,,,,,
0.334294288478299,-0.0612081637673535,,,,,,,,,
0.334294288478299,-0.0612081637673535,,,,,,,,,
