RobotX,RobotY,t_GoalX,t_GoalY,t_Informed,t_Rrep,t_Rori,t_Ratt,Var9,nAg,groups
-0.488739707543825,-0.0129793556796194,-0.200234202366849,0.10259436724149,0.5,0.01,0.12,0.15,V,8,1
-0.488739707543825,-0.0129793556796194,,,,,,,,,
-0.488739707543825,-0.0129793556796194,,,,,,,,,
-0.488739707543825,-0.0129793556796194,,,,,,,,,
-0.488739707543825,-0.0129793556796194,,,,,,,,,
-0.488739707543825,-0.0129793556796194,,,,,,,,,
-0.488739707543825,-0.0129793556796194,,,,,,,,,
-0.488739707543825,-0.0129793556796194,,,,,,,,,
