RobotX,RobotY,t_GoalX,t_GoalY,t_Informed,t_Rrep,t_Rori,t_Ratt,Var9,nAg,groups
-0.305152043226956,-0.130018960320112,0.0950615812396511,-0.110164502541357,0.5,0.01,0.12,0.15,V,8,1
-0.305152043226956,-0.130018960320112,,,,,,,,,
-0.305152043226956,-0.130018960320112,,,,,,,,,
-0.305152043226956,-0.130018960320112,,,,,,,,,
-0.305152043226956,-0.130018960320112,,,,,,,,,
-0.305152043226956,-0.130018960320112,,,,,,,,,
-0.305152043226956,-0.130018960320112,,,,,,,,,
-0.305152043226956,-0.130018960320112,,,,,,,,,
