RobotX,RobotY,t_GoalX,t_GoalY,t_Informed,t_Rrep,t_Rori,t_Ratt,Var9,nAg,groups
0.0982277868325466,0.188901168116096,-0.2245978370974,-0.123886732510247,0.5,0.01,0.12,0.15,V,8,1
0.0982277868325466,0.188901168116096,,,,,,,,,
0.0982277868325466,0.188901168116096,,,,,,,,,
0.0982277868325466,0.188901168116096,,,,,,,,,
0.0982277868325466,0.188901168116096,,,,,,,,,
0.0982277868325466,0.188901168116096,,,,,,,,,
0.0982277868325466,0.188901168116096,,,,,,,,,
0.0982277868325466,0.188901168116096,,,,,,,,,
