RobotX,RobotY,t_GoalX,t_GoalY,t_Informed,t_Rrep,t_Rori,t_Ratt,Var9,nAg,groups
-0.46441122006039,0.0113125393997877,0.0940975849763779,-0.048547169968752,0.5,0.01,0.12,0.15,V,8,1
-0.46441122006039,0.0113125393997877,,,,,,,,,
-0.46441122006039,0.0113125393997877,,,,,,,,,
-0.46441122006039,0.0113125393997877,,,,,,,,,
-0.46441122006039,0.0113125393997877,,,,,,,,,
-0.46441122006039,0.0113125393997877,,,,,,,,,
-0.46441122006039,0.0113125393997877,,,,,,,,,
-0.46441122006039,0.0113125393997877,,,,,,,,,
