RobotX,RobotY,t_GoalX,t_GoalY,t_Informed,t_Rrep,t_Rori,t_Ratt,Var9,nAg,groups
-0.333616323589659,0.0582431103327054,-0.00421123838611343,0.0819541757465555,0.5,0.01,0.12,0.15,V,8,1
-0.333616323589659,0.0582431103327054,,,,,,,,,
-0.333616323589659,0.0582431103327054,,,,,,,,,
-0.333616323589659,0.0582431103327054,,,,,,,,,
-0.333616323589659,0.0582431103327054,,,,,,,,,
-0.333616323589659,0.0582431103327054,,,,,,,,,
-0.333616323589659,0.0582431103327054,,,,,,,,,
-0.333616323589659,0.0582431103327054,,,,,,,,,
