RobotX,RobotY,t_GoalX,t_GoalY,t_Informed,t_Rrep,t_Rori,t_Ratt,Var9,nAg,groups
-0.0994918723935413,0.0807070927510388,0.392796758039597,-0.0197043104896611,0.5,0.01,0.12,0.15,V,8,1
-0.0994918723935413,0.0807070927510388,,,,,,,,,
-0.0994918723935413,0.0807070927510388,,,,,,,,,
-0.0994918723935413,0.0807070927510388,,,,,,,,,
-0.0994918723935413,0.0807070927510388,,,,,,,,,
-0.0994918723935413,0.0807070927510388,,,,,,,,,
-0.0994918723935413,0.0807070927510388,,,,,,,,,
-0.0994918723935413,0.0807070927510388,,,,,,,,,
