RobotX,RobotY,t_GoalX,t_GoalY,t_Informed,t_Rrep,t_Rori,t_Ratt,Var9,nAg,groups
-0.237531129191857,0.183603470725447,0.0845035729760891,-0.13370423214704,0.5,0.01,0.12,0.15,V,8,1
-0.237531129191857,0.183603470725447,,,,,,,,,
-0.237531129191857,0.183603470725447,,,,,,,,,
-0.237531129191857,0.183603470725447,,,,,,,,,
-0.237531129191857,0.183603470725447,,,,,,,,,
-0.237531129191857,0.183603470725447,,,,,,,,,
-0.237531129191857,0.183603470725447,,,,,,,,,
-0.237531129191857,0.183603470725447,,,,,,,,,
