RobotX,RobotY,t_GoalX,t_GoalY,t_Informed,t_Rrep,t_Rori,t_Ratt,Var9,nAg,groups
-0.44631154782196,-0.0616933375085749,0.19005508705047,-0.0997237430134665,0.5,0.01,0.12,0.15,V,8,1
-0.44631154782196,-0.0616933375085749,,,,,,,,,
-0.44631154782196,-0.0616933375085749,,,,,,,,,
-0.44631154782196,-0.0616933375085749,,,,,,,,,
-0.44631154782196,-0.0616933375085749,,,,,,,,,
-0.44631154782196,-0.0616933375085749,,,,,,,,,
-0.44631154782196,-0.0616933375085749,,,,,,,,,
-0.44631154782196,-0.0616933375085749,,,,,,,,,
