RobotX,RobotY,t_GoalX,t_GoalY,t_Informed,t_Rrep,t_Rori,t_Ratt,Var9,nAg,groups
0.462386858551455,-0.0461612967386178,0.105827352236706,-0.00440335423912427,0.5,0.01,0.12,0.15,V,8,1
0.462386858551455,-0.0461612967386178,,,,,,,,,
0.462386858551455,-0.0461612967386178,,,,,,,,,
0.462386858551455,-0.0461612967386178,,,,,,,,,
0.462386858551455,-0.0461612967386178,,,,,,,,,
0.462386858551455,-0.0461612967386178,,,,,,,,,
0.462386858551455,-0.0461612967386178,,,,,,,,,
0.462386858551455,-0.0461612967386178,,,,,,,,,
