RobotX,RobotY,t_GoalX,t_GoalY,t_Informed,t_Rrep,t_Rori,t_Ratt,Var9,nAg,groups
0.252785155890323,-0.120669394607751,0.0119977773034083,0.0683710783244784,0.5,0.01,0.12,0.15,V,8,1
0.252785155890323,-0.120669394607751,,,,,,,,,
0.252785155890323,-0.120669394607751,,,,,,,,,
0.252785155890323,-0.120669394607751,,,,,,,,,
0.252785155890323,-0.120669394607751,,,,,,,,,
0.252785155890323,-0.120669394607751,,,,,,,,,
0.252785155890323,-0.120669394607751,,,,,,,,,
0.252785155890323,-0.120669394607751,,,,,,,,,
