RobotX,RobotY,t_GoalX,t_GoalY,t_Informed,t_Rrep,t_Rori,t_Ratt,Var9,nAg,groups
-0.163657498880083,-0.196863292956681,0.311063269001712,0.141051501438276,0.5,0.01,0.12,0.15,V,8,1
-0.163657498880083,-0.196863292956681,,,,,,,,,
-0.163657498880083,-0.196863292956681,,,,,,,,,
-0.163657498880083,-0.196863292956681,,,,,,,,,
-0.163657498880083,-0.196863292956681,,,,,,,,,
-0.163657498880083,-0.196863292956681,,,,,,,,,
-0.163657498880083,-0.196863292956681,,,,,,,,,
-0.163657498880083,-0.196863292956681,,,,,,,,,
