RobotX,RobotY,t_GoalX,t_GoalY,t_Informed,t_Rrep,t_Rori,t_Ratt,Var9,nAg,groups
-0.108021001745546,0.100739540151868,0.39085630591812,-0.0453191060510201,0.5,0.01,0.12,0.15,V,8,1
-0.108021001745546,0.100739540151868,,,,,,,,,
-0.108021001745546,0.100739540151868,,,,,,,,,
-0.108021001745546,0.100739540151868,,,,,,,,,
-0.108021001745546,0.100739540151868,,,,,,,,,
-0.108021001745546,0.100739540151868,,,,,,,,,
-0.108021001745546,0.100739540151868,,,,,,,,,
-0.108021001745546,0.100739540151868,,,,,,,,,
