RobotX,RobotY,t_GoalX,t_GoalY,t_Informed,t_Rrep,t_Rori,t_Ratt,Var9,nAg,groups
0.387782475305683,0.172066526487423,0.00781154682574758,0.104190520506666,0.5,0.01,0.12,0.15,V,8,1
0.387782475305683,0.172066526487423,,,,,,,,,
0.387782475305683,0.172066526487423,,,,,,,,,
0.387782475305683,0.172066526487423,,,,,,,,,
0.387782475305683,0.172066526487423,,,,,,,,,
0.387782475305683,0.172066526487423,,,,,,,,,
0.387782475305683,0.172066526487423,,,,,,,,,
0.387782475305683,0.172066526487423,,,,,,,,,
