RobotX,RobotY,t_GoalX,t_GoalY,t_Informed,t_Rrep,t_Rori,t_Ratt,Var9,nAg,groups
0.351873817698092,0.18753951880531,-0.35951031511888,0.0411483925349297,0.5,0.01,0.12,0.15,V,8,1
0.351873817698092,0.18753951880531,,,,,,,,,
0.351873817698092,0.18753951880531,,,,,,,,,
0.351873817698092,0.18753951880531,,,,,,,,,
0.351873817698092,0.18753951880531,,,,,,,,,
0.351873817698092,0.18753951880531,,,,,,,,,
0.351873817698092,0.18753951880531,,,,,,,,,
0.351873817698092,0.18753951880531,,,,,,,,,
