RobotX,RobotY,t_GoalX,t_GoalY,t_Informed,t_Rrep,t_Rori,t_Ratt,Var9,nAg,groups
0.0901233430227664,0.192952371391306,0.373246197309397,0.0372860055796537,0.5,0.01,0.12,0.15,V,8,1
0.0901233430227664,0.192952371391306,,,,,,,,,
0.0901233430227664,0.192952371391306,,,,,,,,,
0.0901233430227664,0.192952371391306,,,,,,,,,
0.0901233430227664,0.192952371391306,,,,,,,,,
0.0901233430227664,0.192952371391306,,,,,,,,,
0.0901233430227664,0.192952371391306,,,,,,,,,
0.0901233430227664,0.192952371391306,,,,,,,,,
