RobotX,RobotY,t_GoalX,t_GoalY,t_Informed,t_Rrep,t_Rori,t_Ratt,Var9,nAg,groups
-0.44105395834677,0.0929754345592521,-0.0124469018018478,0.0265271571763352,0.5,0.01,0.12,0.15,V,8,1
-0.44105395834677,0.0929754345592521,,,,,,,,,
-0.44105395834677,0.0929754345592521,,,,,,,,,
-0.44105395834677,0.0929754345592521,,,,,,,,,
-0.44105395834677,0.0929754345592521,,,,,,,,,
-0.44105395834677,0.0929754345592521,,,,,,,,,
-0.44105395834677,0.0929754345592521,,,,,,,,,
-0.44105395834677,0.0929754345592521,,,,,,,,,
