RobotX,RobotY,t_GoalX,t_GoalY,t_Informed,t_Rrep,t_Rori,t_Ratt,Var9,nAg,groups
-0.494063183854082,0.181610862758396,-0.132014195148145,0.12571124825451,0.5,0.01,0.12,0.15,V,8,1
-0.494063183854082,0.181610862758396,,,,,,,,,
-0.494063183854082,0.181610862758396,,,,,,,,,
-0.494063183854082,0.181610862758396,,,,,,,,,
-0.494063183854082,0.181610862758396,,,,,,,,,
-0.494063183854082,0.181610862758396,,,,,,,,,
-0.494063183854082,0.181610862758396,,,,,,,,,
-0.494063183854082,0.181610862758396,,,,,,,,,
