RobotX,RobotY,t_GoalX,t_GoalY,t_Informed,t_Rrep,t_Rori,t_Ratt,Var9,nAg,groups
0.38551972782021,-0.0335267526889845,-0.0493428508375526,-0.0565594434700756,0.5,0.01,0.12,0.15,V,8,1
0.38551972782021,-0.0335267526889845,,,,,,,,,
0.38551972782021,-0.0335267526889845,,,,,,,,,
0.38551972782021,-0.0335267526889845,,,,,,,,,
0.38551972782021,-0.0335267526889845,,,,,,,,,
0.38551972782021,-0.0335267526889845,,,,,,,,,
0.38551972782021,-0.0335267526889845,,,,,,,,,
0.38551972782021,-0.0335267526889845,,,,,,,,,
