RobotX,RobotY,t_GoalX,t_GoalY,t_Informed,t_Rrep,t_Rori,t_Ratt,Var9,nAg,groups
0.380716580100506,0.156584279584028,-0.205743718452145,0.0904324689333737,0.5,0.01,0.12,0.15,V,8,1
0.380716580100506,0.156584279584028,,,,,,,,,
0.380716580100506,0.156584279584028,,,,,,,,,
0.380716580100506,0.156584279584028,,,,,,,,,
0.380716580100506,0.156584279584028,,,,,,,,,
0.380716580100506,0.156584279584028,,,,,,,,,
0.380716580100506,0.156584279584028,,,,,,,,,
0.380716580100506,0.156584279584028,,,,,,,,,
