RobotX,RobotY,t_GoalX,t_GoalY,t_Informed,t_Rrep,t_Rori,t_Ratt,Var9,nAg,groups
0.0269480780807342,0.162043663340152,0.379417966019637,-0.068713867220094,0.5,0.01,0.12,0.15,V,8,1
0.0269480780807342,0.162043663340152,,,,,,,,,
0.0269480780807342,0.162043663340152,,,,,,,,,
0.0269480780807342,0.162043663340152,,,,,,,,,
0.0269480780807342,0.162043663340152,,,,,,,,,
0.0269480780807342,0.162043663340152,,,,,,,,,
0.0269480780807342,0.162043663340152,,,,,,,,,
0.0269480780807342,0.162043663340152,,,,,,,,,
