RobotX,RobotY,t_GoalX,t_GoalY,t_Informed,t_Rrep,t_Rori,t_Ratt,Var9,nAg,groups
0.133151254967859,-0.0197387604949756,-0.33309009062925,0.114333427577776,0.5,0.01,0.12,0.15,V,8,1
0.133151254967859,-0.0197387604949756,,,,,,,,,
0.133151254967859,-0.0197387604949756,,,,,,,,,
0.133151254967859,-0.0197387604949756,,,,,,,,,
0.133151254967859,-0.0197387604949756,,,,,,,,,
0.133151254967859,-0.0197387604949756,,,,,,,,,
0.133151254967859,-0.0197387604949756,,,,,,,,,
0.133151254967859,-0.0197387604949756,,,,,,,,,
