RobotX,RobotY,t_GoalX,t_GoalY,t_Informed,t_Rrep,t_Rori,t_Ratt,Var9,nAg,groups
0.0523124081231084,-0.104644806311366,0.311231245111991,0.139913783168435,0.5,0.01,0.12,0.15,V,8,1
0.0523124081231084,-0.104644806311366,,,,,,,,,
0.0523124081231084,-0.104644806311366,,,,,,,,,
0.0523124081231084,-0.104644806311366,,,,,,,,,
0.0523124081231084,-0.104644806311366,,,,,,,,,
0.0523124081231084,-0.104644806311366,,,,,,,,,
0.0523124081231084,-0.104644806311366,,,,,,,,,
0.0523124081231084,-0.104644806311366,,,,,,,,,
