RobotX,RobotY,t_GoalX,t_GoalY,t_Informed,t_Rrep,t_Rori,t_Ratt,Var9,nAg,groups
0.327527127044416,0.13202881450499,-0.00503441867876714,-0.104454303319227,0.5,0.01,0.12,0.15,V,8,1
0.327527127044416,0.13202881450499,,,,,,,,,
0.327527127044416,0.13202881450499,,,,,,,,,
0.327527127044416,0.13202881450499,,,,,,,,,
0.327527127044416,0.13202881450499,,,,,,,,,
0.327527127044416,0.13202881450499,,,,,,,,,
0.327527127044416,0.13202881450499,,,,,,,,,
0.327527127044416,0.13202881450499,,,,,,,,,
