RobotX,RobotY,t_GoalX,t_GoalY,t_Informed,t_Rrep,t_Rori,t_Ratt,Var9,nAg,groups
0.201627657284931,0.102166787114299,-0.262474519470914,-0.0340945366296377,0.5,0.01,0.12,0.15,V,8,1
0.201627657284931,0.102166787114299,,,,,,,,,
0.201627657284931,0.102166787114299,,,,,,,,,
0.201627657284931,0.102166787114299,,,,,,,,,
0.201627657284931,0.102166787114299,,,,,,,,,
0.201627657284931,0.102166787114299,,,,,,,,,
0.201627657284931,0.102166787114299,,,,,,,,,
0.201627657284931,0.102166787114299,,,,,,,,,
