RobotX,RobotY,t_GoalX,t_GoalY,t_Informed,t_Rrep,t_Rori,t_Ratt,Var9,nAg,groups
0.395623136835352,0.181100204497425,-0.0638450519035172,-0.0211088748005193,0.5,0.01,0.12,0.15,V,8,1
0.395623136835352,0.181100204497425,,,,,,,,,
0.395623136835352,0.181100204497425,,,,,,,,,
0.395623136835352,0.181100204497425,,,,,,,,,
0.395623136835352,0.181100204497425,,,,,,,,,
0.395623136835352,0.181100204497425,,,,,,,,,
0.395623136835352,0.181100204497425,,,,,,,,,
0.395623136835352,0.181100204497425,,,,,,,,,
