RobotX,RobotY,t_GoalX,t_GoalY,t_Informed,t_Rrep,t_Rori,t_Ratt,Var9,nAg,groups
-0.385439159153835,0.0437500481446376,0.05597934801365,-0.0901671594621396,0.5,0.01,0.12,0.15,V,8,1
-0.385439159153835,0.0437500481446376,,,,,,,,,
-0.385439159153835,0.0437500481446376,,,,,,,,,
-0.385439159153835,0.0437500481446376,,,,,,,,,
-0.385439159153835,0.0437500481446376,,,,,,,,,
-0.385439159153835,0.0437500481446376,,,,,,,,,
-0.385439159153835,0.0437500481446376,,,,,,,,,
-0.385439159153835,0.0437500481446376,,,,,,,,,
