RobotX,RobotY,t_GoalX,t_GoalY,t_Informed,t_Rrep,t_Rori,t_Ratt,Var9,nAg,groups
-0.258874134543534,0.0512356111280194,0.342493530956726,0.10374371456851,0.5,0.01,0.12,0.15,V,8,1
-0.258874134543534,0.0512356111280194,,,,,,,,,
-0.258874134543534,0.0512356111280194,,,,,,,,,
-0.258874134543534,0.0512356111280194,,,,,,,,,
-0.258874134543534,0.0512356111280194,,,,,,,,,
-0.258874134543534,0.0512356111280194,,,,,,,,,
-0.258874134543534,0.0512356111280194,,,,,,,,,
-0.258874134543534,0.0512356111280194,,,,,,,,,
