RobotX,RobotY,t_GoalX,t_GoalY,t_Informed,t_Rrep,t_Rori,t_Ratt,Var9,nAg,groups
0.0563460917673266,0.150181805779454,-0.322468660109506,-0.135327413967926,0.5,0.01,0.12,0.15,V,8,1
0.0563460917673266,0.150181805779454,,,,,,,,,
0.0563460917673266,0.150181805779454,,,,,,,,,
0.0563460917673266,0.150181805779454,,,,,,,,,
0.0563460917673266,0.150181805779454,,,,,,,,,
0.0563460917673266,0.150181805779454,,,,,,,,,
0.0563460917673266,0.150181805779454,,,,,,,,,
0.0563460917673266,0.150181805779454,,,,,,,,,
