RobotX,RobotY,t_GoalX,t_GoalY,t_Informed,t_Rrep,t_Rori,t_Ratt,Var9,nAg,groups
0.326055398375613,0.141401178153825,0.0164587858899641,0.119545156553293,0.5,0.01,0.12,0.15,V,8,1
0.326055398375613,0.141401178153825,,,,,,,,,
0.326055398375613,0.141401178153825,,,,,,,,,
0.326055398375613,0.141401178153825,,,,,,,,,
0.326055398375613,0.141401178153825,,,,,,,,,
0.326055398375613,0.141401178153825,,,,,,,,,
0.326055398375613,0.141401178153825,,,,,,,,,
0.326055398375613,0.141401178153825,,,,,,,,,
