RobotX,RobotY,t_GoalX,t_GoalY,t_Informed,t_Rrep,t_Rori,t_Ratt,Var9,nAg,groups
0.404752674420536,-0.0525201624059728,-0.284197714925146,-0.0181906987175975,0.5,0.01,0.12,0.15,V,8,1
0.404752674420536,-0.0525201624059728,,,,,,,,,
0.404752674420536,-0.0525201624059728,,,,,,,,,
0.404752674420536,-0.0525201624059728,,,,,,,,,
0.404752674420536,-0.0525201624059728,,,,,,,,,
0.404752674420536,-0.0525201624059728,,,,,,,,,
0.404752674420536,-0.0525201624059728,,,,,,,,,
0.404752674420536,-0.0525201624059728,,,,,,,,,
