RobotX,RobotY,t_GoalX,t_GoalY,t_Informed,t_Rrep,t_Rori,t_Ratt,Var9,nAg,groups
0.078704697982677,-0.108607292110794,-0.134960783405622,0.133672328594805,0.5,0.01,0.12,0.15,V,8,1
0.078704697982677,-0.108607292110794,,,,,,,,,
0.078704697982677,-0.108607292110794,,,,,,,,,
0.078704697982677,-0.108607292110794,,,,,,,,,
0.078704697982677,-0.108607292110794,,,,,,,,,
0.078704697982677,-0.108607292110794,,,,,,,,,
0.078704697982677,-0.108607292110794,,,,,,,,,
0.078704697982677,-0.108607292110794,,,,,,,,,
