RobotX,RobotY,t_GoalX,t_GoalY,t_Informed,t_Rrep,t_Rori,t_Ratt,Var9,nAg,groups
0.316750734592913,0.144367677650221,-0.374634205054462,-0.111222923086999,0.5,0.01,0.12,0.15,V,8,1
0.316750734592913,0.144367677650221,,,,,,,,,
0.316750734592913,0.144367677650221,,,,,,,,,
0.316750734592913,0.144367677650221,,,,,,,,,
0.316750734592913,0.144367677650221,,,,,,,,,
0.316750734592913,0.144367677650221,,,,,,,,,
0.316750734592913,0.144367677650221,,,,,,,,,
0.316750734592913,0.144367677650221,,,,,,,,,
