RobotX,RobotY,t_GoalX,t_GoalY,t_Informed,t_Rrep,t_Rori,t_Ratt,Var9,nAg,groups
-0.491947986730227,0.167271552096642,0.0314064430515271,0.0446639179479999,0.5,0.01,0.12,0.15,V,8,1
-0.491947986730227,0.167271552096642,,,,,,,,,
-0.491947986730227,0.167271552096642,,,,,,,,,
-0.491947986730227,0.167271552096642,,,,,,,,,
-0.491947986730227,0.167271552096642,,,,,,,,,
-0.491947986730227,0.167271552096642,,,,,,,,,
-0.491947986730227,0.167271552096642,,,,,,,,,
-0.491947986730227,0.167271552096642,,,,,,,,,
