RobotX,RobotY,t_GoalX,t_GoalY,t_Informed,t_Rrep,t_Rori,t_Ratt,Var9,nAg,groups
-0.338377098531904,-0.165353165029418,0.384138059439706,-0.130561292273,0.5,0.01,0.12,0.15,V,8,1
-0.338377098531904,-0.165353165029418,,,,,,,,,
-0.338377098531904,-0.165353165029418,,,,,,,,,
-0.338377098531904,-0.165353165029418,,,,,,,,,
-0.338377098531904,-0.165353165029418,,,,,,,,,
-0.338377098531904,-0.165353165029418,,,,,,,,,
-0.338377098531904,-0.165353165029418,,,,,,,,,
-0.338377098531904,-0.165353165029418,,,,,,,,,
