RobotX,RobotY,t_GoalX,t_GoalY,t_Informed,t_Rrep,t_Rori,t_Ratt,Var9,nAg,groups
-0.491974919069718,-0.0800971793411281,0.32885674928926,-0.0225606587432221,0.5,0.01,0.12,0.15,V,8,1
-0.491974919069718,-0.0800971793411281,,,,,,,,,
-0.491974919069718,-0.0800971793411281,,,,,,,,,
-0.491974919069718,-0.0800971793411281,,,,,,,,,
-0.491974919069718,-0.0800971793411281,,,,,,,,,
-0.491974919069718,-0.0800971793411281,,,,,,,,,
-0.491974919069718,-0.0800971793411281,,,,,,,,,
-0.491974919069718,-0.0800971793411281,,,,,,,,,
