RobotX,RobotY,t_GoalX,t_GoalY,t_Informed,t_Rrep,t_Rori,t_Ratt,Var9,nAg,groups
0.103587562699841,-0.0806312742763044,-0.265595364680528,0.0564091916446572,0.5,0.01,0.12,0.15,V,8,1
0.103587562699841,-0.0806312742763044,,,,,,,,,
0.103587562699841,-0.0806312742763044,,,,,,,,,
0.103587562699841,-0.0806312742763044,,,,,,,,,
0.103587562699841,-0.0806312742763044,,,,,,,,,
0.103587562699841,-0.0806312742763044,,,,,,,,,
0.103587562699841,-0.0806312742763044,,,,,,,,,
0.103587562699841,-0.0806312742763044,,,,,,,,,
