RobotX,RobotY,t_GoalX,t_GoalY,t_Informed,t_Rrep,t_Rori,t_Ratt,Var9,nAg,groups
0.098671563336041,0.189119589342063,-0.321789525017261,-0.108593284918923,0.5,0.01,0.12,0.15,V,8,1
0.098671563336041,0.189119589342063,,,,,,,,,
0.098671563336041,0.189119589342063,,,,,,,,,
0.098671563336041,0.189119589342063,,,,,,,,,
0.098671563336041,0.189119589342063,,,,,,,,,
0.098671563336041,0.189119589342063,,,,,,,,,
0.098671563336041,0.189119589342063,,,,,,,,,
0.098671563336041,0.189119589342063,,,,,,,,,
