RobotX,RobotY,t_GoalX,t_GoalY,t_Informed,t_Rrep,t_Rori,t_Ratt,Var9,nAg,groups
-0.0828148317018593,-0.168343738098497,-0.353145161752304,0.106939228938349,0.5,0.01,0.12,0.15,V,8,1
-0.0828148317018593,-0.168343738098497,,,,,,,,,
-0.0828148317018593,-0.168343738098497,,,,,,,,,
-0.0828148317018593,-0.168343738098497,,,,,,,,,
-0.0828148317018593,-0.168343738098497,,,,,,,,,
-0.0828148317018593,-0.168343738098497,,,,,,,,,
-0.0828148317018593,-0.168343738098497,,,,,,,,,
-0.0828148317018593,-0.168343738098497,,,,,,,,,
