RobotX,RobotY,t_GoalX,t_GoalY,t_Informed,t_Rrep,t_Rori,t_Ratt,Var9,nAg,groups
0.477071946351763,0.128463873561893,0.203000223504046,-0.0783243219751865,0.5,0.01,0.12,0.15,V,8,1
0.477071946351763,0.128463873561893,,,,,,,,,
0.477071946351763,0.128463873561893,,,,,,,,,
0.477071946351763,0.128463873561893,,,,,,,,,
0.477071946351763,0.128463873561893,,,,,,,,,
0.477071946351763,0.128463873561893,,,,,,,,,
0.477071946351763,0.128463873561893,,,,,,,,,
0.477071946351763,0.128463873561893,,,,,,,,,
