RobotX,RobotY,t_GoalX,t_GoalY,t_Informed,t_Rrep,t_Rori,t_Ratt,Var9,nAg,groups
0.35555661893853,0.0874595559724721,-0.0776117167561625,0.138929420997777,0.5,0.01,0.12,0.15,V,8,1
0.35555661893853,0.0874595559724721,,,,,,,,,
0.35555661893853,0.0874595559724721,,,,,,,,,
0.35555661893853,0.0874595559724721,,,,,,,,,
0.35555661893853,0.0874595559724721,,,,,,,,,
0.35555661893853,0.0874595559724721,,,,,,,,,
0.35555661893853,0.0874595559724721,,,,,,,,,
0.35555661893853,0.0874595559724721,,,,,,,,,
