RobotX,RobotY,t_GoalX,t_GoalY,t_Rrep,t_Rori,t_Ratt,Var8,nAg,groups
0.00861752435530017,-0.183671315903048,0.250889923394863,0.0606702693166615,0.01,0.12,0.15,T3,8,8
-0.362611670597744,0.151029609558604,,,,,,,,
0.444811324702332,-0.151012321446434,,,,,,,,
0.436021877462628,0.180903397660405,,,,,,,,
-0.322041709303328,-0.0581587618130249,,,,,,,,
-0.286062627123065,0.0799990715571617,,,,,,,,
-0.481697206248497,-0.0489310590678556,,,,,,,,
0.307417969534753,-0.149569821781479,,,,,,,,
