RobotX,RobotY,t_GoalX,t_GoalY,t_Rrep,t_Rori,t_Ratt,Var8,nAg,groups
0.130201616328096,-0.0550659280224582,0.257680821426118,-0.0786094229675013,0.01,0.12,0.15,T3,8,8
0.495081682800682,0.157627670779596,,,,,,,,
0.333910663498158,0.0868072394398604,,,,,,,,
-0.331053786258224,0.125368847681776,,,,,,,,
-0.0925146270600523,-0.13280535626352,,,,,,,,
-0.170877590920372,0.0147692592442306,,,,,,,,
0.077616089335459,0.0760542293433742,,,,,,,,
0.192911660958732,0.0567989655551341,,,,,,,,
