RobotX,RobotY,t_GoalX,t_GoalY,t_Rrep,t_Rori,t_Ratt,Var8,nAg,groups
0.314255739375222,-0.159199616813556,0.299775252872136,0.0530401213995629,0.01,0.12,0.15,T3,8,8
-0.0337113064983237,-0.0665623266919451,,,,,,,,
-0.249635911280095,-0.0667521361615278,,,,,,,,
0.491351209472637,0.0420617938754729,,,,,,,,
0.476263008270192,-0.0625233182139936,,,,,,,,
-0.154359079129085,-0.00981047748864503,,,,,,,,
0.175138955633628,-0.00627790748768881,,,,,,,,
-0.396710925621827,-0.068023320200895,,,,,,,,
