RobotX,RobotY,t_GoalX,t_GoalY,t_Rrep,t_Rori,t_Ratt,Var8,nAg,groups
-0.211758168507922,0.127052087217442,0.0250991022498771,0.025537147187332,0.01,0.12,0.15,T3,8,8
-0.264796613162577,0.00010265670884077,,,,,,,,
-0.356276655663705,-0.0809989977128257,,,,,,,,
-0.488612563855467,-0.16610538834597,,,,,,,,
-0.116306225851454,-0.0308841217894761,,,,,,,,
0.351394816547023,0.185661692585861,,,,,,,,
-0.485829713300846,0.156809105770116,,,,,,,,
-0.435650630329303,0.0060841810214495,,,,,,,,
