RobotX,RobotY,t_GoalX,t_GoalY,t_Rrep,t_Rori,t_Ratt,Var8,nAg,groups
0.218427989744636,-0.0874499194589934,-0.255488576529203,0.107914347524375,0.01,0.12,0.15,T3,8,8
-0.434886140796122,0.192269580101236,,,,,,,,
0.345276276185232,-0.151888331541462,,,,,,,,
0.231710062452693,-0.189288817365616,,,,,,,,
0.447641395442141,-0.137331309404277,,,,,,,,
0.195012007707821,0.103110728631354,,,,,,,,
0.458211992380701,-0.00703933032601833,,,,,,,,
-0.448054240406047,0.067401776442094,,,,,,,,
