RobotX,RobotY,t_GoalX,t_GoalY,t_Rrep,t_Rori,t_Ratt,Var8,nAg,groups
0.144105283128958,-0.0820057285032378,0.225946392822482,0.0935105712762514,0.01,0.12,0.15,T3,8,8
-0.226277810161319,-0.0741312106451686,,,,,,,,
0.481043415034994,0.176365312245198,,,,,,,,
0.0447417537524071,0.193348281298302,,,,,,,,
0.338088522002515,-0.019589363095911,,,,,,,,
-0.389360485950272,-0.0702092759496552,,,,,,,,
-0.305915940686623,0.166881348196821,,,,,,,,
-0.436724083242581,0.178586923977149,,,,,,,,
