RobotX,RobotY,t_GoalX,t_GoalY,t_Rrep,t_Rori,t_Ratt,Var8,nAg,groups
-0.422823844503364,0.177538121905524,-0.320143615484552,-0.0570709498984181,0.01,0.12,0.15,V,8,2
-0.422823844503364,0.177538121905524,0.208526039582069,0.167348597784408,,,,,,
-0.422823844503364,0.177538121905524,-0.251791999024661,-0.147107645890792,,,,,,
-0.422823844503364,0.177538121905524,0.387011956416161,0.0165574473543748,,,,,,
-0.467048132482279,-0.0117284331180164,,,,,,,,
-0.467048132482279,-0.0117284331180164,,,,,,,,
-0.467048132482279,-0.0117284331180164,,,,,,,,
-0.467048132482279,-0.0117284331180164,,,,,,,,
