RobotX,RobotY,t_GoalX,t_GoalY,t_Rrep,t_Rori,t_Ratt,Var8,nAg,groups
0.0358988319886573,0.199578613336816,-0.310956299711549,0.0887469604115233,0.01,0.12,0.15,V,8,2
0.0358988319886573,0.199578613336816,0.2889565507049,-0.0436509008918682,,,,,,
0.0358988319886573,0.199578613336816,-0.396008394612268,-0.150059269890113,,,,,,
0.0358988319886573,0.199578613336816,-0.144325993907858,-0.174149577139699,,,,,,
0.13318583977448,-0.0597052625419721,,,,,,,,
0.13318583977448,-0.0597052625419721,,,,,,,,
0.13318583977448,-0.0597052625419721,,,,,,,,
0.13318583977448,-0.0597052625419721,,,,,,,,
