RobotX,RobotY,t_GoalX,t_GoalY,t_Rrep,t_Rori,t_Ratt,Var8,nAg,groups
-0.173987982271028,0.00242035173867228,-0.115835976702516,-0.130437379372392,0.01,0.12,0.15,V,8,2
-0.173987982271028,0.00242035173867228,0.189855859092141,-0.0242505390787777,,,,,,
-0.173987982271028,0.00242035173867228,-0.0302458082013501,0.116862960052004,,,,,,
-0.173987982271028,0.00242035173867228,0.300291397254819,-0.105384465657646,,,,,,
0.492143757851041,-0.00459724692014413,,,,,,,,
0.492143757851041,-0.00459724692014413,,,,,,,,
0.492143757851041,-0.00459724692014413,,,,,,,,
0.492143757851041,-0.00459724692014413,,,,,,,,
