RobotX,RobotY,t_GoalX,t_GoalY,t_Rrep,t_Rori,t_Ratt,Var8,nAg,groups
-0.0302122240985241,0.145707919550261,-0.420058963223539,0.020942802509255,0.01,0.12,0.15,V,8,2
-0.0302122240985241,0.145707919550261,-0.143081369502966,-0.0843939974164092,,,,,,
-0.0302122240985241,0.145707919550261,0.456816466645529,0.16816381780427,,,,,,
-0.0302122240985241,0.145707919550261,-0.371053930363315,0.151429370799845,,,,,,
-0.340230977245439,-0.103545983653697,,,,,,,,
-0.340230977245439,-0.103545983653697,,,,,,,,
-0.340230977245439,-0.103545983653697,,,,,,,,
-0.340230977245439,-0.103545983653697,,,,,,,,
