RobotX,RobotY,t_GoalX,t_GoalY,t_Rrep,t_Rori,t_Ratt,Var8,nAg,groups
0.492763830515862,-0.0926721592632867,0.15088503659137,-0.0889282334922937,0.01,0.12,0.15,T2,8,8
0.16943290070745,0.0230323137321713,,,,,,,,
-0.313703953910758,0.147239525250242,,,,,,,,
0.0323617046322117,0.0463034365961058,,,,,,,,
-0.135338915028843,-0.147320906927775,,,,,,,,
-0.299508772594941,-0.154148447150607,,,,,,,,
-0.105624630627642,-0.0156071808941456,,,,,,,,
0.393404377081046,0.0790600401869637,,,,,,,,
