RobotX,RobotY,t_GoalX,t_GoalY,t_Rrep,t_Rori,t_Ratt,Var8,nAg,groups
0.0395677886235482,-0.182310107118118,-0.122239606123901,-0.0975673177101297,0.01,0.12,0.15,T2,8,8
0.214982528446592,0.0873719237809257,,,,,,,,
0.32102202344103,-0.146721336497864,,,,,,,,
0.134898987225849,0.185961235483483,,,,,,,,
0.221229272987095,-0.0253997969061105,,,,,,,,
-0.319740183666575,-0.13491250506436,,,,,,,,
-0.3498930359609,0.064653300814292,,,,,,,,
-0.421716731547477,0.196445082980561,,,,,,,,
