RobotX,RobotY,t_GoalX,t_GoalY,t_Rrep,t_Rori,t_Ratt,Var8,nAg,groups
0.406496794533221,-0.0649958279568714,0.24452599392073,-0.0514561520057748,0.01,0.12,0.15,T2,8,8
-0.440242279533579,0.0165762405703812,,,,,,,,
-0.431087284372078,-0.139668284343783,,,,,,,,
-0.0880286542079546,-0.187361293579647,,,,,,,,
0.24234062717865,0.112913222689075,,,,,,,,
0.044846127241996,-0.112639131859465,,,,,,,,
0.317187109475778,-0.159076034550988,,,,,,,,
-0.0158772149269159,0.0650100942616237,,,,,,,,
