RobotX,RobotY,t_GoalX,t_GoalY,t_Rrep,t_Rori,t_Ratt,Var8,nAg,groups
0.334985180453297,0.00312147276626767,-0.24251749552427,0.032070809266617,0.01,0.12,0.15,T2,8,8
0.333390098455847,0.10870069994056,,,,,,,,
0.102682949249488,-0.0668908237219483,,,,,,,,
-0.0457226688086722,0.0886108814357287,,,,,,,,
0.381687939138776,-0.12600151118252,,,,,,,,
-0.49940258413566,-0.0992038867617386,,,,,,,,
0.42670732239266,0.185801255360069,,,,,,,,
-0.125616066475695,-0.115086710877541,,,,,,,,
