RobotX,RobotY,t_GoalX,t_GoalY,t_Rrep,t_Rori,t_Ratt,Var8,nAg,groups
-0.235341524941673,0.16971490621083,-0.220512131427554,-0.0667661404149899,0.01,0.12,0.15,T2,8,8
0.288336145836207,0.0643434862103871,,,,,,,,
-0.499471803539295,-0.0722148738985471,,,,,,,,
-0.318256648354644,-0.165184798496002,,,,,,,,
0.347398474666367,-0.0998118700600411,,,,,,,,
0.476783551831845,0.0750801539790883,,,,,,,,
0.19439545591313,0.156919874048933,,,,,,,,
-0.0642488250781866,0.0126616435276848,,,,,,,,
