RobotX,RobotY,t_GoalX,t_GoalY,t_Rrep,t_Rori,t_Ratt,Var8,nAg,groups
0.380847392067636,0.0170132062207888,0.216872292508975,-0.0913006240962984,0.01,0.15,0.2,M,4,2
0.380847392067636,0.0170132062207888,-0.269728507243546,-0.171924035279242,,,,,,
-0.0876122550452557,-0.108417573409472,-0.485837616894982,-0.106823646034754,,,,,,
-0.0876122550452557,-0.108417573409472,-0.301697624368569,0.0754109630155392,,,,,,
