RobotX,RobotY,t_GoalX,t_GoalY,t_Rrep,t_Rori,t_Ratt,Var8,nAg,groups
-0.435925387736163,-0.0813267824412728,0.291205811577342,-0.151229372495106,0.01,0.15,0.2,M,4,2
-0.435925387736163,-0.0813267824412728,0.45329680369305,0.119412659444514,,,,,,
0.410051974641708,-0.107097441779257,-0.286764399754954,-0.168655181802217,,,,,,
0.410051974641708,-0.107097441779257,0.343454848523257,0.0105491562180693,,,,,,
