RobotX,RobotY,t_GoalX,t_GoalY,t_Rrep,t_Rori,t_Ratt,Var8,nAg,groups
-0.277418534579559,-0.0469270639640192,-0.343276099859554,-0.143691126585415,0.01,0.15,0.2,M,4,2
-0.277418534579559,-0.0469270639640192,0.10037561190451,-0.122412406801403,,,,,,
0.286044508006832,-0.179569183657329,-0.329752793400144,0.179150929777955,,,,,,
0.286044508006832,-0.179569183657329,0.0527458431513023,0.119845938408218,,,,,,
