RobotX,RobotY,t_GoalX,t_GoalY,t_Rrep,t_Rori,t_Ratt,Var8,nAg,groups
-0.0760794809456238,0.0348287942043791,0.33815033215366,-0.193797983012402,0.01,0.15,0.2,M,4,2
-0.0760794809456238,0.0348287942043791,0.106925278151597,0.111200991524772,,,,,,
-0.0475372675828787,0.146108661277387,0.309479646900875,0.161888877245396,,,,,,
-0.0475372675828787,0.146108661277387,0.142940491718282,-0.17816450025538,,,,,,
