RobotX,RobotY,t_GoalX,t_GoalY,t_Rrep,t_Rori,t_Ratt,Var8,nAg,groups
-0.356171625954731,-0.13164458121598,-0.0815650580279568,-0.0994478751623706,0.01,0.15,0.2,M,4,2
-0.356171625954731,-0.13164458121598,-0.0587794041304134,0.0599145762256536,,,,,,
-0.138160678675039,0.122990357101878,0.479339191649813,0.139231645104119,,,,,,
-0.138160678675039,0.122990357101878,0.318657513891401,0.0498544103402812,,,,,,
