RobotX,RobotY,t_GoalX,t_GoalY,t_Informed,t_Rrep,t_Rori,t_Ratt,Var9,nAg,groups
-0.419556025549779,-0.143025399543163,-0.244379153507479,0.101172695787338,0.5,0.01,0.12,0.15,T2,8,2
-0.419556025549779,-0.143025399543163,,,,,,,,,
-0.419556025549779,-0.143025399543163,,,,,,,,,
-0.419556025549779,-0.143025399543163,,,,,,,,,
0.237336913245179,0.13828308990986,,,,,,,,,
0.237336913245179,0.13828308990986,,,,,,,,,
0.237336913245179,0.13828308990986,,,,,,,,,
0.237336913245179,0.13828308990986,,,,,,,,,
