RobotX,RobotY,t_GoalX,t_GoalY,t_Informed,t_Rrep,t_Rori,t_Ratt,Var9,nAg,groups
-0.468991226033137,-0.0436823989468872,0.151751230282055,-0.114574933652591,0.5,0.01,0.12,0.15,T2,8,2
-0.468991226033137,-0.0436823989468872,,,,,,,,,
-0.468991226033137,-0.0436823989468872,,,,,,,,,
-0.468991226033137,-0.0436823989468872,,,,,,,,,
-0.11515415368198,0.186736285669378,,,,,,,,,
-0.11515415368198,0.186736285669378,,,,,,,,,
-0.11515415368198,0.186736285669378,,,,,,,,,
-0.11515415368198,0.186736285669378,,,,,,,,,
