RobotX,RobotY,t_GoalX,t_GoalY,t_Informed,t_Rrep,t_Rori,t_Ratt,Var9,nAg,groups
-0.450875194436764,-0.192278634485414,-0.145783303019895,-0.0124844512648467,0.5,0.01,0.12,0.15,T2,8,2
-0.450875194436764,-0.192278634485414,,,,,,,,,
-0.450875194436764,-0.192278634485414,,,,,,,,,
-0.450875194436764,-0.192278634485414,,,,,,,,,
0.383295057967089,-0.085214100218686,,,,,,,,,
0.383295057967089,-0.085214100218686,,,,,,,,,
0.383295057967089,-0.085214100218686,,,,,,,,,
0.383295057967089,-0.085214100218686,,,,,,,,,
