RobotX,RobotY,t_GoalX,t_GoalY,t_Informed,t_Rrep,t_Rori,t_Ratt,Var9,nAg,groups
-0.389982850051292,-0.0150636111548103,-0.0720896114423691,0.0960298498757683,0.5,0.01,0.12,0.15,T2,8,2
-0.389982850051292,-0.0150636111548103,,,,,,,,,
-0.389982850051292,-0.0150636111548103,,,,,,,,,
-0.389982850051292,-0.0150636111548103,,,,,,,,,
0.348975355397772,0.1493951166033,,,,,,,,,
0.348975355397772,0.1493951166033,,,,,,,,,
0.348975355397772,0.1493951166033,,,,,,,,,
0.348975355397772,0.1493951166033,,,,,,,,,
