RobotX,RobotY,t_GoalX,t_GoalY,t_Informed,t_Rrep,t_Rori,t_Ratt,Var9,nAg,groups
0.442108998922647,-0.0253972445037027,-0.311233554070707,0.0304012856949289,0.5,0.01,0.12,0.15,T2,8,2
0.442108998922647,-0.0253972445037027,,,,,,,,,
0.442108998922647,-0.0253972445037027,,,,,,,,,
0.442108998922647,-0.0253972445037027,,,,,,,,,
0.0383311464539374,-0.0287958111053727,,,,,,,,,
0.0383311464539374,-0.0287958111053727,,,,,,,,,
0.0383311464539374,-0.0287958111053727,,,,,,,,,
0.0383311464539374,-0.0287958111053727,,,,,,,,,
