RobotX,RobotY,t_GoalX,t_GoalY,t_Informed,t_Rrep,t_Rori,t_Ratt,Var9,nAg,groups
0.0759544294539546,-0.0466890392832309,-0.394832739657297,0.024838899914799,0.5,0.01,0.12,0.15,T2,8,2
0.0759544294539546,-0.0466890392832309,,,,,,,,,
0.0759544294539546,-0.0466890392832309,,,,,,,,,
0.0759544294539546,-0.0466890392832309,,,,,,,,,
0.378683150235584,-0.0994279405243494,,,,,,,,,
0.378683150235584,-0.0994279405243494,,,,,,,,,
0.378683150235584,-0.0994279405243494,,,,,,,,,
0.378683150235584,-0.0994279405243494,,,,,,,,,
