RobotX,RobotY,t_GoalX,t_GoalY,t_Informed,t_Rrep,t_Rori,t_Ratt,Var9,nAg,groups
0.433692089926125,0.0453634697206423,-0.0791668379408919,0.12897827381576,0.5,0.01,0.12,0.15,T2,8,2
0.433692089926125,0.0453634697206423,,,,,,,,,
0.433692089926125,0.0453634697206423,,,,,,,,,
0.433692089926125,0.0453634697206423,,,,,,,,,
-0.387976578259419,-0.0475174987807493,,,,,,,,,
-0.387976578259419,-0.0475174987807493,,,,,,,,,
-0.387976578259419,-0.0475174987807493,,,,,,,,,
-0.387976578259419,-0.0475174987807493,,,,,,,,,
