RobotX,RobotY,t_GoalX,t_GoalY,t_Informed,t_Rrep,t_Rori,t_Ratt,Var9,nAg,groups
0.236983346718799,-0.180516694523821,-0.0722405997943697,0.0796147808363879,0.5,0.01,0.12,0.15,T2,8,2
0.236983346718799,-0.180516694523821,,,,,,,,,
0.236983346718799,-0.180516694523821,,,,,,,,,
0.236983346718799,-0.180516694523821,,,,,,,,,
-0.479708992590055,0.0583580333689538,,,,,,,,,
-0.479708992590055,0.0583580333689538,,,,,,,,,
-0.479708992590055,0.0583580333689538,,,,,,,,,
-0.479708992590055,0.0583580333689538,,,,,,,,,
