RobotX,RobotY,t_GoalX,t_GoalY,t_Informed,t_Rrep,t_Rori,t_Ratt,Var9,nAg,groups
-0.366259913310707,0.124905517990671,0.0705090049559317,0.14439939023846,0.5,0.01,0.12,0.15,T2,8,2
-0.366259913310707,0.124905517990671,,,,,,,,,
-0.366259913310707,0.124905517990671,,,,,,,,,
-0.366259913310707,0.124905517990671,,,,,,,,,
0.495047425733269,0.0290210102648073,,,,,,,,,
0.495047425733269,0.0290210102648073,,,,,,,,,
0.495047425733269,0.0290210102648073,,,,,,,,,
0.495047425733269,0.0290210102648073,,,,,,,,,
