RobotX,RobotY,t_GoalX,t_GoalY,t_Informed,t_Rrep,t_Rori,t_Ratt,Var9,nAg,groups
-0.30865230474077,0.188684526005859,-0.110102959557913,-0.147618566701027,0.5,0.01,0.12,0.15,T2,8,2
-0.30865230474077,0.188684526005859,,,,,,,,,
-0.30865230474077,0.188684526005859,,,,,,,,,
-0.30865230474077,0.188684526005859,,,,,,,,,
0.329584040371563,0.0665464727575965,,,,,,,,,
0.329584040371563,0.0665464727575965,,,,,,,,,
0.329584040371563,0.0665464727575965,,,,,,,,,
0.329584040371563,0.0665464727575965,,,,,,,,,
