RobotX,RobotY,t_GoalX,t_GoalY,t_Informed,t_Rrep,t_Rori,t_Ratt,Var9,nAg,groups
0.46141609509069,0.0144018625673213,0.00753964666707529,0.0537426604892113,0.5,0.01,0.12,0.15,T2,8,2
0.46141609509069,0.0144018625673213,,,,,,,,,
0.46141609509069,0.0144018625673213,,,,,,,,,
0.46141609509069,0.0144018625673213,,,,,,,,,
-0.325531448958864,-0.137797749267242,,,,,,,,,
-0.325531448958864,-0.137797749267242,,,,,,,,,
-0.325531448958864,-0.137797749267242,,,,,,,,,
-0.325531448958864,-0.137797749267242,,,,,,,,,
