RobotX,RobotY,t_GoalX,t_GoalY,t_Informed,t_Rrep,t_Rori,t_Ratt,Var9,nAg,groups
-0.0607042217449595,-0.0227076812907359,0.384496261513475,-0.00263053138066258,0.5,0.01,0.12,0.15,T2,8,2
-0.0607042217449595,-0.0227076812907359,,,,,,,,,
-0.0607042217449595,-0.0227076812907359,,,,,,,,,
-0.0607042217449595,-0.0227076812907359,,,,,,,,,
-0.39932375206721,0.158198691612831,,,,,,,,,
-0.39932375206721,0.158198691612831,,,,,,,,,
-0.39932375206721,0.158198691612831,,,,,,,,,
-0.39932375206721,0.158198691612831,,,,,,,,,
