RobotX,RobotY,t_GoalX,t_GoalY,t_Informed,t_Rrep,t_Rori,t_Ratt,Var9,nAg,groups
0.0633172080860774,0.0721167068746438,0.354808590830324,-0.0445288461678625,0.5,0.01,0.12,0.15,T2,8,2
0.0633172080860774,0.0721167068746438,,,,,,,,,
0.0633172080860774,0.0721167068746438,,,,,,,,,
0.0633172080860774,0.0721167068746438,,,,,,,,,
-0.441461834519324,-0.00608783089747833,,,,,,,,,
-0.441461834519324,-0.00608783089747833,,,,,,,,,
-0.441461834519324,-0.00608783089747833,,,,,,,,,
-0.441461834519324,-0.00608783089747833,,,,,,,,,
