RobotX,RobotY,t_GoalX,t_GoalY,t_Informed,t_Rrep,t_Rori,t_Ratt,Var9,nAg,groups
-0.365461882399899,0.148104613775611,0.00935439235619046,-0.0731212210139435,0.5,0.01,0.12,0.15,T2,8,2
-0.365461882399899,0.148104613775611,,,,,,,,,
-0.365461882399899,0.148104613775611,,,,,,,,,
-0.365461882399899,0.148104613775611,,,,,,,,,
-0.452002342027061,-0.187420461795094,,,,,,,,,
-0.452002342027061,-0.187420461795094,,,,,,,,,
-0.452002342027061,-0.187420461795094,,,,,,,,,
-0.452002342027061,-0.187420461795094,,,,,,,,,
