RobotX,RobotY,t_GoalX,t_GoalY,t_Informed,t_Rrep,t_Rori,t_Ratt,Var9,nAg,groups
-0.0170171010034129,0.141057337074808,-0.380324465890442,0.0756658712471845,0.5,0.01,0.12,0.15,T2,8,2
-0.0170171010034129,0.141057337074808,,,,,,,,,
-0.0170171010034129,0.141057337074808,,,,,,,,,
-0.0170171010034129,0.141057337074808,,,,,,,,,
0.375714081354227,-0.0760988246934198,,,,,,,,,
0.375714081354227,-0.0760988246934198,,,,,,,,,
0.375714081354227,-0.0760988246934198,,,,,,,,,
0.375714081354227,-0.0760988246934198,,,,,,,,,
