RobotX,RobotY,t_GoalX,t_GoalY,t_Informed,t_Rrep,t_Rori,t_Ratt,Var9,nAg,groups
-0.355447260545291,-0.191049437390186,0.154636795115551,0.00649070198387197,0.5,0.01,0.12,0.15,T2,8,2
-0.355447260545291,-0.191049437390186,,,,,,,,,
-0.355447260545291,-0.191049437390186,,,,,,,,,
-0.355447260545291,-0.191049437390186,,,,,,,,,
-0.488989301579646,0.125185802997571,,,,,,,,,
-0.488989301579646,0.125185802997571,,,,,,,,,
-0.488989301579646,0.125185802997571,,,,,,,,,
-0.488989301579646,0.125185802997571,,,,,,,,,
