RobotX,RobotY,t_GoalX,t_GoalY,t_Informed,t_Rrep,t_Rori,t_Ratt,Var9,nAg,groups
-0.464002441159022,0.11725563009208,0.121052392027403,0.0337615052427385,0.5,0.01,0.12,0.15,T2,8,2
-0.464002441159022,0.11725563009208,,,,,,,,,
-0.464002441159022,0.11725563009208,,,,,,,,,
-0.464002441159022,0.11725563009208,,,,,,,,,
-0.141244884827772,0.197489613569173,,,,,,,,,
-0.141244884827772,0.197489613569173,,,,,,,,,
-0.141244884827772,0.197489613569173,,,,,,,,,
-0.141244884827772,0.197489613569173,,,,,,,,,
