RobotX,RobotY,t_GoalX,t_GoalY,t_Informed,t_Rrep,t_Rori,t_Ratt,Var9,nAg,groups
-0.326316598231263,0.01807319154268,0.32931701768812,-0.0289155873449503,0.5,0.01,0.12,0.15,T2,8,2
-0.326316598231263,0.01807319154268,,,,,,,,,
-0.326316598231263,0.01807319154268,,,,,,,,,
-0.326316598231263,0.01807319154268,,,,,,,,,
-0.0338853475635661,0.0895194233238154,,,,,,,,,
-0.0338853475635661,0.0895194233238154,,,,,,,,,
-0.0338853475635661,0.0895194233238154,,,,,,,,,
-0.0338853475635661,0.0895194233238154,,,,,,,,,
