RobotX,RobotY,t_GoalX,t_GoalY,t_Informed,t_Rrep,t_Rori,t_Ratt,Var9,nAg,groups
-0.0587149906792065,0.0033001307051323,0.334010688149592,-0.12733711721085,0.5,0.01,0.12,0.15,T2,8,2
-0.0587149906792065,0.0033001307051323,,,,,,,,,
-0.0587149906792065,0.0033001307051323,,,,,,,,,
-0.0587149906792065,0.0033001307051323,,,,,,,,,
0.275768163768876,0.196159604177484,,,,,,,,,
0.275768163768876,0.196159604177484,,,,,,,,,
0.275768163768876,0.196159604177484,,,,,,,,,
0.275768163768876,0.196159604177484,,,,,,,,,
