RobotX,RobotY,t_GoalX,t_GoalY,t_Informed,t_Rrep,t_Rori,t_Ratt,Var9,nAg,groups
0.387370862447526,0.124836610781953,-0.324419699294541,0.0318696280185345,0.5,0.01,0.12,0.15,T2,8,2
0.387370862447526,0.124836610781953,,,,,,,,,
0.387370862447526,0.124836610781953,,,,,,,,,
0.387370862447526,0.124836610781953,,,,,,,,,
0.252247197399302,-0.160238311788953,,,,,,,,,
0.252247197399302,-0.160238311788953,,,,,,,,,
0.252247197399302,-0.160238311788953,,,,,,,,,
0.252247197399302,-0.160238311788953,,,,,,,,,
