RobotX,RobotY,t_GoalX,t_GoalY,t_Informed,t_Rrep,t_Rori,t_Ratt,Var9,nAg,groups
0.32058554729612,-0.112438927462653,-0.0227676643262661,-0.0746711312119596,0.5,0.01,0.12,0.15,T2,8,2
0.32058554729612,-0.112438927462653,,,,,,,,,
0.32058554729612,-0.112438927462653,,,,,,,,,
0.32058554729612,-0.112438927462653,,,,,,,,,
-0.31887260611037,-0.154990824199595,,,,,,,,,
-0.31887260611037,-0.154990824199595,,,,,,,,,
-0.31887260611037,-0.154990824199595,,,,,,,,,
-0.31887260611037,-0.154990824199595,,,,,,,,,
