RobotX,RobotY,t_GoalX,t_GoalY,t_Informed,t_Rrep,t_Rori,t_Ratt,Var9,nAg,groups
0.338738368161402,0.15309337912964,-0.0198997828304496,-0.080902467278271,0.5,0.01,0.12,0.15,T2,8,2
0.338738368161402,0.15309337912964,,,,,,,,,
0.338738368161402,0.15309337912964,,,,,,,,,
0.338738368161402,0.15309337912964,,,,,,,,,
-0.485914675217053,0.0755543415723007,,,,,,,,,
-0.485914675217053,0.0755543415723007,,,,,,,,,
-0.485914675217053,0.0755543415723007,,,,,,,,,
-0.485914675217053,0.0755543415723007,,,,,,,,,
