RobotX,RobotY,t_GoalX,t_GoalY,t_Informed,t_Rrep,t_Rori,t_Ratt,Var9,nAg,groups
0.444955689894535,0.0210789486121747,0.0244099440172101,0.122570124707231,0.5,0.01,0.12,0.15,T2,8,2
0.444955689894535,0.0210789486121747,,,,,,,,,
0.444955689894535,0.0210789486121747,,,,,,,,,
0.444955689894535,0.0210789486121747,,,,,,,,,
-0.234362007165825,-0.0871406856172927,,,,,,,,,
-0.234362007165825,-0.0871406856172927,,,,,,,,,
-0.234362007165825,-0.0871406856172927,,,,,,,,,
-0.234362007165825,-0.0871406856172927,,,,,,,,,
