RobotX,RobotY,t_GoalX,t_GoalY,t_Informed,t_Rrep,t_Rori,t_Ratt,Var9,nAg,groups
0.254649277905368,0.167198483662673,0.0655426497915005,-0.0895559231656914,0.5,0.01,0.12,0.15,T2,8,2
0.254649277905368,0.167198483662673,,,,,,,,,
0.254649277905368,0.167198483662673,,,,,,,,,
0.254649277905368,0.167198483662673,,,,,,,,,
-0.372811557054345,-0.0585206855204776,,,,,,,,,
-0.372811557054345,-0.0585206855204776,,,,,,,,,
-0.372811557054345,-0.0585206855204776,,,,,,,,,
-0.372811557054345,-0.0585206855204776,,,,,,,,,
