RobotX,RobotY,t_GoalX,t_GoalY,t_Informed,t_Rrep,t_Rori,t_Ratt,Var9,nAg,groups
-0.481038897890434,-0.120016024958546,0.212120466737073,0.134689366725052,0.5,0.01,0.12,0.15,T2,8,2
-0.481038897890434,-0.120016024958546,,,,,,,,,
-0.481038897890434,-0.120016024958546,,,,,,,,,
-0.481038897890434,-0.120016024958546,,,,,,,,,
-0.135918739988865,-0.191419232764373,,,,,,,,,
-0.135918739988865,-0.191419232764373,,,,,,,,,
-0.135918739988865,-0.191419232764373,,,,,,,,,
-0.135918739988865,-0.191419232764373,,,,,,,,,
