RobotX,RobotY,t_GoalX,t_GoalY,t_Informed,t_Rrep,t_Rori,t_Ratt,Var9,nAg,groups
-0.00341414476944157,0.184293579173968,0.212239941929393,-0.0685425401948873,0.5,0.01,0.12,0.15,T2,8,2
-0.00341414476944157,0.184293579173968,,,,,,,,,
-0.00341414476944157,0.184293579173968,,,,,,,,,
-0.00341414476944157,0.184293579173968,,,,,,,,,
-0.371255100181402,-0.152553910367557,,,,,,,,,
-0.371255100181402,-0.152553910367557,,,,,,,,,
-0.371255100181402,-0.152553910367557,,,,,,,,,
-0.371255100181402,-0.152553910367557,,,,,,,,,
