RobotX,RobotY,t_GoalX,t_GoalY,t_Informed,t_Rrep,t_Rori,t_Ratt,Var9,nAg,groups
-0.0544818383408094,-0.0214419951528675,0.247181757128363,0.13145434145712,0.5,0.01,0.12,0.15,T2,8,2
-0.0544818383408094,-0.0214419951528675,,,,,,,,,
-0.0544818383408094,-0.0214419951528675,,,,,,,,,
-0.0544818383408094,-0.0214419951528675,,,,,,,,,
-0.396292365885437,0.116363571942127,,,,,,,,,
-0.396292365885437,0.116363571942127,,,,,,,,,
-0.396292365885437,0.116363571942127,,,,,,,,,
-0.396292365885437,0.116363571942127,,,,,,,,,
