RobotX,RobotY,t_GoalX,t_GoalY,t_Informed,t_Rrep,t_Rori,t_Ratt,Var9,nAg,groups
0.414575148189503,0.133965004798747,-0.029902814580106,0.00089254949480988,0.5,0.01,0.12,0.15,T2,8,2
0.414575148189503,0.133965004798747,,,,,,,,,
0.414575148189503,0.133965004798747,,,,,,,,,
0.414575148189503,0.133965004798747,,,,,,,,,
-0.446448248604427,-0.00134620902533059,,,,,,,,,
-0.446448248604427,-0.00134620902533059,,,,,,,,,
-0.446448248604427,-0.00134620902533059,,,,,,,,,
-0.446448248604427,-0.00134620902533059,,,,,,,,,
