RobotX,RobotY,t_GoalX,t_GoalY,t_Informed,t_Rrep,t_Rori,t_Ratt,Var9,nAg,groups
0.377901407404811,-0.189776704734185,0.0574723505115138,0.019995915560829,0.5,0.01,0.12,0.15,T2,8,2
0.377901407404811,-0.189776704734185,,,,,,,,,
0.377901407404811,-0.189776704734185,,,,,,,,,
0.377901407404811,-0.189776704734185,,,,,,,,,
-0.23544964784666,-0.15320557890182,,,,,,,,,
-0.23544964784666,-0.15320557890182,,,,,,,,,
-0.23544964784666,-0.15320557890182,,,,,,,,,
-0.23544964784666,-0.15320557890182,,,,,,,,,
