RobotX,RobotY,t_GoalX,t_GoalY,t_Informed,t_Rrep,t_Rori,t_Ratt,Var9,nAg,groups
0.0920809242388583,-0.174936735110833,-0.375708818800702,0.0583988413261614,0.5,0.01,0.12,0.15,T2,8,2
0.0920809242388583,-0.174936735110833,,,,,,,,,
0.0920809242388583,-0.174936735110833,,,,,,,,,
0.0920809242388583,-0.174936735110833,,,,,,,,,
0.0661686788720836,0.175908456622459,,,,,,,,,
0.0661686788720836,0.175908456622459,,,,,,,,,
0.0661686788720836,0.175908456622459,,,,,,,,,
0.0661686788720836,0.175908456622459,,,,,,,,,
