RobotX,RobotY,t_GoalX,t_GoalY,t_Informed,t_Rrep,t_Rori,t_Ratt,Var9,nAg,groups
-0.0785604970674625,0.101528598841857,0.357366572466831,-0.127707018319103,0.5,0.01,0.12,0.15,T2,8,2
-0.0785604970674625,0.101528598841857,,,,,,,,,
-0.0785604970674625,0.101528598841857,,,,,,,,,
-0.0785604970674625,0.101528598841857,,,,,,,,,
-0.47583233730941,0.0095415350643584,,,,,,,,,
-0.47583233730941,0.0095415350643584,,,,,,,,,
-0.47583233730941,0.0095415350643584,,,,,,,,,
-0.47583233730941,0.0095415350643584,,,,,,,,,
