RobotX,RobotY,t_GoalX,t_GoalY,t_Informed,t_Rrep,t_Rori,t_Ratt,Var9,nAg,groups
-0.486263589018832,0.171853507922315,-0.0685231811860712,-0.00137483052059703,0.5,0.01,0.12,0.15,T2,8,2
-0.486263589018832,0.171853507922315,,,,,,,,,
-0.486263589018832,0.171853507922315,,,,,,,,,
-0.486263589018832,0.171853507922315,,,,,,,,,
0.161940747129619,-0.19407383188765,,,,,,,,,
0.161940747129619,-0.19407383188765,,,,,,,,,
0.161940747129619,-0.19407383188765,,,,,,,,,
0.161940747129619,-0.19407383188765,,,,,,,,,
