RobotX,RobotY,t_GoalX,t_GoalY,t_Informed,t_Rrep,t_Rori,t_Ratt,Var9,nAg,groups
0.491336750872748,-0.170911999311885,0.088118776839721,-0.122170736666553,0.5,0.01,0.12,0.15,T2,8,2
0.491336750872748,-0.170911999311885,,,,,,,,,
0.491336750872748,-0.170911999311885,,,,,,,,,
0.491336750872748,-0.170911999311885,,,,,,,,,
-0.3767715599223,-0.0369806166538786,,,,,,,,,
-0.3767715599223,-0.0369806166538786,,,,,,,,,
-0.3767715599223,-0.0369806166538786,,,,,,,,,
-0.3767715599223,-0.0369806166538786,,,,,,,,,
