RobotX,RobotY,t_GoalX,t_GoalY,t_Informed,t_Rrep,t_Rori,t_Ratt,Var9,nAg,groups
-0.00669416912416532,-0.1227289948345,0.187935902729342,0.13932559598082,0.5,0.01,0.12,0.15,T2,8,2
-0.00669416912416532,-0.1227289948345,,,,,,,,,
-0.00669416912416532,-0.1227289948345,,,,,,,,,
-0.00669416912416532,-0.1227289948345,,,,,,,,,
-0.425260856892154,0.11788906506312,,,,,,,,,
-0.425260856892154,0.11788906506312,,,,,,,,,
-0.425260856892154,0.11788906506312,,,,,,,,,
-0.425260856892154,0.11788906506312,,,,,,,,,
