RobotX,RobotY,t_GoalX,t_GoalY,t_Informed,t_Rrep,t_Rori,t_Ratt,Var9,nAg,groups
0.489116451100646,-0.111109988582126,-0.18035000573788,0.00728413022812507,0.5,0.01,0.12,0.15,T2,8,2
0.489116451100646,-0.111109988582126,,,,,,,,,
0.489116451100646,-0.111109988582126,,,,,,,,,
0.489116451100646,-0.111109988582126,,,,,,,,,
0.18127336083907,0.140889705004489,,,,,,,,,
0.18127336083907,0.140889705004489,,,,,,,,,
0.18127336083907,0.140889705004489,,,,,,,,,
0.18127336083907,0.140889705004489,,,,,,,,,
