RobotX,RobotY,t_GoalX,t_GoalY,t_Informed,t_Rrep,t_Rori,t_Ratt,Var9,nAg,groups
-0.388238351138417,-0.0875597906844424,0.100262629438229,0.054882430689827,0.5,0.01,0.12,0.15,T2,8,2
-0.388238351138417,-0.0875597906844424,,,,,,,,,
-0.388238351138417,-0.0875597906844424,,,,,,,,,
-0.388238351138417,-0.0875597906844424,,,,,,,,,
0.389818418926175,-0.0479850909549724,,,,,,,,,
0.389818418926175,-0.0479850909549724,,,,,,,,,
0.389818418926175,-0.0479850909549724,,,,,,,,,
0.389818418926175,-0.0479850909549724,,,,,,,,,
