RobotX,RobotY,t_GoalX,t_GoalY,t_Informed,t_Rrep,t_Rori,t_Ratt,Var9,nAg,groups
-0.450178091227963,0.0925944490202467,0.353743994688119,-0.0742926105047713,0.5,0.01,0.12,0.15,T2,8,2
-0.450178091227963,0.0925944490202467,,,,,,,,,
-0.450178091227963,0.0925944490202467,,,,,,,,,
-0.450178091227963,0.0925944490202467,,,,,,,,,
-0.115961041343271,-0.102192212167269,,,,,,,,,
-0.115961041343271,-0.102192212167269,,,,,,,,,
-0.115961041343271,-0.102192212167269,,,,,,,,,
-0.115961041343271,-0.102192212167269,,,,,,,,,
