RobotX,RobotY,t_GoalX,t_GoalY,t_Informed,t_Rrep,t_Rori,t_Ratt,Var9,nAg,groups
0.333147265662382,-0.196916841596311,0.130805779868198,0.082241791902546,0.5,0.01,0.12,0.15,T2,8,2
0.333147265662382,-0.196916841596311,,,,,,,,,
0.333147265662382,-0.196916841596311,,,,,,,,,
0.333147265662382,-0.196916841596311,,,,,,,,,
-0.457304773140435,-0.197843210449765,,,,,,,,,
-0.457304773140435,-0.197843210449765,,,,,,,,,
-0.457304773140435,-0.197843210449765,,,,,,,,,
-0.457304773140435,-0.197843210449765,,,,,,,,,
