RobotX,RobotY,t_GoalX,t_GoalY,t_Informed,t_Rrep,t_Rori,t_Ratt,Var9,nAg,groups
0.143989093682509,0.0833740586386957,-0.358112221717693,-0.14575151004802,0.5,0.01,0.12,0.15,T2,8,2
0.143989093682509,0.0833740586386957,,,,,,,,,
0.143989093682509,0.0833740586386957,,,,,,,,,
0.143989093682509,0.0833740586386957,,,,,,,,,
0.446568446200168,0.180608011355055,,,,,,,,,
0.446568446200168,0.180608011355055,,,,,,,,,
0.446568446200168,0.180608011355055,,,,,,,,,
0.446568446200168,0.180608011355055,,,,,,,,,
