RobotX,RobotY,t_GoalX,t_GoalY,t_Informed,t_Rrep,t_Rori,t_Ratt,Var9,nAg,groups
0.0430111432994229,0.167666101308145,0.384044822999596,0.0714488069729493,0.5,0.01,0.12,0.15,T2,8,2
0.0430111432994229,0.167666101308145,,,,,,,,,
0.0430111432994229,0.167666101308145,,,,,,,,,
0.0430111432994229,0.167666101308145,,,,,,,,,
-0.40230282894411,0.0406905031741464,,,,,,,,,
-0.40230282894411,0.0406905031741464,,,,,,,,,
-0.40230282894411,0.0406905031741464,,,,,,,,,
-0.40230282894411,0.0406905031741464,,,,,,,,,
