RobotX,RobotY,t_GoalX,t_GoalY,t_Informed,t_Rrep,t_Rori,t_Ratt,Var9,nAg,groups
0.0653152876206136,0.0561006102314737,0.370124380577225,0.0106099610195433,0.5,0.01,0.12,0.15,T2,8,2
0.0653152876206136,0.0561006102314737,,,,,,,,,
0.0653152876206136,0.0561006102314737,,,,,,,,,
0.0653152876206136,0.0561006102314737,,,,,,,,,
-0.282701085103979,-0.196042171915237,,,,,,,,,
-0.282701085103979,-0.196042171915237,,,,,,,,,
-0.282701085103979,-0.196042171915237,,,,,,,,,
-0.282701085103979,-0.196042171915237,,,,,,,,,
