RobotX,RobotY,t_GoalX,t_GoalY,t_Informed,t_Rrep,t_Rori,t_Ratt,Var9,nAg,groups
-0.338498791452153,-0.075092185129136,0.0319181396599262,-0.010040296151882,0.5,0.01,0.12,0.15,T2,8,2
-0.338498791452153,-0.075092185129136,,,,,,,,,
-0.338498791452153,-0.075092185129136,,,,,,,,,
-0.338498791452153,-0.075092185129136,,,,,,,,,
0.392922984907974,0.060243989572586,,,,,,,,,
0.392922984907974,0.060243989572586,,,,,,,,,
0.392922984907974,0.060243989572586,,,,,,,,,
0.392922984907974,0.060243989572586,,,,,,,,,
