RobotX,RobotY,t_GoalX,t_GoalY,t_Informed,t_Rrep,t_Rori,t_Ratt,Var9,nAg,groups
-0.462257982563515,0.106609899130192,0.215567244107495,-0.0615266911393031,0.5,0.01,0.12,0.15,T2,8,2
-0.462257982563515,0.106609899130192,,,,,,,,,
-0.462257982563515,0.106609899130192,,,,,,,,,
-0.462257982563515,0.106609899130192,,,,,,,,,
-0.0887020110265002,0.0342695938940921,,,,,,,,,
-0.0887020110265002,0.0342695938940921,,,,,,,,,
-0.0887020110265002,0.0342695938940921,,,,,,,,,
-0.0887020110265002,0.0342695938940921,,,,,,,,,
