RobotX,RobotY,t_GoalX,t_GoalY,t_Informed,t_Rrep,t_Rori,t_Ratt,Var9,nAg,groups
-0.133765836546116,0.0285114767746756,0.39970190341386,0.0863131321321642,0.5,0.01,0.12,0.15,T2,8,2
-0.133765836546116,0.0285114767746756,,,,,,,,,
-0.133765836546116,0.0285114767746756,,,,,,,,,
-0.133765836546116,0.0285114767746756,,,,,,,,,
-0.432175811940932,0.152409853564181,,,,,,,,,
-0.432175811940932,0.152409853564181,,,,,,,,,
-0.432175811940932,0.152409853564181,,,,,,,,,
-0.432175811940932,0.152409853564181,,,,,,,,,
