RobotX,RobotY,t_GoalX,t_GoalY,t_Informed,t_Rrep,t_Rori,t_Ratt,Var9,nAg,groups
-0.466503758143257,0.0546397335472346,-0.0709313221717854,0.126968017465069,0.5,0.01,0.12,0.15,T2,8,2
-0.466503758143257,0.0546397335472346,,,,,,,,,
-0.466503758143257,0.0546397335472346,,,,,,,,,
-0.466503758143257,0.0546397335472346,,,,,,,,,
0.488366101300901,-0.0946004272374505,,,,,,,,,
0.488366101300901,-0.0946004272374505,,,,,,,,,
0.488366101300901,-0.0946004272374505,,,,,,,,,
0.488366101300901,-0.0946004272374505,,,,,,,,,
