RobotX,RobotY,t_GoalX,t_GoalY,t_Informed,t_Rrep,t_Rori,t_Ratt,Var9,nAg,groups
0.416819973276796,0.000932037601714203,0.0808556062794488,-0.0289430001390664,0.5,0.01,0.12,0.15,T2,8,2
0.416819973276796,0.000932037601714203,,,,,,,,,
0.416819973276796,0.000932037601714203,,,,,,,,,
0.416819973276796,0.000932037601714203,,,,,,,,,
-0.348765488581122,-0.00647385617211901,,,,,,,,,
-0.348765488581122,-0.00647385617211901,,,,,,,,,
-0.348765488581122,-0.00647385617211901,,,,,,,,,
-0.348765488581122,-0.00647385617211901,,,,,,,,,
