RobotX,RobotY,t_GoalX,t_GoalY,t_Informed,t_Rrep,t_Rori,t_Ratt,Var9,nAg,groups
0.482314377650156,0.195062540403888,0.0206343122346843,-0.0155091539496698,0.5,0.01,0.12,0.15,T2,8,2
0.482314377650156,0.195062540403888,,,,,,,,,
0.482314377650156,0.195062540403888,,,,,,,,,
0.482314377650156,0.195062540403888,,,,,,,,,
-0.406607839221432,-0.123916478485953,,,,,,,,,
-0.406607839221432,-0.123916478485953,,,,,,,,,
-0.406607839221432,-0.123916478485953,,,,,,,,,
-0.406607839221432,-0.123916478485953,,,,,,,,,
