RobotX,RobotY,t_GoalX,t_GoalY,t_Informed,t_Rrep,t_Rori,t_Ratt,Var9,nAg,groups
-0.452495736908474,-0.120588464044334,-0.190428805761965,0.117058365150433,0.5,0.01,0.12,0.15,T2,8,2
-0.452495736908474,-0.120588464044334,,,,,,,,,
-0.452495736908474,-0.120588464044334,,,,,,,,,
-0.452495736908474,-0.120588464044334,,,,,,,,,
0.495748640253142,0.0727451794262174,,,,,,,,,
0.495748640253142,0.0727451794262174,,,,,,,,,
0.495748640253142,0.0727451794262174,,,,,,,,,
0.495748640253142,0.0727451794262174,,,,,,,,,
