RobotX,RobotY,t_GoalX,t_GoalY,t_Informed,t_Rrep,t_Rori,t_Ratt,Var9,nAg,groups
0.438387066624305,0.0635301821545379,0.0367357249423203,0.103271909900936,0.5,0.01,0.12,0.15,T2,8,2
0.438387066624305,0.0635301821545379,,,,,,,,,
0.438387066624305,0.0635301821545379,,,,,,,,,
0.438387066624305,0.0635301821545379,,,,,,,,,
-0.322735414269947,0.0365690039725786,,,,,,,,,
-0.322735414269947,0.0365690039725786,,,,,,,,,
-0.322735414269947,0.0365690039725786,,,,,,,,,
-0.322735414269947,0.0365690039725786,,,,,,,,,
