RobotX,RobotY,t_GoalX,t_GoalY,t_Informed,t_Rrep,t_Rori,t_Ratt,Var9,nAg,groups
0.34291976851156,-0.175113953385967,-0.0936557244879133,0.0944353745172276,0.5,0.01,0.12,0.15,T2,8,2
0.34291976851156,-0.175113953385967,,,,,,,,,
0.34291976851156,-0.175113953385967,,,,,,,,,
0.34291976851156,-0.175113953385967,,,,,,,,,
-0.369176004436562,-0.128385794343885,,,,,,,,,
-0.369176004436562,-0.128385794343885,,,,,,,,,
-0.369176004436562,-0.128385794343885,,,,,,,,,
-0.369176004436562,-0.128385794343885,,,,,,,,,
