RobotX,RobotY,t_GoalX,t_GoalY,t_Informed,t_Rrep,t_Rori,t_Ratt,Var9,nAg,groups
0.473902316450466,-0.0865963349459202,-0.119759902202016,0.0422754222733102,0.5,0.01,0.12,0.15,T2,8,2
0.473902316450466,-0.0865963349459202,,,,,,,,,
0.473902316450466,-0.0865963349459202,,,,,,,,,
0.473902316450466,-0.0865963349459202,,,,,,,,,
-0.489322354510301,0.165462351619972,,,,,,,,,
-0.489322354510301,0.165462351619972,,,,,,,,,
-0.489322354510301,0.165462351619972,,,,,,,,,
-0.489322354510301,0.165462351619972,,,,,,,,,
