RobotX,RobotY,t_GoalX,t_GoalY,t_Informed,t_Rrep,t_Rori,t_Ratt,Var9,nAg,groups
-0.477359146729991,-0.1090304207537,-0.165916805245882,-0.0593184128469374,0.5,0.01,0.12,0.15,T2,8,2
-0.477359146729991,-0.1090304207537,,,,,,,,,
-0.477359146729991,-0.1090304207537,,,,,,,,,
-0.477359146729991,-0.1090304207537,,,,,,,,,
0.432001748059535,0.0137241589415733,,,,,,,,,
0.432001748059535,0.0137241589415733,,,,,,,,,
0.432001748059535,0.0137241589415733,,,,,,,,,
0.432001748059535,0.0137241589415733,,,,,,,,,
