RobotX,RobotY,t_GoalX,t_GoalY,t_Informed,t_Rrep,t_Rori,t_Ratt,Var9,nAg,groups
-0.448311850494698,0.182071512960068,0.362432611664151,-0.0620881390700348,0.5,0.01,0.12,0.15,T2,8,2
-0.448311850494698,0.182071512960068,,,,,,,,,
-0.448311850494698,0.182071512960068,,,,,,,,,
-0.448311850494698,0.182071512960068,,,,,,,,,
-0.00590431058870899,0.0117235387752394,,,,,,,,,
-0.00590431058870899,0.0117235387752394,,,,,,,,,
-0.00590431058870899,0.0117235387752394,,,,,,,,,
-0.00590431058870899,0.0117235387752394,,,,,,,,,
