RobotX,RobotY,t_GoalX,t_GoalY,t_Informed,t_Rrep,t_Rori,t_Ratt,Var9,nAg,groups
-0.0232188876463421,-0.0268736030027135,0.308583124930557,-0.144736460720228,0.5,0.01,0.12,0.15,T2,8,2
-0.0232188876463421,-0.0268736030027135,,,,,,,,,
-0.0232188876463421,-0.0268736030027135,,,,,,,,,
-0.0232188876463421,-0.0268736030027135,,,,,,,,,
-0.45530890952332,-0.00210896956535084,,,,,,,,,
-0.45530890952332,-0.00210896956535084,,,,,,,,,
-0.45530890952332,-0.00210896956535084,,,,,,,,,
-0.45530890952332,-0.00210896956535084,,,,,,,,,
