RobotX,RobotY,t_GoalX,t_GoalY,t_Informed,t_Rrep,t_Rori,t_Ratt,Var9,nAg,groups
0.441162863902219,-0.119478499640593,-0.276637322797518,-0.0231136648931489,0.5,0.01,0.12,0.15,T2,8,2
0.441162863902219,-0.119478499640593,,,,,,,,,
0.441162863902219,-0.119478499640593,,,,,,,,,
0.441162863902219,-0.119478499640593,,,,,,,,,
0.0616313607462188,0.0653608324444363,,,,,,,,,
0.0616313607462188,0.0653608324444363,,,,,,,,,
0.0616313607462188,0.0653608324444363,,,,,,,,,
0.0616313607462188,0.0653608324444363,,,,,,,,,
