RobotX,RobotY,t_GoalX,t_GoalY,t_Informed,t_Rrep,t_Rori,t_Ratt,Var9,nAg,groups
0.452891459428342,-0.0783634121444067,0.231457983540568,0.134504573109645,0.5,0.01,0.12,0.15,T2,8,2
0.452891459428342,-0.0783634121444067,,,,,,,,,
0.452891459428342,-0.0783634121444067,,,,,,,,,
0.452891459428342,-0.0783634121444067,,,,,,,,,
-0.192333529292465,-0.0937426752593382,,,,,,,,,
-0.192333529292465,-0.0937426752593382,,,,,,,,,
-0.192333529292465,-0.0937426752593382,,,,,,,,,
-0.192333529292465,-0.0937426752593382,,,,,,,,,
