RobotX,RobotY,t_GoalX,t_GoalY,t_Informed,t_Rrep,t_Rori,t_Ratt,Var9,nAg,groups
0.177697376561872,-0.0745378397922393,-0.296667382659511,0.120144622421656,0.5,0.01,0.12,0.15,T2,8,2
0.177697376561872,-0.0745378397922393,,,,,,,,,
0.177697376561872,-0.0745378397922393,,,,,,,,,
0.177697376561872,-0.0745378397922393,,,,,,,,,
-0.129548747222533,-0.158243967348982,,,,,,,,,
-0.129548747222533,-0.158243967348982,,,,,,,,,
-0.129548747222533,-0.158243967348982,,,,,,,,,
-0.129548747222533,-0.158243967348982,,,,,,,,,
