RobotX,RobotY,t_GoalX,t_GoalY,t_Rrep,t_Rori,t_Ratt,Var8,nAg,groups
0.185735626158109,0.000191237486637602,-0.388050533899194,-0.174496855056903,0.01,0.15,0.2,T3,4,2
0.185735626158109,0.000191237486637602,-0.387033867968989,0.168562550899474,,,,,,
-0.213546570357675,-0.0660174125197082,-0.144588926095177,0.181262351332789,,,,,,
-0.213546570357675,-0.0660174125197082,-0.0842361438650715,-0.116954173274052,,,,,,
