RobotX,RobotY,t_GoalX,t_GoalY,t_Rrep,t_Rori,t_Ratt,Var8,nAg,groups
-0.331474139124963,0.114489394847459,-0.327727413822074,-0.172392648019171,0.01,0.15,0.2,T3,4,2
-0.331474139124963,0.114489394847459,-0.46639447395453,-0.157260617263056,,,,,,
0.107868562904522,0.173464578505927,0.123244064067475,-0.0715621439794994,,,,,,
0.107868562904522,0.173464578505927,-0.444835412517012,0.0168914651620445,,,,,,
