RobotX,RobotY,t_GoalX,t_GoalY,t_Rrep,t_Rori,t_Ratt,Var8,nAg,groups
-0.486616828436264,0.0542886145902602,-0.242656305602344,-0.070443854761731,0.01,0.15,0.2,T3,4,2
-0.486616828436264,0.0542886145902602,0.37637957199496,-0.133359929082871,,,,,,
-0.131805825687488,-0.148371771519739,0.192631112466796,0.0690606441435199,,,,,,
-0.131805825687488,-0.148371771519739,-0.376725200116327,-0.146940913936262,,,,,,
