RobotX,RobotY,t_GoalX,t_GoalY,t_Rrep,t_Rori,t_Ratt,Var8,nAg,groups
0.46668502717679,-0.16495036545669,0.047408560171553,0.167721772649226,0.01,0.15,0.2,T3,4,2
0.46668502717679,-0.16495036545669,-0.417771487897516,0.0477431210246281,,,,,,
0.444798762087922,0.0893687742149154,-0.0800262617819605,-0.0425194566490179,,,,,,
0.444798762087922,0.0893687742149154,0.311627944752498,-0.110170333320798,,,,,,
