RobotX,RobotY,t_GoalX,t_GoalY,t_Rrep,t_Rori,t_Ratt,Var8,nAg,groups
-0.17687876242058,0.130650999674383,0.134254774349443,0.125678176827547,0.01,0.12,0.15,T2,8,2
-0.17687876242058,0.130650999674383,-0.0440015927615703,0.0394149470202088,,,,,,
-0.17687876242058,0.130650999674383,-0.438102104206748,0.167276111123337,,,,,,
-0.17687876242058,0.130650999674383,0.148262802911252,-0.0496623222888484,,,,,,
-0.484846942051623,-0.0360152587382783,,,,,,,,
-0.484846942051623,-0.0360152587382783,,,,,,,,
-0.484846942051623,-0.0360152587382783,,,,,,,,
-0.484846942051623,-0.0360152587382783,,,,,,,,
