RobotX,RobotY,t_GoalX,t_GoalY,t_Rrep,t_Rori,t_Ratt,Var8,nAg,groups
0.168886379099599,0.160269618010453,-0.00855948786575167,-0.0707638566862163,0.01,0.12,0.15,T2,8,2
0.168886379099599,0.160269618010453,0.0969164443202646,0.0502231527798075,,,,,,
0.168886379099599,0.160269618010453,0.371490932973594,-0.0616074463804164,,,,,,
0.168886379099599,0.160269618010453,-0.457984445158187,-0.0845116096874162,,,,,,
-0.117971463689281,0.190433421262656,,,,,,,,
-0.117971463689281,0.190433421262656,,,,,,,,
-0.117971463689281,0.190433421262656,,,,,,,,
-0.117971463689281,0.190433421262656,,,,,,,,
