RobotX,RobotY,t_GoalX,t_GoalY,t_Rrep,t_Rori,t_Ratt,Var8,nAg,groups
0.21632404495238,0.129447192177889,-0.365232714044379,0.0406625788779683,0.01,0.12,0.15,T2,8,2
0.21632404495238,0.129447192177889,-0.140686937813727,0.183560689606473,,,,,,
0.21632404495238,0.129447192177889,0.30739963540034,0.198783298469843,,,,,,
0.21632404495238,0.129447192177889,-0.159089290290608,0.0424248381303027,,,,,,
-0.306513921481265,0.172735603853797,,,,,,,,
-0.306513921481265,0.172735603853797,,,,,,,,
-0.306513921481265,0.172735603853797,,,,,,,,
-0.306513921481265,0.172735603853797,,,,,,,,
