RobotX,RobotY,t_GoalX,t_GoalY,t_Rrep,t_Rori,t_Ratt,Var8,nAg,groups
-0.392570978809047,0.156855455450913,0.439125112246943,-0.0166652597705602,0.01,0.12,0.15,T2,8,2
-0.392570978809047,0.156855455450913,0.186670335908496,-0.152252412873093,,,,,,
-0.392570978809047,0.156855455450913,-0.0662548135995141,-0.180483062720183,,,,,,
-0.392570978809047,0.156855455450913,-0.480030642816178,0.0591245441438544,,,,,,
-0.0886640598626193,0.167421038752308,,,,,,,,
-0.0886640598626193,0.167421038752308,,,,,,,,
-0.0886640598626193,0.167421038752308,,,,,,,,
-0.0886640598626193,0.167421038752308,,,,,,,,
