RobotX,RobotY,t_GoalX,t_GoalY,t_Rrep,t_Rori,t_Ratt,Var8,nAg,groups
-0.0102664633008538,-0.0210479670012024,0.269094529987744,-0.148552175409525,0.01,0.12,0.15,V,8,8
-0.341840386295813,-0.026670034274694,,,,,,,,
0.209177003399453,0.0744191537839276,,,,,,,,
-0.478035848469479,-0.0868811841187254,,,,,,,,
-0.0932594775370137,0.12261901038463,,,,,,,,
-0.0718232616623078,-0.173090154842188,,,,,,,,
0.447706031043316,-0.122851066879435,,,,,,,,
0.127597613165584,0.176857159694234,,,,,,,,
