RobotX,RobotY,t_GoalX,t_GoalY,t_Rrep,t_Rori,t_Ratt,Var8,nAg,groups
0.346410131189971,-0.0336195584870581,0.121282629797003,0.0382365289255982,0.01,0.12,0.15,V,8,8
0.365749869452766,0.112165056044338,,,,,,,,
-0.210833277468767,-0.0294015797464487,,,,,,,,
0.258900289143852,0.0339510396972153,,,,,,,,
-0.322240330703452,0.0114883653064033,,,,,,,,
0.440478847353688,0.187564032068282,,,,,,,,
0.13521935699259,-0.179617012156219,,,,,,,,
-0.491575618782023,-0.0325281577916962,,,,,,,,
