RobotX,RobotY,t_GoalX,t_GoalY,t_Rrep,t_Rori,t_Ratt,Var8,nAg,groups
-0.361147576157007,0.190091959115858,0.13430384060425,-0.06657089224852,0.01,0.12,0.15,V,8,8
0.487264961550294,-0.073274060470368,,,,,,,,
0.40338420093863,0.0669963226334201,,,,,,,,
-0.0730171786715834,-0.0117933304040287,,,,,,,,
-0.447989700181437,-0.0665202774609586,,,,,,,,
-0.394418736819365,0.0928927074445724,,,,,,,,
0.201049626879277,-0.18752931428114,,,,,,,,
-0.0752847685386152,0.16191462950608,,,,,,,,
