RobotX,RobotY,t_GoalX,t_GoalY,t_Rrep,t_Rori,t_Ratt,Var8,nAg,groups
0.148791526264974,0.159189590955613,0.367386317530302,-0.0888060752992745,0.01,0.12,0.15,V,8,8
-0.0363912655538875,-0.10772102208051,,,,,,,,
0.443909782898808,0.195803388887538,,,,,,,,
0.202056401458633,0.0558929639807249,,,,,,,,
-0.435179807760482,-0.163711845294741,,,,,,,,
0.489867297905876,-0.00861693907357336,,,,,,,,
-0.487499610976364,0.142376770127628,,,,,,,,
0.30359097126838,0.043510434443412,,,,,,,,
