RobotX,RobotY,t_GoalX,t_GoalY,t_Rrep,t_Rori,t_Ratt,Var8,nAg,groups
-0.112246164779151,-0.145548100966007,0.235599294021198,0.00936906164068896,0.01,0.12,0.15,T3,4,2
-0.112246164779151,-0.145548100966007,0.17339472690002,-0.102141785601357,,,,,,
-0.240906589224919,-0.00965639186101167,-0.444025832572706,-0.0466395566085159,,,,,,
-0.240906589224919,-0.00965639186101167,-0.378283001413607,0.187980105601749,,,,,,
