RobotX,RobotY,t_GoalX,t_GoalY,t_Rrep,t_Rori,t_Ratt,Var8,nAg,groups
0.266334398445384,0.0250547181378372,0.0105621772899428,0.158416967368824,0.01,0.12,0.15,T3,4,2
0.266334398445384,0.0250547181378372,-0.360250664554541,-0.0744846743508722,,,,,,
-0.123294470186365,0.195314302291802,-0.126431236653962,0.03962119980644,,,,,,
-0.123294470186365,0.195314302291802,-0.40384145252943,-0.19501254530101,,,,,,
