RobotX,RobotY,t_GoalX,t_GoalY,t_Rrep,t_Rori,t_Ratt,Var8,nAg,groups
0.1132668942247,-0.0913547089905371,0.06969962619215,0.0506255825203505,0.01,0.12,0.15,T3,4,2
0.1132668942247,-0.0913547089905371,-0.460793979058588,-0.152487370787937,,,,,,
-0.336373023698742,0.0945337756497319,-0.11086031055934,0.0701575978763018,,,,,,
-0.336373023698742,0.0945337756497319,0.480425883810596,-0.115222481316417,,,,,,
