RobotX,RobotY,t_GoalX,t_GoalY,t_Rrep,t_Rori,t_Ratt,Var8,nAg,groups
-0.150623378027054,-0.143640258244855,-0.112735144159026,-0.0376638569351683,0.01,0.12,0.15,T3,4,2
-0.150623378027054,-0.143640258244855,0.369147178390926,0.180387904106743,,,,,,
0.0752433822685596,0.0185413099069827,0.303763784083192,-0.101856985448862,,,,,,
0.0752433822685596,0.0185413099069827,-0.356617809964489,0.0677291897662353,,,,,,
