RobotX,RobotY,t_GoalX,t_GoalY,t_Rrep,t_Rori,t_Ratt,Var8,nAg,groups
-0.434918494252456,0.149666637207222,0.276481298990798,0.104601530646249,0.01,0.12,0.15,T3,4,2
-0.434918494252456,0.149666637207222,-0.149331412580272,-0.126926874608175,,,,,,
-0.117046557059258,0.0713387580866244,0.477104899317555,0.122534582444003,,,,,,
-0.117046557059258,0.0713387580866244,0.070853704437373,-0.121307328130182,,,,,,
