RobotX,RobotY,t_GoalX,t_GoalY,t_Rrep,t_Rori,t_Ratt,Var8,nAg,groups
0.213469560784717,-0.102545422539843,-0.146593079458771,-0.0085354138268173,0.01,0.15,0.2,V,8,2
0.213469560784717,-0.102545422539843,0.451204394382254,-0.0866191674332631,,,,,,
0.213469560784717,-0.102545422539843,-0.496795145770817,0.0737598582483717,,,,,,
0.213469560784717,-0.102545422539843,-0.274884894499247,-0.188800648991838,,,,,,
0.26142251187991,0.187433607140713,,,,,,,,
0.26142251187991,0.187433607140713,,,,,,,,
0.26142251187991,0.187433607140713,,,,,,,,
0.26142251187991,0.187433607140713,,,,,,,,
