RobotX,RobotY,t_GoalX,t_GoalY,t_Rrep,t_Rori,t_Ratt,Var8,nAg,groups
-0.298767344317126,-0.093989067142503,0.0778015481807645,0.0013885786097812,0.01,0.15,0.2,V,8,2
-0.298767344317126,-0.093989067142503,0.02732010622141,-0.184016473274827,,,,,,
-0.298767344317126,-0.093989067142503,-0.055847439498301,0.0349802354140458,,,,,,
-0.298767344317126,-0.093989067142503,0.357970470263722,-0.0578094973651489,,,,,,
-0.376330946981204,0.13582579931544,,,,,,,,
-0.376330946981204,0.13582579931544,,,,,,,,
-0.376330946981204,0.13582579931544,,,,,,,,
-0.376330946981204,0.13582579931544,,,,,,,,
