RobotX,RobotY,t_GoalX,t_GoalY,t_Rrep,t_Rori,t_Ratt,Var8,nAg,groups
0.0359154062382285,0.126115524357917,-0.386302691872253,0.0664682245771701,0.01,0.15,0.2,V,8,2
0.0359154062382285,0.126115524357917,-0.295052151438504,0.149316168918151,,,,,,
0.0359154062382285,0.126115524357917,-0.45230437325331,-0.120624189073826,,,,,,
0.0359154062382285,0.126115524357917,0.268791465936785,0.184463909690917,,,,,,
-0.140676754170759,0.175283776513033,,,,,,,,
-0.140676754170759,0.175283776513033,,,,,,,,
-0.140676754170759,0.175283776513033,,,,,,,,
-0.140676754170759,0.175283776513033,,,,,,,,
