RobotX,RobotY,t_GoalX,t_GoalY,t_Informed,t_Rrep,t_Rori,t_Ratt,Var9,nAg,groups
-0.166487295726716,-0.00876123225759368,0.34933719494914,-0.00139012898058694,0.5,0.01,0.12,0.15,T2,8,1
-0.166487295726716,-0.00876123225759368,,,,,,,,,
-0.166487295726716,-0.00876123225759368,,,,,,,,,
-0.166487295726716,-0.00876123225759368,,,,,,,,,
-0.166487295726716,-0.00876123225759368,,,,,,,,,
-0.166487295726716,-0.00876123225759368,,,,,,,,,
-0.166487295726716,-0.00876123225759368,,,,,,,,,
-0.166487295726716,-0.00876123225759368,,,,,,,,,
