RobotX,RobotY,t_GoalX,t_GoalY,t_Informed,t_Rrep,t_Rori,t_Ratt,Var9,nAg,groups
-0.361047829229796,-0.144188217133588,0.106160857117177,-0.0481619595291247,0.5,0.01,0.12,0.15,T2,8,1
-0.361047829229796,-0.144188217133588,,,,,,,,,
-0.361047829229796,-0.144188217133588,,,,,,,,,
-0.361047829229796,-0.144188217133588,,,,,,,,,
-0.361047829229796,-0.144188217133588,,,,,,,,,
-0.361047829229796,-0.144188217133588,,,,,,,,,
-0.361047829229796,-0.144188217133588,,,,,,,,,
-0.361047829229796,-0.144188217133588,,,,,,,,,
