RobotX,RobotY,t_GoalX,t_GoalY,t_Informed,t_Rrep,t_Rori,t_Ratt,Var9,nAg,groups
0.41113455237123,-0.0261335248583651,-0.275638270166934,-0.0976327448738709,0.5,0.01,0.12,0.15,T2,8,1
0.41113455237123,-0.0261335248583651,,,,,,,,,
0.41113455237123,-0.0261335248583651,,,,,,,,,
0.41113455237123,-0.0261335248583651,,,,,,,,,
0.41113455237123,-0.0261335248583651,,,,,,,,,
0.41113455237123,-0.0261335248583651,,,,,,,,,
0.41113455237123,-0.0261335248583651,,,,,,,,,
0.41113455237123,-0.0261335248583651,,,,,,,,,
