RobotX,RobotY,t_GoalX,t_GoalY,t_Informed,t_Rrep,t_Rori,t_Ratt,Var9,nAg,groups
0.273170678460483,0.0257554839383653,-0.0770972193859109,0.076547570367293,0.5,0.01,0.12,0.15,T2,8,1
0.273170678460483,0.0257554839383653,,,,,,,,,
0.273170678460483,0.0257554839383653,,,,,,,,,
0.273170678460483,0.0257554839383653,,,,,,,,,
0.273170678460483,0.0257554839383653,,,,,,,,,
0.273170678460483,0.0257554839383653,,,,,,,,,
0.273170678460483,0.0257554839383653,,,,,,,,,
0.273170678460483,0.0257554839383653,,,,,,,,,
