RobotX,RobotY,t_GoalX,t_GoalY,t_Informed,t_Rrep,t_Rori,t_Ratt,Var9,nAg,groups
0.445312870246056,-0.0471748740632779,-0.0634872501021033,-0.0751590406160569,0.5,0.01,0.12,0.15,T2,8,1
0.445312870246056,-0.0471748740632779,,,,,,,,,
0.445312870246056,-0.0471748740632779,,,,,,,,,
0.445312870246056,-0.0471748740632779,,,,,,,,,
0.445312870246056,-0.0471748740632779,,,,,,,,,
0.445312870246056,-0.0471748740632779,,,,,,,,,
0.445312870246056,-0.0471748740632779,,,,,,,,,
0.445312870246056,-0.0471748740632779,,,,,,,,,
