RobotX,RobotY,t_GoalX,t_GoalY,t_Informed,t_Rrep,t_Rori,t_Ratt,Var9,nAg,groups
-0.452510918412774,-0.154932669055185,0.00214304452082564,-0.143390903419442,0.5,0.01,0.12,0.15,T2,8,1
-0.452510918412774,-0.154932669055185,,,,,,,,,
-0.452510918412774,-0.154932669055185,,,,,,,,,
-0.452510918412774,-0.154932669055185,,,,,,,,,
-0.452510918412774,-0.154932669055185,,,,,,,,,
-0.452510918412774,-0.154932669055185,,,,,,,,,
-0.452510918412774,-0.154932669055185,,,,,,,,,
-0.452510918412774,-0.154932669055185,,,,,,,,,
