RobotX,RobotY,t_GoalX,t_GoalY,t_Informed,t_Rrep,t_Rori,t_Ratt,Var9,nAg,groups
0.413892834632402,-0.00707970437204772,-0.0371212352410374,0.135907881662043,0.5,0.01,0.12,0.15,T2,8,1
0.413892834632402,-0.00707970437204772,,,,,,,,,
0.413892834632402,-0.00707970437204772,,,,,,,,,
0.413892834632402,-0.00707970437204772,,,,,,,,,
0.413892834632402,-0.00707970437204772,,,,,,,,,
0.413892834632402,-0.00707970437204772,,,,,,,,,
0.413892834632402,-0.00707970437204772,,,,,,,,,
0.413892834632402,-0.00707970437204772,,,,,,,,,
