RobotX,RobotY,t_GoalX,t_GoalY,t_Informed,t_Rrep,t_Rori,t_Ratt,Var9,nAg,groups
-0.360273143364458,0.0107556499950267,-0.0265456443974168,-0.0801180066288022,0.5,0.01,0.12,0.15,T2,8,1
-0.360273143364458,0.0107556499950267,,,,,,,,,
-0.360273143364458,0.0107556499950267,,,,,,,,,
-0.360273143364458,0.0107556499950267,,,,,,,,,
-0.360273143364458,0.0107556499950267,,,,,,,,,
-0.360273143364458,0.0107556499950267,,,,,,,,,
-0.360273143364458,0.0107556499950267,,,,,,,,,
-0.360273143364458,0.0107556499950267,,,,,,,,,
