RobotX,RobotY,t_GoalX,t_GoalY,t_Informed,t_Rrep,t_Rori,t_Ratt,Var9,nAg,groups
-0.413085123710466,0.120387552402703,0.000440653672824864,-0.0555105553451497,0.5,0.01,0.12,0.15,T2,8,1
-0.413085123710466,0.120387552402703,,,,,,,,,
-0.413085123710466,0.120387552402703,,,,,,,,,
-0.413085123710466,0.120387552402703,,,,,,,,,
-0.413085123710466,0.120387552402703,,,,,,,,,
-0.413085123710466,0.120387552402703,,,,,,,,,
-0.413085123710466,0.120387552402703,,,,,,,,,
-0.413085123710466,0.120387552402703,,,,,,,,,
