RobotX,RobotY,t_GoalX,t_GoalY,t_Informed,t_Rrep,t_Rori,t_Ratt,Var9,nAg,groups
-0.496068864168706,-0.119105206023927,0.0277469466784537,-0.121422247366975,0.5,0.01,0.12,0.15,T2,8,1
-0.496068864168706,-0.119105206023927,,,,,,,,,
-0.496068864168706,-0.119105206023927,,,,,,,,,
-0.496068864168706,-0.119105206023927,,,,,,,,,
-0.496068864168706,-0.119105206023927,,,,,,,,,
-0.496068864168706,-0.119105206023927,,,,,,,,,
-0.496068864168706,-0.119105206023927,,,,,,,,,
-0.496068864168706,-0.119105206023927,,,,,,,,,
