RobotX,RobotY,t_GoalX,t_GoalY,t_Informed,t_Rrep,t_Rori,t_Ratt,Var9,nAg,groups
0.440378017268709,0.0120499763148119,0.096452256850977,0.0796851211406478,0.5,0.01,0.12,0.15,T2,8,1
0.440378017268709,0.0120499763148119,,,,,,,,,
0.440378017268709,0.0120499763148119,,,,,,,,,
0.440378017268709,0.0120499763148119,,,,,,,,,
0.440378017268709,0.0120499763148119,,,,,,,,,
0.440378017268709,0.0120499763148119,,,,,,,,,
0.440378017268709,0.0120499763148119,,,,,,,,,
0.440378017268709,0.0120499763148119,,,,,,,,,
