RobotX,RobotY,t_GoalX,t_GoalY,t_Informed,t_Rrep,t_Rori,t_Ratt,Var9,nAg,groups
-0.0237067444801395,-0.0932764385034231,0.356760357899878,0.00729227062855059,0.5,0.01,0.12,0.15,T2,8,1
-0.0237067444801395,-0.0932764385034231,,,,,,,,,
-0.0237067444801395,-0.0932764385034231,,,,,,,,,
-0.0237067444801395,-0.0932764385034231,,,,,,,,,
-0.0237067444801395,-0.0932764385034231,,,,,,,,,
-0.0237067444801395,-0.0932764385034231,,,,,,,,,
-0.0237067444801395,-0.0932764385034231,,,,,,,,,
-0.0237067444801395,-0.0932764385034231,,,,,,,,,
