RobotX,RobotY,t_GoalX,t_GoalY,t_Informed,t_Rrep,t_Rori,t_Ratt,Var9,nAg,groups
-0.0800713215755069,0.18184457245753,0.390840923791962,-0.119601189709615,0.5,0.01,0.12,0.15,T2,8,1
-0.0800713215755069,0.18184457245753,,,,,,,,,
-0.0800713215755069,0.18184457245753,,,,,,,,,
-0.0800713215755069,0.18184457245753,,,,,,,,,
-0.0800713215755069,0.18184457245753,,,,,,,,,
-0.0800713215755069,0.18184457245753,,,,,,,,,
-0.0800713215755069,0.18184457245753,,,,,,,,,
-0.0800713215755069,0.18184457245753,,,,,,,,,
