RobotX,RobotY,t_GoalX,t_GoalY,t_Informed,t_Rrep,t_Rori,t_Ratt,Var9,nAg,groups
-0.477304450198547,-0.125330984701116,-0.0668220134473964,-0.00172623626360482,0.5,0.01,0.12,0.15,T2,8,1
-0.477304450198547,-0.125330984701116,,,,,,,,,
-0.477304450198547,-0.125330984701116,,,,,,,,,
-0.477304450198547,-0.125330984701116,,,,,,,,,
-0.477304450198547,-0.125330984701116,,,,,,,,,
-0.477304450198547,-0.125330984701116,,,,,,,,,
-0.477304450198547,-0.125330984701116,,,,,,,,,
-0.477304450198547,-0.125330984701116,,,,,,,,,
