RobotX,RobotY,t_GoalX,t_GoalY,t_Informed,t_Rrep,t_Rori,t_Ratt,Var9,nAg,groups
0.495588242588862,0.00439520748848987,-0.00926002993864949,-0.0225327305738845,0.5,0.01,0.12,0.15,T2,8,1
0.495588242588862,0.00439520748848987,,,,,,,,,
0.495588242588862,0.00439520748848987,,,,,,,,,
0.495588242588862,0.00439520748848987,,,,,,,,,
0.495588242588862,0.00439520748848987,,,,,,,,,
0.495588242588862,0.00439520748848987,,,,,,,,,
0.495588242588862,0.00439520748848987,,,,,,,,,
0.495588242588862,0.00439520748848987,,,,,,,,,
