RobotX,RobotY,t_GoalX,t_GoalY,t_Informed,t_Rrep,t_Rori,t_Ratt,Var9,nAg,groups
0.389428387543005,-0.0579281782265702,-0.124118383769179,0.106423646387004,0.5,0.01,0.12,0.15,T2,8,1
0.389428387543005,-0.0579281782265702,,,,,,,,,
0.389428387543005,-0.0579281782265702,,,,,,,,,
0.389428387543005,-0.0579281782265702,,,,,,,,,
0.389428387543005,-0.0579281782265702,,,,,,,,,
0.389428387543005,-0.0579281782265702,,,,,,,,,
0.389428387543005,-0.0579281782265702,,,,,,,,,
0.389428387543005,-0.0579281782265702,,,,,,,,,
