RobotX,RobotY,t_GoalX,t_GoalY,t_Informed,t_Rrep,t_Rori,t_Ratt,Var9,nAg,groups
0.404344825511103,0.0937554020066108,0.0121822013736811,-0.00350071635913579,0.5,0.01,0.12,0.15,T2,8,1
0.404344825511103,0.0937554020066108,,,,,,,,,
0.404344825511103,0.0937554020066108,,,,,,,,,
0.404344825511103,0.0937554020066108,,,,,,,,,
0.404344825511103,0.0937554020066108,,,,,,,,,
0.404344825511103,0.0937554020066108,,,,,,,,,
0.404344825511103,0.0937554020066108,,,,,,,,,
0.404344825511103,0.0937554020066108,,,,,,,,,
