RobotX,RobotY,t_GoalX,t_GoalY,t_Informed,t_Rrep,t_Rori,t_Ratt,Var9,nAg,groups
-0.428412048308073,0.170028650771502,0.161957788734081,-0.0999348613409246,0.5,0.01,0.12,0.15,T2,8,1
-0.428412048308073,0.170028650771502,,,,,,,,,
-0.428412048308073,0.170028650771502,,,,,,,,,
-0.428412048308073,0.170028650771502,,,,,,,,,
-0.428412048308073,0.170028650771502,,,,,,,,,
-0.428412048308073,0.170028650771502,,,,,,,,,
-0.428412048308073,0.170028650771502,,,,,,,,,
-0.428412048308073,0.170028650771502,,,,,,,,,
