RobotX,RobotY,t_GoalX,t_GoalY,t_Informed,t_Rrep,t_Rori,t_Ratt,Var9,nAg,groups
0.338787585353936,0.0770760089731747,-0.00428516170941984,-0.0141856352198072,0.5,0.01,0.12,0.15,T2,8,1
0.338787585353936,0.0770760089731747,,,,,,,,,
0.338787585353936,0.0770760089731747,,,,,,,,,
0.338787585353936,0.0770760089731747,,,,,,,,,
0.338787585353936,0.0770760089731747,,,,,,,,,
0.338787585353936,0.0770760089731747,,,,,,,,,
0.338787585353936,0.0770760089731747,,,,,,,,,
0.338787585353936,0.0770760089731747,,,,,,,,,
