RobotX,RobotY,t_GoalX,t_GoalY,t_Informed,t_Rrep,t_Rori,t_Ratt,Var9,nAg,groups
-0.167954453736382,0.172809479856392,0.241355719922217,-0.119763695393007,0.5,0.01,0.12,0.15,T2,8,1
-0.167954453736382,0.172809479856392,,,,,,,,,
-0.167954453736382,0.172809479856392,,,,,,,,,
-0.167954453736382,0.172809479856392,,,,,,,,,
-0.167954453736382,0.172809479856392,,,,,,,,,
-0.167954453736382,0.172809479856392,,,,,,,,,
-0.167954453736382,0.172809479856392,,,,,,,,,
-0.167954453736382,0.172809479856392,,,,,,,,,
