RobotX,RobotY,t_GoalX,t_GoalY,t_Informed,t_Rrep,t_Rori,t_Ratt,Var9,nAg,groups
0.296245720457199,0.130638287883637,-0.108486469952955,-0.13954109237515,0.5,0.01,0.12,0.15,T2,8,1
0.296245720457199,0.130638287883637,,,,,,,,,
0.296245720457199,0.130638287883637,,,,,,,,,
0.296245720457199,0.130638287883637,,,,,,,,,
0.296245720457199,0.130638287883637,,,,,,,,,
0.296245720457199,0.130638287883637,,,,,,,,,
0.296245720457199,0.130638287883637,,,,,,,,,
0.296245720457199,0.130638287883637,,,,,,,,,
