RobotX,RobotY,t_GoalX,t_GoalY,t_Informed,t_Rrep,t_Rori,t_Ratt,Var9,nAg,groups
0.298117398749936,0.137238645335161,-0.379790219360822,0.0689286451269513,0.5,0.01,0.12,0.15,T2,8,1
0.298117398749936,0.137238645335161,,,,,,,,,
0.298117398749936,0.137238645335161,,,,,,,,,
0.298117398749936,0.137238645335161,,,,,,,,,
0.298117398749936,0.137238645335161,,,,,,,,,
0.298117398749936,0.137238645335161,,,,,,,,,
0.298117398749936,0.137238645335161,,,,,,,,,
0.298117398749936,0.137238645335161,,,,,,,,,
