RobotX,RobotY,t_GoalX,t_GoalY,t_Informed,t_Rrep,t_Rori,t_Ratt,Var9,nAg,groups
0.372576135250742,0.143411608994415,-0.316201181475503,-0.00607935501928983,0.5,0.01,0.12,0.15,T2,8,1
0.372576135250742,0.143411608994415,,,,,,,,,
0.372576135250742,0.143411608994415,,,,,,,,,
0.372576135250742,0.143411608994415,,,,,,,,,
0.372576135250742,0.143411608994415,,,,,,,,,
0.372576135250742,0.143411608994415,,,,,,,,,
0.372576135250742,0.143411608994415,,,,,,,,,
0.372576135250742,0.143411608994415,,,,,,,,,
