RobotX,RobotY,t_GoalX,t_GoalY,t_Informed,t_Rrep,t_Rori,t_Ratt,Var9,nAg,groups
-0.494161739397608,0.105148710313157,0.0316334760573748,-0.00484953286214987,0.5,0.01,0.12,0.15,T2,8,1
-0.494161739397608,0.105148710313157,,,,,,,,,
-0.494161739397608,0.105148710313157,,,,,,,,,
-0.494161739397608,0.105148710313157,,,,,,,,,
-0.494161739397608,0.105148710313157,,,,,,,,,
-0.494161739397608,0.105148710313157,,,,,,,,,
-0.494161739397608,0.105148710313157,,,,,,,,,
-0.494161739397608,0.105148710313157,,,,,,,,,
