RobotX,RobotY,t_GoalX,t_GoalY,t_Informed,t_Rrep,t_Rori,t_Ratt,Var9,nAg,groups
0.271277022731429,-0.10222021428411,-0.187331609234733,-0.000416723318192258,0.5,0.01,0.12,0.15,T2,8,1
0.271277022731429,-0.10222021428411,,,,,,,,,
0.271277022731429,-0.10222021428411,,,,,,,,,
0.271277022731429,-0.10222021428411,,,,,,,,,
0.271277022731429,-0.10222021428411,,,,,,,,,
0.271277022731429,-0.10222021428411,,,,,,,,,
0.271277022731429,-0.10222021428411,,,,,,,,,
0.271277022731429,-0.10222021428411,,,,,,,,,
