RobotX,RobotY,t_GoalX,t_GoalY,t_Informed,t_Rrep,t_Rori,t_Ratt,Var9,nAg,groups
0.333706970292574,0.164517686039521,0.0282614879741507,0.0403074352409,0.5,0.01,0.12,0.15,T2,8,1
0.333706970292574,0.164517686039521,,,,,,,,,
0.333706970292574,0.164517686039521,,,,,,,,,
0.333706970292574,0.164517686039521,,,,,,,,,
0.333706970292574,0.164517686039521,,,,,,,,,
0.333706970292574,0.164517686039521,,,,,,,,,
0.333706970292574,0.164517686039521,,,,,,,,,
0.333706970292574,0.164517686039521,,,,,,,,,
