RobotX,RobotY,t_GoalX,t_GoalY,t_Informed,t_Rrep,t_Rori,t_Ratt,Var9,nAg,groups
-0.0731263470632468,0.0285740645263518,0.284613487789485,-0.104764257000434,0.5,0.01,0.12,0.15,T2,8,1
-0.0731263470632468,0.0285740645263518,,,,,,,,,
-0.0731263470632468,0.0285740645263518,,,,,,,,,
-0.0731263470632468,0.0285740645263518,,,,,,,,,
-0.0731263470632468,0.0285740645263518,,,,,,,,,
-0.0731263470632468,0.0285740645263518,,,,,,,,,
-0.0731263470632468,0.0285740645263518,,,,,,,,,
-0.0731263470632468,0.0285740645263518,,,,,,,,,
