RobotX,RobotY,t_GoalX,t_GoalY,t_Informed,t_Rrep,t_Rori,t_Ratt,Var9,nAg,groups
-0.000793766010957486,0.0195752927664033,0.321597372742976,-0.0995184772979053,0.5,0.01,0.12,0.15,T2,8,1
-0.000793766010957486,0.0195752927664033,,,,,,,,,
-0.000793766010957486,0.0195752927664033,,,,,,,,,
-0.000793766010957486,0.0195752927664033,,,,,,,,,
-0.000793766010957486,0.0195752927664033,,,,,,,,,
-0.000793766010957486,0.0195752927664033,,,,,,,,,
-0.000793766010957486,0.0195752927664033,,,,,,,,,
-0.000793766010957486,0.0195752927664033,,,,,,,,,
