RobotX,RobotY,t_GoalX,t_GoalY,t_Informed,t_Rrep,t_Rori,t_Ratt,Var9,nAg,groups
-0.182401145266565,0.111641063949378,0.218458033600855,0.0153997194556697,0.5,0.01,0.12,0.15,T2,8,1
-0.182401145266565,0.111641063949378,,,,,,,,,
-0.182401145266565,0.111641063949378,,,,,,,,,
-0.182401145266565,0.111641063949378,,,,,,,,,
-0.182401145266565,0.111641063949378,,,,,,,,,
-0.182401145266565,0.111641063949378,,,,,,,,,
-0.182401145266565,0.111641063949378,,,,,,,,,
-0.182401145266565,0.111641063949378,,,,,,,,,
