RobotX,RobotY,t_GoalX,t_GoalY,t_Informed,t_Rrep,t_Rori,t_Ratt,Var9,nAg,groups
-0.354769269951897,-0.103580549494968,0.0968323511374486,0.0946059723435829,0.5,0.01,0.12,0.15,T2,8,1
-0.354769269951897,-0.103580549494968,,,,,,,,,
-0.354769269951897,-0.103580549494968,,,,,,,,,
-0.354769269951897,-0.103580549494968,,,,,,,,,
-0.354769269951897,-0.103580549494968,,,,,,,,,
-0.354769269951897,-0.103580549494968,,,,,,,,,
-0.354769269951897,-0.103580549494968,,,,,,,,,
-0.354769269951897,-0.103580549494968,,,,,,,,,
