RobotX,RobotY,t_GoalX,t_GoalY,t_Informed,t_Rrep,t_Rori,t_Ratt,Var9,nAg,groups
0.468981537123375,-0.105378410275859,0.238999838365219,0.101968440088791,0.5,0.01,0.12,0.15,T2,8,1
0.468981537123375,-0.105378410275859,,,,,,,,,
0.468981537123375,-0.105378410275859,,,,,,,,,
0.468981537123375,-0.105378410275859,,,,,,,,,
0.468981537123375,-0.105378410275859,,,,,,,,,
0.468981537123375,-0.105378410275859,,,,,,,,,
0.468981537123375,-0.105378410275859,,,,,,,,,
0.468981537123375,-0.105378410275859,,,,,,,,,
