RobotX,RobotY,t_GoalX,t_GoalY,t_Informed,t_Rrep,t_Rori,t_Ratt,Var9,nAg,groups
-0.326885888402129,-0.0217373155161451,0.0643687380596051,-0.0455339744907313,0.5,0.01,0.12,0.15,T2,8,1
-0.326885888402129,-0.0217373155161451,,,,,,,,,
-0.326885888402129,-0.0217373155161451,,,,,,,,,
-0.326885888402129,-0.0217373155161451,,,,,,,,,
-0.326885888402129,-0.0217373155161451,,,,,,,,,
-0.326885888402129,-0.0217373155161451,,,,,,,,,
-0.326885888402129,-0.0217373155161451,,,,,,,,,
-0.326885888402129,-0.0217373155161451,,,,,,,,,
