RobotX,RobotY,t_GoalX,t_GoalY,t_Informed,t_Rrep,t_Rori,t_Ratt,Var9,nAg,groups
-0.245482649324005,-0.043367108754138,0.175764793240975,-0.0935748845474429,0.5,0.01,0.12,0.15,T2,8,1
-0.245482649324005,-0.043367108754138,,,,,,,,,
-0.245482649324005,-0.043367108754138,,,,,,,,,
-0.245482649324005,-0.043367108754138,,,,,,,,,
-0.245482649324005,-0.043367108754138,,,,,,,,,
-0.245482649324005,-0.043367108754138,,,,,,,,,
-0.245482649324005,-0.043367108754138,,,,,,,,,
-0.245482649324005,-0.043367108754138,,,,,,,,,
