RobotX,RobotY,t_GoalX,t_GoalY,t_Informed,t_Rrep,t_Rori,t_Ratt,Var9,nAg,groups
0.41136173379038,-0.0384142334583657,-0.0299299699164549,-0.130101814795888,0.5,0.01,0.12,0.15,T2,8,1
0.41136173379038,-0.0384142334583657,,,,,,,,,
0.41136173379038,-0.0384142334583657,,,,,,,,,
0.41136173379038,-0.0384142334583657,,,,,,,,,
0.41136173379038,-0.0384142334583657,,,,,,,,,
0.41136173379038,-0.0384142334583657,,,,,,,,,
0.41136173379038,-0.0384142334583657,,,,,,,,,
0.41136173379038,-0.0384142334583657,,,,,,,,,
