RobotX,RobotY,t_GoalX,t_GoalY,t_Informed,t_Rrep,t_Rori,t_Ratt,Var9,nAg,groups
-0.0639183872082039,-0.0802068166897563,-0.368275554637553,-0.107595403444777,0.5,0.01,0.12,0.15,T2,8,1
-0.0639183872082039,-0.0802068166897563,,,,,,,,,
-0.0639183872082039,-0.0802068166897563,,,,,,,,,
-0.0639183872082039,-0.0802068166897563,,,,,,,,,
-0.0639183872082039,-0.0802068166897563,,,,,,,,,
-0.0639183872082039,-0.0802068166897563,,,,,,,,,
-0.0639183872082039,-0.0802068166897563,,,,,,,,,
-0.0639183872082039,-0.0802068166897563,,,,,,,,,
