RobotX,RobotY,t_GoalX,t_GoalY,t_Informed,t_Rrep,t_Rori,t_Ratt,Var9,nAg,groups
-0.22384691341975,0.155742384483106,-0.0186222081548241,-0.133343896132377,0.5,0.01,0.12,0.15,T2,8,1
-0.22384691341975,0.155742384483106,,,,,,,,,
-0.22384691341975,0.155742384483106,,,,,,,,,
-0.22384691341975,0.155742384483106,,,,,,,,,
-0.22384691341975,0.155742384483106,,,,,,,,,
-0.22384691341975,0.155742384483106,,,,,,,,,
-0.22384691341975,0.155742384483106,,,,,,,,,
-0.22384691341975,0.155742384483106,,,,,,,,,
