RobotX,RobotY,t_GoalX,t_GoalY,t_Informed,t_Rrep,t_Rori,t_Ratt,Var9,nAg,groups
0.253925344596908,0.10975859695626,-0.261549777162736,-0.0708549105894426,0.5,0.01,0.12,0.15,T2,8,1
0.253925344596908,0.10975859695626,,,,,,,,,
0.253925344596908,0.10975859695626,,,,,,,,,
0.253925344596908,0.10975859695626,,,,,,,,,
0.253925344596908,0.10975859695626,,,,,,,,,
0.253925344596908,0.10975859695626,,,,,,,,,
0.253925344596908,0.10975859695626,,,,,,,,,
0.253925344596908,0.10975859695626,,,,,,,,,
