RobotX,RobotY,t_GoalX,t_GoalY,t_Informed,t_Rrep,t_Rori,t_Ratt,Var9,nAg,groups
0.141882684615287,-0.0847689134497021,-0.295952470372352,0.134404834669497,0.5,0.01,0.12,0.15,T2,8,1
0.141882684615287,-0.0847689134497021,,,,,,,,,
0.141882684615287,-0.0847689134497021,,,,,,,,,
0.141882684615287,-0.0847689134497021,,,,,,,,,
0.141882684615287,-0.0847689134497021,,,,,,,,,
0.141882684615287,-0.0847689134497021,,,,,,,,,
0.141882684615287,-0.0847689134497021,,,,,,,,,
0.141882684615287,-0.0847689134497021,,,,,,,,,
