RobotX,RobotY,t_GoalX,t_GoalY,t_Informed,t_Rrep,t_Rori,t_Ratt,Var9,nAg,groups
-0.362894700655631,0.185189699651214,0.0538224229559551,0.104395726314853,0.5,0.01,0.12,0.15,T2,8,1
-0.362894700655631,0.185189699651214,,,,,,,,,
-0.362894700655631,0.185189699651214,,,,,,,,,
-0.362894700655631,0.185189699651214,,,,,,,,,
-0.362894700655631,0.185189699651214,,,,,,,,,
-0.362894700655631,0.185189699651214,,,,,,,,,
-0.362894700655631,0.185189699651214,,,,,,,,,
-0.362894700655631,0.185189699651214,,,,,,,,,
