RobotX,RobotY,t_GoalX,t_GoalY,t_Informed,t_Rrep,t_Rori,t_Ratt,Var9,nAg,groups
0.231250642368724,-0.0778084814963483,-0.199084763693688,0.0589492918182653,0.5,0.01,0.12,0.15,T2,8,1
0.231250642368724,-0.0778084814963483,,,,,,,,,
0.231250642368724,-0.0778084814963483,,,,,,,,,
0.231250642368724,-0.0778084814963483,,,,,,,,,
0.231250642368724,-0.0778084814963483,,,,,,,,,
0.231250642368724,-0.0778084814963483,,,,,,,,,
0.231250642368724,-0.0778084814963483,,,,,,,,,
0.231250642368724,-0.0778084814963483,,,,,,,,,
