RobotX,RobotY,t_GoalX,t_GoalY,t_Informed,t_Rrep,t_Rori,t_Ratt,Var9,nAg,groups
0.141977159351383,-0.0967593797543497,-0.150905587311955,-0.0223906300699256,0.5,0.01,0.12,0.15,T2,8,1
0.141977159351383,-0.0967593797543497,,,,,,,,,
0.141977159351383,-0.0967593797543497,,,,,,,,,
0.141977159351383,-0.0967593797543497,,,,,,,,,
0.141977159351383,-0.0967593797543497,,,,,,,,,
0.141977159351383,-0.0967593797543497,,,,,,,,,
0.141977159351383,-0.0967593797543497,,,,,,,,,
0.141977159351383,-0.0967593797543497,,,,,,,,,
