RobotX,RobotY,t_GoalX,t_GoalY,t_Informed,t_Rrep,t_Rori,t_Ratt,Var9,nAg,groups
-0.216214028974153,-0.189107606539117,0.201039085083863,0.00528936385679163,0.5,0.01,0.12,0.15,T2,8,1
-0.216214028974153,-0.189107606539117,,,,,,,,,
-0.216214028974153,-0.189107606539117,,,,,,,,,
-0.216214028974153,-0.189107606539117,,,,,,,,,
-0.216214028974153,-0.189107606539117,,,,,,,,,
-0.216214028974153,-0.189107606539117,,,,,,,,,
-0.216214028974153,-0.189107606539117,,,,,,,,,
-0.216214028974153,-0.189107606539117,,,,,,,,,
