RobotX,RobotY,t_GoalX,t_GoalY,t_Informed,t_Rrep,t_Rori,t_Ratt,Var9,nAg,groups
-0.36101242905082,0.109009106305484,0.0015091563331267,0.0399276104790785,0.5,0.01,0.12,0.15,T2,8,1
-0.36101242905082,0.109009106305484,,,,,,,,,
-0.36101242905082,0.109009106305484,,,,,,,,,
-0.36101242905082,0.109009106305484,,,,,,,,,
-0.36101242905082,0.109009106305484,,,,,,,,,
-0.36101242905082,0.109009106305484,,,,,,,,,
-0.36101242905082,0.109009106305484,,,,,,,,,
-0.36101242905082,0.109009106305484,,,,,,,,,
