RobotX,RobotY,t_GoalX,t_GoalY,t_Informed,t_Rrep,t_Rori,t_Ratt,Var9,nAg,groups
0.437735018728316,-0.0561765839951563,-0.105333195854369,-0.0729421942375438,0.5,0.01,0.12,0.15,T2,8,1
0.437735018728316,-0.0561765839951563,,,,,,,,,
0.437735018728316,-0.0561765839951563,,,,,,,,,
0.437735018728316,-0.0561765839951563,,,,,,,,,
0.437735018728316,-0.0561765839951563,,,,,,,,,
0.437735018728316,-0.0561765839951563,,,,,,,,,
0.437735018728316,-0.0561765839951563,,,,,,,,,
0.437735018728316,-0.0561765839951563,,,,,,,,,
