RobotX,RobotY,t_GoalX,t_GoalY,t_Informed,t_Rrep,t_Rori,t_Ratt,Var9,nAg,groups
-0.256413061233365,0.0215949845804623,0.304305781454219,0.0945866198976411,0.5,0.01,0.12,0.15,T2,8,1
-0.256413061233365,0.0215949845804623,,,,,,,,,
-0.256413061233365,0.0215949845804623,,,,,,,,,
-0.256413061233365,0.0215949845804623,,,,,,,,,
-0.256413061233365,0.0215949845804623,,,,,,,,,
-0.256413061233365,0.0215949845804623,,,,,,,,,
-0.256413061233365,0.0215949845804623,,,,,,,,,
-0.256413061233365,0.0215949845804623,,,,,,,,,
