RobotX,RobotY,t_GoalX,t_GoalY,t_Informed,t_Rrep,t_Rori,t_Ratt,Var9,nAg,groups
-0.463099915029879,-0.078434350158576,0.0882430452239607,-0.124638016805012,0.5,0.01,0.12,0.15,T2,8,1
-0.463099915029879,-0.078434350158576,,,,,,,,,
-0.463099915029879,-0.078434350158576,,,,,,,,,
-0.463099915029879,-0.078434350158576,,,,,,,,,
-0.463099915029879,-0.078434350158576,,,,,,,,,
-0.463099915029879,-0.078434350158576,,,,,,,,,
-0.463099915029879,-0.078434350158576,,,,,,,,,
-0.463099915029879,-0.078434350158576,,,,,,,,,
