RobotX,RobotY,t_GoalX,t_GoalY,t_Informed,t_Rrep,t_Rori,t_Ratt,Var9,nAg,groups
0.223663468844002,-0.161827289552417,-0.398293763741114,0.00545707479542734,0.5,0.01,0.12,0.15,T2,8,1
0.223663468844002,-0.161827289552417,,,,,,,,,
0.223663468844002,-0.161827289552417,,,,,,,,,
0.223663468844002,-0.161827289552417,,,,,,,,,
0.223663468844002,-0.161827289552417,,,,,,,,,
0.223663468844002,-0.161827289552417,,,,,,,,,
0.223663468844002,-0.161827289552417,,,,,,,,,
0.223663468844002,-0.161827289552417,,,,,,,,,
