RobotX,RobotY,t_GoalX,t_GoalY,t_Informed,t_Rrep,t_Rori,t_Ratt,Var9,nAg,groups
-0.424103419814768,-0.034605153476606,-0.00298280680328444,-0.0104896861641913,0.5,0.01,0.12,0.15,T2,8,1
-0.424103419814768,-0.034605153476606,,,,,,,,,
-0.424103419814768,-0.034605153476606,,,,,,,,,
-0.424103419814768,-0.034605153476606,,,,,,,,,
-0.424103419814768,-0.034605153476606,,,,,,,,,
-0.424103419814768,-0.034605153476606,,,,,,,,,
-0.424103419814768,-0.034605153476606,,,,,,,,,
-0.424103419814768,-0.034605153476606,,,,,,,,,
