RobotX,RobotY,t_GoalX,t_GoalY,t_Informed,t_Rrep,t_Rori,t_Ratt,Var9,nAg,groups
0.181727584772967,0.00616665534846086,-0.147132877774535,-0.0270409110921693,0.5,0.01,0.12,0.15,T2,8,1
0.181727584772967,0.00616665534846086,,,,,,,,,
0.181727584772967,0.00616665534846086,,,,,,,,,
0.181727584772967,0.00616665534846086,,,,,,,,,
0.181727584772967,0.00616665534846086,,,,,,,,,
0.181727584772967,0.00616665534846086,,,,,,,,,
0.181727584772967,0.00616665534846086,,,,,,,,,
0.181727584772967,0.00616665534846086,,,,,,,,,
