RobotX,RobotY,t_GoalX,t_GoalY,t_Informed,t_Rrep,t_Rori,t_Ratt,Var9,nAg,groups
0.472682695841703,-0.00859842432305266,-0.0118608676543574,-0.0226518955270597,0.5,0.01,0.12,0.15,T2,8,1
0.472682695841703,-0.00859842432305266,,,,,,,,,
0.472682695841703,-0.00859842432305266,,,,,,,,,
0.472682695841703,-0.00859842432305266,,,,,,,,,
0.472682695841703,-0.00859842432305266,,,,,,,,,
0.472682695841703,-0.00859842432305266,,,,,,,,,
0.472682695841703,-0.00859842432305266,,,,,,,,,
0.472682695841703,-0.00859842432305266,,,,,,,,,
