RobotX,RobotY,t_GoalX,t_GoalY,t_Informed,t_Rrep,t_Rori,t_Ratt,Var9,nAg,groups
0.321406368554198,-0.044831977783505,-0.399184177060483,0.104100152646173,0.5,0.01,0.12,0.15,T2,8,1
0.321406368554198,-0.044831977783505,,,,,,,,,
0.321406368554198,-0.044831977783505,,,,,,,,,
0.321406368554198,-0.044831977783505,,,,,,,,,
0.321406368554198,-0.044831977783505,,,,,,,,,
0.321406368554198,-0.044831977783505,,,,,,,,,
0.321406368554198,-0.044831977783505,,,,,,,,,
0.321406368554198,-0.044831977783505,,,,,,,,,
