RobotX,RobotY,t_GoalX,t_GoalY,t_Rrep,t_Rori,t_Ratt,Var8,nAg,groups
0.14374117401317,0.133479828762948,-0.187924068585207,-0.181068948888816,0.01,0.15,0.2,T3,8,2
0.14374117401317,0.133479828762948,-0.479435919351506,0.112219545633774,,,,,,
0.14374117401317,0.133479828762948,0.355528633834126,0.072475859737697,,,,,,
0.14374117401317,0.133479828762948,-0.165261746962795,0.0691128999101648,,,,,,
0.0100727304348883,0.0457136358259768,,,,,,,,
0.0100727304348883,0.0457136358259768,,,,,,,,
0.0100727304348883,0.0457136358259768,,,,,,,,
0.0100727304348883,0.0457136358259768,,,,,,,,
