RobotX,RobotY,t_GoalX,t_GoalY,t_Rrep,t_Rori,t_Ratt,Var8,nAg,groups
-0.385911744458387,-0.155250455086275,0.387992530903693,-0.124856779239315,0.01,0.15,0.2,T3,8,2
-0.385911744458387,-0.155250455086275,-0.201533509289973,-0.0569364445405872,,,,,,
-0.385911744458387,-0.155250455086275,-0.101382826995118,0.067886522113345,,,,,,
-0.385911744458387,-0.155250455086275,0.134923240767133,-0.0666269342812672,,,,,,
0.234569856252664,-0.120076103362576,,,,,,,,
0.234569856252664,-0.120076103362576,,,,,,,,
0.234569856252664,-0.120076103362576,,,,,,,,
0.234569856252664,-0.120076103362576,,,,,,,,
