RobotX,RobotY,t_GoalX,t_GoalY,t_Rrep,t_Rori,t_Ratt,Var8,nAg,groups
0.290690696538144,-0.0948952778358109,0.442259886069721,0.0213619838521585,0.01,0.15,0.2,T3,8,2
0.290690696538144,-0.0948952778358109,0.0864214039908396,0.189517609928369,,,,,,
0.290690696538144,-0.0948952778358109,-0.184047915545915,0.159572967753594,,,,,,
0.290690696538144,-0.0948952778358109,-0.107950853383629,0.0525865454928768,,,,,,
-0.162026310935079,-0.105051523259084,,,,,,,,
-0.162026310935079,-0.105051523259084,,,,,,,,
-0.162026310935079,-0.105051523259084,,,,,,,,
-0.162026310935079,-0.105051523259084,,,,,,,,
