RobotX,RobotY,t_GoalX,t_GoalY,t_Rrep,t_Rori,t_Ratt,Var8,nAg,groups
-0.436182615391852,0.146383590971346,0.470917955341034,0.0699417984360866,0.01,0.12,0.15,V,4,2
-0.436182615391852,0.146383590971346,0.303947362986252,-0.192413414858784,,,,,,
0.353765367437446,0.173651238621892,0.405027554832782,-0.0835920955136071,,,,,,
0.353765367437446,0.173651238621892,0.155535581884059,-0.055687543914309,,,,,,
