RobotX,RobotY,t_GoalX,t_GoalY,t_Rrep,t_Rori,t_Ratt,Var8,nAg,groups
-0.131410963624716,0.158551824121155,-0.418728944071014,-0.0399139253418145,0.01,0.12,0.15,V,4,2
-0.131410963624716,0.158551824121155,-0.436239326006488,-0.194802574297931,,,,,,
0.388109993490498,0.0672602466224272,-0.0910993121650725,0.000839912089899586,,,,,,
0.388109993490498,0.0672602466224272,0.494362696954521,-0.182046552735847,,,,,,
