RobotX,RobotY,t_GoalX,t_GoalY,t_Rrep,t_Rori,t_Ratt,Var8,nAg,groups
-0.277918258952081,-0.0631478893593814,-0.063902001612734,0.154374401922921,0.01,0.12,0.15,V,4,2
-0.277918258952081,-0.0631478893593814,-0.400819587761562,-0.143089362667046,,,,,,
0.0799072828811762,0.139626467719033,-0.162689953365768,0.0265661360422479,,,,,,
0.0799072828811762,0.139626467719033,0.167777642364567,-0.0547799934565767,,,,,,
