RobotX,RobotY,t_GoalX,t_GoalY,t_Rrep,t_Rori,t_Ratt,Var8,nAg,groups
-0.441012224799812,0.161840624789033,0.0393495581719715,-0.055247834119808,0.01,0.12,0.15,V,4,2
-0.441012224799812,0.161840624789033,0.161898068127904,-0.00802803848481956,,,,,,
0.237667602932483,-0.198531445242313,-0.435614785951043,0.0215540110681395,,,,,,
0.237667602932483,-0.198531445242313,0.493956939793015,0.00217518489928431,,,,,,
