RobotX,RobotY,t_GoalX,t_GoalY,t_Rrep,t_Rori,t_Ratt,Var8,nAg,groups
0.256986362941041,-0.159895265896183,-0.334289828821842,0.112895442402351,0.01,0.15,0.2,T2,8,2
0.256986362941041,-0.159895265896183,0.499367549239639,-0.185673798188725,,,,,,
0.256986362941041,-0.159895265896183,-0.0156047303056268,-0.166142972932193,,,,,,
0.256986362941041,-0.159895265896183,-0.228453336707479,0.189603019355457,,,,,,
-0.0595998801923658,-0.00401725747806939,,,,,,,,
-0.0595998801923658,-0.00401725747806939,,,,,,,,
-0.0595998801923658,-0.00401725747806939,,,,,,,,
-0.0595998801923658,-0.00401725747806939,,,,,,,,
