RobotX,RobotY,t_GoalX,t_GoalY,t_Rrep,t_Rori,t_Ratt,Var8,nAg,groups
0.478447648535608,-0.086380841090617,0.105741677863621,-0.0170886064172,0.01,0.15,0.2,T2,8,2
0.478447648535608,-0.086380841090617,0.303931251620457,0.122882020913444,,,,,,
0.478447648535608,-0.086380841090617,-0.463693119071671,0.190205545108194,,,,,,
0.478447648535608,-0.086380841090617,0.305231111835014,-0.0180399311736978,,,,,,
-0.148445340486129,-0.0793783701489974,,,,,,,,
-0.148445340486129,-0.0793783701489974,,,,,,,,
-0.148445340486129,-0.0793783701489974,,,,,,,,
-0.148445340486129,-0.0793783701489974,,,,,,,,
