RobotX,RobotY,t_GoalX,t_GoalY,t_Rrep,t_Rori,t_Ratt,Var8,nAg,groups
0.0319436163271773,-0.056611422987284,0.0672765444732216,-0.185027938240267,0.01,0.15,0.2,T2,8,2
0.0319436163271773,-0.056611422987284,-0.415211761358332,0.116036595110899,,,,,,
0.0319436163271773,-0.056611422987284,0.302682703907852,0.0785546072794361,,,,,,
0.0319436163271773,-0.056611422987284,0.481421417372588,0.1576654242385,,,,,,
0.386546230838116,-0.165421159199873,,,,,,,,
0.386546230838116,-0.165421159199873,,,,,,,,
0.386546230838116,-0.165421159199873,,,,,,,,
0.386546230838116,-0.165421159199873,,,,,,,,
