RobotX,RobotY,t_GoalX,t_GoalY,t_Rrep,t_Rori,t_Ratt,Var8,nAg,groups
-0.337561502228782,-0.0502937645235939,0.25493503645002,0.175691604710764,0.01,0.15,0.2,T2,8,2
-0.337561502228782,-0.0502937645235939,0.0677714651136607,-0.0783239673124543,,,,,,
-0.337561502228782,-0.0502937645235939,-0.0589194598843635,-0.0332451446862293,,,,,,
-0.337561502228782,-0.0502937645235939,-0.0476337882789601,0.110498415528045,,,,,,
-0.148815221255877,-0.12331027391717,,,,,,,,
-0.148815221255877,-0.12331027391717,,,,,,,,
-0.148815221255877,-0.12331027391717,,,,,,,,
-0.148815221255877,-0.12331027391717,,,,,,,,
