RobotX,RobotY,t_GoalX,t_GoalY,t_Rrep,t_Rori,t_Ratt,Var8,nAg,groups
-0.145339250299962,-0.0271563528953493,0.02254804210175,0.0161520623449761,0.01,0.15,0.2,T2,8,2
-0.145339250299962,-0.0271563528953493,-0.0524746583623089,-0.14032636519214,,,,,,
-0.145339250299962,-0.0271563528953493,0.224181435283761,0.193704469588069,,,,,,
-0.145339250299962,-0.0271563528953493,-0.477137245992075,0.062224961286605,,,,,,
0.112215117024881,-0.138850122104958,,,,,,,,
0.112215117024881,-0.138850122104958,,,,,,,,
0.112215117024881,-0.138850122104958,,,,,,,,
0.112215117024881,-0.138850122104958,,,,,,,,
