RobotX,RobotY,t_GoalX,t_GoalY,t_Rrep,t_Rori,t_Ratt,Var8,nAg,groups
0.418907518840376,0.0637387155380315,-0.151441539294756,-0.165176837485388,0.01,0.15,0.2,T2,8,2
0.418907518840376,0.0637387155380315,0.294419554042568,-0.0416877464476323,,,,,,
0.418907518840376,0.0637387155380315,-0.193880060885318,0.0442173630793769,,,,,,
0.418907518840376,0.0637387155380315,-0.461793117917575,0.132755617481825,,,,,,
-0.0523688897284481,-0.120113481659997,,,,,,,,
-0.0523688897284481,-0.120113481659997,,,,,,,,
-0.0523688897284481,-0.120113481659997,,,,,,,,
-0.0523688897284481,-0.120113481659997,,,,,,,,
