RobotX,RobotY,t_GoalX,t_GoalY,t_Rrep,t_Rori,t_Ratt,Var8,nAg,groups
-0.432516579506359,-0.0890000044966222,0.074832987612929,-0.0436919432579886,0.01,0.15,0.2,T2,8,2
-0.432516579506359,-0.0890000044966222,-0.053830473552169,0.189277390722645,,,,,,
-0.432516579506359,-0.0890000044966222,-0.35957148603975,0.131083014986263,,,,,,
-0.432516579506359,-0.0890000044966222,0.328060068206572,-0.0980955667365938,,,,,,
0.463076387935353,-0.147729276780284,,,,,,,,
0.463076387935353,-0.147729276780284,,,,,,,,
0.463076387935353,-0.147729276780284,,,,,,,,
0.463076387935353,-0.147729276780284,,,,,,,,
