RobotX,RobotY,t_GoalX,t_GoalY,t_Informed,t_Rrep,t_Rori,t_Ratt,Var9,nAg,groups
-0.282649057541101,-0.00412308012590512,0.155528436577466,-0.133158258918116,0.5,0.01,0.12,0.15,M,8,1
-0.282649057541101,-0.00412308012590512,,,,,,,,,
-0.282649057541101,-0.00412308012590512,,,,,,,,,
-0.282649057541101,-0.00412308012590512,,,,,,,,,
-0.282649057541101,-0.00412308012590512,,,,,,,,,
-0.282649057541101,-0.00412308012590512,,,,,,,,,
-0.282649057541101,-0.00412308012590512,,,,,,,,,
-0.282649057541101,-0.00412308012590512,,,,,,,,,
