RobotX,RobotY,t_GoalX,t_GoalY,t_Informed,t_Rrep,t_Rori,t_Ratt,Var9,nAg,groups
-0.130421421892431,-0.111552375126002,0.233665410951852,0.0869950098432961,0.5,0.01,0.12,0.15,M,8,1
-0.130421421892431,-0.111552375126002,,,,,,,,,
-0.130421421892431,-0.111552375126002,,,,,,,,,
-0.130421421892431,-0.111552375126002,,,,,,,,,
-0.130421421892431,-0.111552375126002,,,,,,,,,
-0.130421421892431,-0.111552375126002,,,,,,,,,
-0.130421421892431,-0.111552375126002,,,,,,,,,
-0.130421421892431,-0.111552375126002,,,,,,,,,
