RobotX,RobotY,t_GoalX,t_GoalY,t_Informed,t_Rrep,t_Rori,t_Ratt,Var9,nAg,groups
0.438989160220036,0.109596869891774,0.0359277297584838,0.0765972744327937,0.5,0.01,0.12,0.15,M,8,1
0.438989160220036,0.109596869891774,,,,,,,,,
0.438989160220036,0.109596869891774,,,,,,,,,
0.438989160220036,0.109596869891774,,,,,,,,,
0.438989160220036,0.109596869891774,,,,,,,,,
0.438989160220036,0.109596869891774,,,,,,,,,
0.438989160220036,0.109596869891774,,,,,,,,,
0.438989160220036,0.109596869891774,,,,,,,,,
