RobotX,RobotY,t_GoalX,t_GoalY,t_Informed,t_Rrep,t_Rori,t_Ratt,Var9,nAg,groups
-0.141902095800753,-0.0281187655098181,0.169410074421425,0.140814139763418,0.5,0.01,0.12,0.15,M,8,1
-0.141902095800753,-0.0281187655098181,,,,,,,,,
-0.141902095800753,-0.0281187655098181,,,,,,,,,
-0.141902095800753,-0.0281187655098181,,,,,,,,,
-0.141902095800753,-0.0281187655098181,,,,,,,,,
-0.141902095800753,-0.0281187655098181,,,,,,,,,
-0.141902095800753,-0.0281187655098181,,,,,,,,,
-0.141902095800753,-0.0281187655098181,,,,,,,,,
