RobotX,RobotY,t_GoalX,t_GoalY,t_Informed,t_Rrep,t_Rori,t_Ratt,Var9,nAg,groups
-0.38982537114599,-0.0442651697095794,0.339090102404154,-0.0264220264456158,0.5,0.01,0.12,0.15,M,8,1
-0.38982537114599,-0.0442651697095794,,,,,,,,,
-0.38982537114599,-0.0442651697095794,,,,,,,,,
-0.38982537114599,-0.0442651697095794,,,,,,,,,
-0.38982537114599,-0.0442651697095794,,,,,,,,,
-0.38982537114599,-0.0442651697095794,,,,,,,,,
-0.38982537114599,-0.0442651697095794,,,,,,,,,
-0.38982537114599,-0.0442651697095794,,,,,,,,,
