RobotX,RobotY,t_GoalX,t_GoalY,t_Informed,t_Rrep,t_Rori,t_Ratt,Var9,nAg,groups
0.383547577826594,-0.0588694282681791,-0.00432028526637385,0.103505815770189,0.5,0.01,0.12,0.15,M,8,1
0.383547577826594,-0.0588694282681791,,,,,,,,,
0.383547577826594,-0.0588694282681791,,,,,,,,,
0.383547577826594,-0.0588694282681791,,,,,,,,,
0.383547577826594,-0.0588694282681791,,,,,,,,,
0.383547577826594,-0.0588694282681791,,,,,,,,,
0.383547577826594,-0.0588694282681791,,,,,,,,,
0.383547577826594,-0.0588694282681791,,,,,,,,,
