RobotX,RobotY,t_GoalX,t_GoalY,t_Informed,t_Rrep,t_Rori,t_Ratt,Var9,nAg,groups
-0.441806659530534,-0.107495480811178,-0.0105715388314033,0.0729995526516188,0.5,0.01,0.12,0.15,M,8,1
-0.441806659530534,-0.107495480811178,,,,,,,,,
-0.441806659530534,-0.107495480811178,,,,,,,,,
-0.441806659530534,-0.107495480811178,,,,,,,,,
-0.441806659530534,-0.107495480811178,,,,,,,,,
-0.441806659530534,-0.107495480811178,,,,,,,,,
-0.441806659530534,-0.107495480811178,,,,,,,,,
-0.441806659530534,-0.107495480811178,,,,,,,,,
