RobotX,RobotY,t_GoalX,t_GoalY,t_Informed,t_Rrep,t_Rori,t_Ratt,Var9,nAg,groups
-0.322741166664826,-0.0022476199336087,0.246883960471039,-0.0389823249839276,0.5,0.01,0.12,0.15,M,8,1
-0.322741166664826,-0.0022476199336087,,,,,,,,,
-0.322741166664826,-0.0022476199336087,,,,,,,,,
-0.322741166664826,-0.0022476199336087,,,,,,,,,
-0.322741166664826,-0.0022476199336087,,,,,,,,,
-0.322741166664826,-0.0022476199336087,,,,,,,,,
-0.322741166664826,-0.0022476199336087,,,,,,,,,
-0.322741166664826,-0.0022476199336087,,,,,,,,,
