RobotX,RobotY,t_GoalX,t_GoalY,t_Informed,t_Rrep,t_Rori,t_Ratt,Var9,nAg,groups
0.231697933984586,-0.159503113654238,-0.247451499888277,0.0699486870511801,0.5,0.01,0.12,0.15,M,8,1
0.231697933984586,-0.159503113654238,,,,,,,,,
0.231697933984586,-0.159503113654238,,,,,,,,,
0.231697933984586,-0.159503113654238,,,,,,,,,
0.231697933984586,-0.159503113654238,,,,,,,,,
0.231697933984586,-0.159503113654238,,,,,,,,,
0.231697933984586,-0.159503113654238,,,,,,,,,
0.231697933984586,-0.159503113654238,,,,,,,,,
