RobotX,RobotY,t_GoalX,t_GoalY,t_Informed,t_Rrep,t_Rori,t_Ratt,Var9,nAg,groups
-0.390313312407327,0.0312325832205568,0.0132132488071229,-0.0257093449945125,0.5,0.01,0.12,0.15,M,8,1
-0.390313312407327,0.0312325832205568,,,,,,,,,
-0.390313312407327,0.0312325832205568,,,,,,,,,
-0.390313312407327,0.0312325832205568,,,,,,,,,
-0.390313312407327,0.0312325832205568,,,,,,,,,
-0.390313312407327,0.0312325832205568,,,,,,,,,
-0.390313312407327,0.0312325832205568,,,,,,,,,
-0.390313312407327,0.0312325832205568,,,,,,,,,
