RobotX,RobotY,t_GoalX,t_GoalY,t_Informed,t_Rrep,t_Rori,t_Ratt,Var9,nAg,groups
0.0715131141232851,-0.185505101453309,-0.39210027971298,-0.125066462674483,0.5,0.01,0.12,0.15,M,8,1
0.0715131141232851,-0.185505101453309,,,,,,,,,
0.0715131141232851,-0.185505101453309,,,,,,,,,
0.0715131141232851,-0.185505101453309,,,,,,,,,
0.0715131141232851,-0.185505101453309,,,,,,,,,
0.0715131141232851,-0.185505101453309,,,,,,,,,
0.0715131141232851,-0.185505101453309,,,,,,,,,
0.0715131141232851,-0.185505101453309,,,,,,,,,
