RobotX,RobotY,t_GoalX,t_GoalY,t_Informed,t_Rrep,t_Rori,t_Ratt,Var9,nAg,groups
0.00203673721095876,0.0377364804319581,0.340370375022761,0.0229586689507583,0.5,0.01,0.12,0.15,M,8,1
0.00203673721095876,0.0377364804319581,,,,,,,,,
0.00203673721095876,0.0377364804319581,,,,,,,,,
0.00203673721095876,0.0377364804319581,,,,,,,,,
0.00203673721095876,0.0377364804319581,,,,,,,,,
0.00203673721095876,0.0377364804319581,,,,,,,,,
0.00203673721095876,0.0377364804319581,,,,,,,,,
0.00203673721095876,0.0377364804319581,,,,,,,,,
