RobotX,RobotY,t_GoalX,t_GoalY,t_Informed,t_Rrep,t_Rori,t_Ratt,Var9,nAg,groups
0.158955748405277,-0.157427880294506,-0.265054539326837,-0.0113864583759823,0.5,0.01,0.12,0.15,M,8,1
0.158955748405277,-0.157427880294506,,,,,,,,,
0.158955748405277,-0.157427880294506,,,,,,,,,
0.158955748405277,-0.157427880294506,,,,,,,,,
0.158955748405277,-0.157427880294506,,,,,,,,,
0.158955748405277,-0.157427880294506,,,,,,,,,
0.158955748405277,-0.157427880294506,,,,,,,,,
0.158955748405277,-0.157427880294506,,,,,,,,,
