RobotX,RobotY,t_GoalX,t_GoalY,t_Informed,t_Rrep,t_Rori,t_Ratt,Var9,nAg,groups
0.111984456086602,0.180303017470973,-0.0930191168344748,-0.0671513294892123,0.5,0.01,0.12,0.15,M,8,1
0.111984456086602,0.180303017470973,,,,,,,,,
0.111984456086602,0.180303017470973,,,,,,,,,
0.111984456086602,0.180303017470973,,,,,,,,,
0.111984456086602,0.180303017470973,,,,,,,,,
0.111984456086602,0.180303017470973,,,,,,,,,
0.111984456086602,0.180303017470973,,,,,,,,,
0.111984456086602,0.180303017470973,,,,,,,,,
