RobotX,RobotY,t_GoalX,t_GoalY,t_Informed,t_Rrep,t_Rori,t_Ratt,Var9,nAg,groups
0.193832847267618,0.120587795472637,-0.125927922885325,-0.0831645380508531,0.5,0.01,0.12,0.15,M,8,1
0.193832847267618,0.120587795472637,,,,,,,,,
0.193832847267618,0.120587795472637,,,,,,,,,
0.193832847267618,0.120587795472637,,,,,,,,,
0.193832847267618,0.120587795472637,,,,,,,,,
0.193832847267618,0.120587795472637,,,,,,,,,
0.193832847267618,0.120587795472637,,,,,,,,,
0.193832847267618,0.120587795472637,,,,,,,,,
