RobotX,RobotY,t_GoalX,t_GoalY,t_Informed,t_Rrep,t_Rori,t_Ratt,Var9,nAg,groups
-0.0581130300127474,-0.172876127123515,0.214607245718749,-0.0157211382520321,0.5,0.01,0.12,0.15,M,8,1
-0.0581130300127474,-0.172876127123515,,,,,,,,,
-0.0581130300127474,-0.172876127123515,,,,,,,,,
-0.0581130300127474,-0.172876127123515,,,,,,,,,
-0.0581130300127474,-0.172876127123515,,,,,,,,,
-0.0581130300127474,-0.172876127123515,,,,,,,,,
-0.0581130300127474,-0.172876127123515,,,,,,,,,
-0.0581130300127474,-0.172876127123515,,,,,,,,,
