RobotX,RobotY,t_GoalX,t_GoalY,t_Informed,t_Rrep,t_Rori,t_Ratt,Var9,nAg,groups
0.302639247091372,-0.10957446300215,0.00274671475406912,0.064086335962479,0.5,0.01,0.12,0.15,M,8,1
0.302639247091372,-0.10957446300215,,,,,,,,,
0.302639247091372,-0.10957446300215,,,,,,,,,
0.302639247091372,-0.10957446300215,,,,,,,,,
0.302639247091372,-0.10957446300215,,,,,,,,,
0.302639247091372,-0.10957446300215,,,,,,,,,
0.302639247091372,-0.10957446300215,,,,,,,,,
0.302639247091372,-0.10957446300215,,,,,,,,,
