RobotX,RobotY,t_GoalX,t_GoalY,t_Informed,t_Rrep,t_Rori,t_Ratt,Var9,nAg,groups
-0.277274035412381,0.0906340360125094,0.28017078599519,-0.0306453298700419,0.5,0.01,0.12,0.15,M,8,1
-0.277274035412381,0.0906340360125094,,,,,,,,,
-0.277274035412381,0.0906340360125094,,,,,,,,,
-0.277274035412381,0.0906340360125094,,,,,,,,,
-0.277274035412381,0.0906340360125094,,,,,,,,,
-0.277274035412381,0.0906340360125094,,,,,,,,,
-0.277274035412381,0.0906340360125094,,,,,,,,,
-0.277274035412381,0.0906340360125094,,,,,,,,,
