RobotX,RobotY,t_GoalX,t_GoalY,t_Informed,t_Rrep,t_Rori,t_Ratt,Var9,nAg,groups
0.453846670589179,-0.0581752858693206,-0.263892857765554,-0.112841649923673,0.5,0.01,0.12,0.15,M,8,1
0.453846670589179,-0.0581752858693206,,,,,,,,,
0.453846670589179,-0.0581752858693206,,,,,,,,,
0.453846670589179,-0.0581752858693206,,,,,,,,,
0.453846670589179,-0.0581752858693206,,,,,,,,,
0.453846670589179,-0.0581752858693206,,,,,,,,,
0.453846670589179,-0.0581752858693206,,,,,,,,,
0.453846670589179,-0.0581752858693206,,,,,,,,,
