RobotX,RobotY,t_GoalX,t_GoalY,t_Informed,t_Rrep,t_Rori,t_Ratt,Var9,nAg,groups
0.202657918538074,0.157566391349047,-0.266516558853659,-0.0583845405649367,0.5,0.01,0.12,0.15,M,8,1
0.202657918538074,0.157566391349047,,,,,,,,,
0.202657918538074,0.157566391349047,,,,,,,,,
0.202657918538074,0.157566391349047,,,,,,,,,
0.202657918538074,0.157566391349047,,,,,,,,,
0.202657918538074,0.157566391349047,,,,,,,,,
0.202657918538074,0.157566391349047,,,,,,,,,
0.202657918538074,0.157566391349047,,,,,,,,,
