RobotX,RobotY,t_GoalX,t_GoalY,t_Informed,t_Rrep,t_Rori,t_Ratt,Var9,nAg,groups
-0.284634158152433,0.0151541305242723,0.137760133406238,-0.0666427537804156,0.5,0.01,0.12,0.15,M,8,1
-0.284634158152433,0.0151541305242723,,,,,,,,,
-0.284634158152433,0.0151541305242723,,,,,,,,,
-0.284634158152433,0.0151541305242723,,,,,,,,,
-0.284634158152433,0.0151541305242723,,,,,,,,,
-0.284634158152433,0.0151541305242723,,,,,,,,,
-0.284634158152433,0.0151541305242723,,,,,,,,,
-0.284634158152433,0.0151541305242723,,,,,,,,,
