RobotX,RobotY,t_GoalX,t_GoalY,t_Informed,t_Rrep,t_Rori,t_Ratt,Var9,nAg,groups
-0.251819127200597,-0.105564252692492,0.0487455471313805,-0.00697094002688067,0.5,0.01,0.12,0.15,M,8,1
-0.251819127200597,-0.105564252692492,,,,,,,,,
-0.251819127200597,-0.105564252692492,,,,,,,,,
-0.251819127200597,-0.105564252692492,,,,,,,,,
-0.251819127200597,-0.105564252692492,,,,,,,,,
-0.251819127200597,-0.105564252692492,,,,,,,,,
-0.251819127200597,-0.105564252692492,,,,,,,,,
-0.251819127200597,-0.105564252692492,,,,,,,,,
