RobotX,RobotY,t_GoalX,t_GoalY,t_Informed,t_Rrep,t_Rori,t_Ratt,Var9,nAg,groups
-0.316538261663788,0.167683973754806,0.288040900971922,0.106012061368562,0.5,0.01,0.12,0.15,M,8,1
-0.316538261663788,0.167683973754806,,,,,,,,,
-0.316538261663788,0.167683973754806,,,,,,,,,
-0.316538261663788,0.167683973754806,,,,,,,,,
-0.316538261663788,0.167683973754806,,,,,,,,,
-0.316538261663788,0.167683973754806,,,,,,,,,
-0.316538261663788,0.167683973754806,,,,,,,,,
-0.316538261663788,0.167683973754806,,,,,,,,,
