RobotX,RobotY,t_GoalX,t_GoalY,t_Informed,t_Rrep,t_Rori,t_Ratt,Var9,nAg,groups
-0.0555191038827938,-0.199231097689206,-0.399210678076528,0.0959657245911216,0.5,0.01,0.12,0.15,M,8,1
-0.0555191038827938,-0.199231097689206,,,,,,,,,
-0.0555191038827938,-0.199231097689206,,,,,,,,,
-0.0555191038827938,-0.199231097689206,,,,,,,,,
-0.0555191038827938,-0.199231097689206,,,,,,,,,
-0.0555191038827938,-0.199231097689206,,,,,,,,,
-0.0555191038827938,-0.199231097689206,,,,,,,,,
-0.0555191038827938,-0.199231097689206,,,,,,,,,
