RobotX,RobotY,t_GoalX,t_GoalY,t_Informed,t_Rrep,t_Rori,t_Ratt,Var9,nAg,groups
0.326412085393203,-0.114811581584162,-0.339165427418587,0.0345281143718226,0.5,0.01,0.12,0.15,M,8,1
0.326412085393203,-0.114811581584162,,,,,,,,,
0.326412085393203,-0.114811581584162,,,,,,,,,
0.326412085393203,-0.114811581584162,,,,,,,,,
0.326412085393203,-0.114811581584162,,,,,,,,,
0.326412085393203,-0.114811581584162,,,,,,,,,
0.326412085393203,-0.114811581584162,,,,,,,,,
0.326412085393203,-0.114811581584162,,,,,,,,,
