RobotX,RobotY,t_GoalX,t_GoalY,t_Informed,t_Rrep,t_Rori,t_Ratt,Var9,nAg,groups
-0.458986927076335,0.145310801174257,0.0304686833203992,-0.00528231767519718,0.5,0.01,0.12,0.15,M,8,1
-0.458986927076335,0.145310801174257,,,,,,,,,
-0.458986927076335,0.145310801174257,,,,,,,,,
-0.458986927076335,0.145310801174257,,,,,,,,,
-0.458986927076335,0.145310801174257,,,,,,,,,
-0.458986927076335,0.145310801174257,,,,,,,,,
-0.458986927076335,0.145310801174257,,,,,,,,,
-0.458986927076335,0.145310801174257,,,,,,,,,
