RobotX,RobotY,t_GoalX,t_GoalY,t_Informed,t_Rrep,t_Rori,t_Ratt,Var9,nAg,groups
-0.0891783549617218,-0.197723786799539,-0.387246428553473,-0.0874318326859819,0.5,0.01,0.12,0.15,M,8,1
-0.0891783549617218,-0.197723786799539,,,,,,,,,
-0.0891783549617218,-0.197723786799539,,,,,,,,,
-0.0891783549617218,-0.197723786799539,,,,,,,,,
-0.0891783549617218,-0.197723786799539,,,,,,,,,
-0.0891783549617218,-0.197723786799539,,,,,,,,,
-0.0891783549617218,-0.197723786799539,,,,,,,,,
-0.0891783549617218,-0.197723786799539,,,,,,,,,
