RobotX,RobotY,t_GoalX,t_GoalY,t_Informed,t_Rrep,t_Rori,t_Ratt,Var9,nAg,groups
-0.422940008178458,0.118932146519078,-0.104239639247483,0.0740232482959142,0.5,0.01,0.12,0.15,M,8,1
-0.422940008178458,0.118932146519078,,,,,,,,,
-0.422940008178458,0.118932146519078,,,,,,,,,
-0.422940008178458,0.118932146519078,,,,,,,,,
-0.422940008178458,0.118932146519078,,,,,,,,,
-0.422940008178458,0.118932146519078,,,,,,,,,
-0.422940008178458,0.118932146519078,,,,,,,,,
-0.422940008178458,0.118932146519078,,,,,,,,,
