RobotX,RobotY,t_GoalX,t_GoalY,t_Informed,t_Rrep,t_Rori,t_Ratt,Var9,nAg,groups
-0.481764824286261,-0.169671391551561,0.0157145264706638,0.000721734441147703,0.5,0.01,0.12,0.15,M,8,1
-0.481764824286261,-0.169671391551561,,,,,,,,,
-0.481764824286261,-0.169671391551561,,,,,,,,,
-0.481764824286261,-0.169671391551561,,,,,,,,,
-0.481764824286261,-0.169671391551561,,,,,,,,,
-0.481764824286261,-0.169671391551561,,,,,,,,,
-0.481764824286261,-0.169671391551561,,,,,,,,,
-0.481764824286261,-0.169671391551561,,,,,,,,,
