RobotX,RobotY,t_GoalX,t_GoalY,t_Informed,t_Rrep,t_Rori,t_Ratt,Var9,nAg,groups
-0.480573986127621,0.180394947762597,0.376631243767148,0.0281555547890054,0.5,0.01,0.12,0.15,M,8,1
-0.480573986127621,0.180394947762597,,,,,,,,,
-0.480573986127621,0.180394947762597,,,,,,,,,
-0.480573986127621,0.180394947762597,,,,,,,,,
-0.480573986127621,0.180394947762597,,,,,,,,,
-0.480573986127621,0.180394947762597,,,,,,,,,
-0.480573986127621,0.180394947762597,,,,,,,,,
-0.480573986127621,0.180394947762597,,,,,,,,,
