RobotX,RobotY,t_GoalX,t_GoalY,t_Informed,t_Rrep,t_Rori,t_Ratt,Var9,nAg,groups
0.476616602154815,0.0555387567760814,-0.0658081348806124,-0.0822213355398315,0.5,0.01,0.12,0.15,M,8,1
0.476616602154815,0.0555387567760814,,,,,,,,,
0.476616602154815,0.0555387567760814,,,,,,,,,
0.476616602154815,0.0555387567760814,,,,,,,,,
0.476616602154815,0.0555387567760814,,,,,,,,,
0.476616602154815,0.0555387567760814,,,,,,,,,
0.476616602154815,0.0555387567760814,,,,,,,,,
0.476616602154815,0.0555387567760814,,,,,,,,,
