RobotX,RobotY,t_GoalX,t_GoalY,t_Informed,t_Rrep,t_Rori,t_Ratt,Var9,nAg,groups
0.441997927568683,-0.127305152612511,-0.385854715138813,0.0855710773908396,0.5,0.01,0.12,0.15,M,8,1
0.441997927568683,-0.127305152612511,,,,,,,,,
0.441997927568683,-0.127305152612511,,,,,,,,,
0.441997927568683,-0.127305152612511,,,,,,,,,
0.441997927568683,-0.127305152612511,,,,,,,,,
0.441997927568683,-0.127305152612511,,,,,,,,,
0.441997927568683,-0.127305152612511,,,,,,,,,
0.441997927568683,-0.127305152612511,,,,,,,,,
