RobotX,RobotY,t_GoalX,t_GoalY,t_Informed,t_Rrep,t_Rori,t_Ratt,Var9,nAg,groups
-0.11468469246365,0.052630625741566,0.291398024546647,0.105308134176468,0.5,0.01,0.12,0.15,M,8,1
-0.11468469246365,0.052630625741566,,,,,,,,,
-0.11468469246365,0.052630625741566,,,,,,,,,
-0.11468469246365,0.052630625741566,,,,,,,,,
-0.11468469246365,0.052630625741566,,,,,,,,,
-0.11468469246365,0.052630625741566,,,,,,,,,
-0.11468469246365,0.052630625741566,,,,,,,,,
-0.11468469246365,0.052630625741566,,,,,,,,,
