RobotX,RobotY,t_GoalX,t_GoalY,t_Informed,t_Rrep,t_Rori,t_Ratt,Var9,nAg,groups
-0.46236396581595,-0.0829799016376322,0.183988093942414,0.108611319640804,0.5,0.01,0.12,0.15,M,8,1
-0.46236396581595,-0.0829799016376322,,,,,,,,,
-0.46236396581595,-0.0829799016376322,,,,,,,,,
-0.46236396581595,-0.0829799016376322,,,,,,,,,
-0.46236396581595,-0.0829799016376322,,,,,,,,,
-0.46236396581595,-0.0829799016376322,,,,,,,,,
-0.46236396581595,-0.0829799016376322,,,,,,,,,
-0.46236396581595,-0.0829799016376322,,,,,,,,,
