RobotX,RobotY,t_GoalX,t_GoalY,t_Informed,t_Rrep,t_Rori,t_Ratt,Var9,nAg,groups
0.288045741730535,0.0128592671249578,-0.257118876582274,0.0578359257862605,0.5,0.01,0.12,0.15,M,8,1
0.288045741730535,0.0128592671249578,,,,,,,,,
0.288045741730535,0.0128592671249578,,,,,,,,,
0.288045741730535,0.0128592671249578,,,,,,,,,
0.288045741730535,0.0128592671249578,,,,,,,,,
0.288045741730535,0.0128592671249578,,,,,,,,,
0.288045741730535,0.0128592671249578,,,,,,,,,
0.288045741730535,0.0128592671249578,,,,,,,,,
