RobotX,RobotY,t_GoalX,t_GoalY,t_Informed,t_Rrep,t_Rori,t_Ratt,Var9,nAg,groups
-0.474861479019954,-0.0932227399508378,0.347875352301901,0.018328997974082,0.5,0.01,0.12,0.15,M,8,1
-0.474861479019954,-0.0932227399508378,,,,,,,,,
-0.474861479019954,-0.0932227399508378,,,,,,,,,
-0.474861479019954,-0.0932227399508378,,,,,,,,,
-0.474861479019954,-0.0932227399508378,,,,,,,,,
-0.474861479019954,-0.0932227399508378,,,,,,,,,
-0.474861479019954,-0.0932227399508378,,,,,,,,,
-0.474861479019954,-0.0932227399508378,,,,,,,,,
