RobotX,RobotY,t_GoalX,t_GoalY,t_Informed,t_Rrep,t_Rori,t_Ratt,Var9,nAg,groups
0.300463136189404,-0.0430712163649029,-0.0244746541619635,-0.083281297073295,0.5,0.01,0.12,0.15,M,8,1
0.300463136189404,-0.0430712163649029,,,,,,,,,
0.300463136189404,-0.0430712163649029,,,,,,,,,
0.300463136189404,-0.0430712163649029,,,,,,,,,
0.300463136189404,-0.0430712163649029,,,,,,,,,
0.300463136189404,-0.0430712163649029,,,,,,,,,
0.300463136189404,-0.0430712163649029,,,,,,,,,
0.300463136189404,-0.0430712163649029,,,,,,,,,
