RobotX,RobotY,t_GoalX,t_GoalY,t_Informed,t_Rrep,t_Rori,t_Ratt,Var9,nAg,groups
0.40600933852813,-0.135027323601731,-0.129586750929807,0.0791796689407585,0.5,0.01,0.12,0.15,M,8,1
0.40600933852813,-0.135027323601731,,,,,,,,,
0.40600933852813,-0.135027323601731,,,,,,,,,
0.40600933852813,-0.135027323601731,,,,,,,,,
0.40600933852813,-0.135027323601731,,,,,,,,,
0.40600933852813,-0.135027323601731,,,,,,,,,
0.40600933852813,-0.135027323601731,,,,,,,,,
0.40600933852813,-0.135027323601731,,,,,,,,,
