RobotX,RobotY,t_GoalX,t_GoalY,t_Informed,t_Rrep,t_Rori,t_Ratt,Var9,nAg,groups
0.244435683290868,0.0309835662157222,-0.167375045859126,0.0304025285089825,0.5,0.01,0.12,0.15,M,8,1
0.244435683290868,0.0309835662157222,,,,,,,,,
0.244435683290868,0.0309835662157222,,,,,,,,,
0.244435683290868,0.0309835662157222,,,,,,,,,
0.244435683290868,0.0309835662157222,,,,,,,,,
0.244435683290868,0.0309835662157222,,,,,,,,,
0.244435683290868,0.0309835662157222,,,,,,,,,
0.244435683290868,0.0309835662157222,,,,,,,,,
