RobotX,RobotY,t_GoalX,t_GoalY,t_Informed,t_Rrep,t_Rori,t_Ratt,Var9,nAg,groups
0.3557213710627,0.0522424196557326,-0.333864154177263,0.0605597760655041,0.5,0.01,0.12,0.15,M,8,1
0.3557213710627,0.0522424196557326,,,,,,,,,
0.3557213710627,0.0522424196557326,,,,,,,,,
0.3557213710627,0.0522424196557326,,,,,,,,,
0.3557213710627,0.0522424196557326,,,,,,,,,
0.3557213710627,0.0522424196557326,,,,,,,,,
0.3557213710627,0.0522424196557326,,,,,,,,,
0.3557213710627,0.0522424196557326,,,,,,,,,
