RobotX,RobotY,t_GoalX,t_GoalY,t_Informed,t_Rrep,t_Rori,t_Ratt,Var9,nAg,groups
0.354497452691729,0.138518372977872,0.116832990758112,-0.106868910046269,0.5,0.01,0.12,0.15,M,8,1
0.354497452691729,0.138518372977872,,,,,,,,,
0.354497452691729,0.138518372977872,,,,,,,,,
0.354497452691729,0.138518372977872,,,,,,,,,
0.354497452691729,0.138518372977872,,,,,,,,,
0.354497452691729,0.138518372977872,,,,,,,,,
0.354497452691729,0.138518372977872,,,,,,,,,
0.354497452691729,0.138518372977872,,,,,,,,,
