RobotX,RobotY,t_GoalX,t_GoalY,t_Informed,t_Rrep,t_Rori,t_Ratt,Var9,nAg,groups
-0.327719505376816,-0.0378774636684408,0.273250359076833,-0.0262285308225769,0.5,0.01,0.12,0.15,M,8,1
-0.327719505376816,-0.0378774636684408,,,,,,,,,
-0.327719505376816,-0.0378774636684408,,,,,,,,,
-0.327719505376816,-0.0378774636684408,,,,,,,,,
-0.327719505376816,-0.0378774636684408,,,,,,,,,
-0.327719505376816,-0.0378774636684408,,,,,,,,,
-0.327719505376816,-0.0378774636684408,,,,,,,,,
-0.327719505376816,-0.0378774636684408,,,,,,,,,
