RobotX,RobotY,t_GoalX,t_GoalY,t_Informed,t_Rrep,t_Rori,t_Ratt,Var9,nAg,groups
-0.368989354756771,0.154527495618899,-0.00640077833156338,-0.103927906934779,0.5,0.01,0.12,0.15,M,8,1
-0.368989354756771,0.154527495618899,,,,,,,,,
-0.368989354756771,0.154527495618899,,,,,,,,,
-0.368989354756771,0.154527495618899,,,,,,,,,
-0.368989354756771,0.154527495618899,,,,,,,,,
-0.368989354756771,0.154527495618899,,,,,,,,,
-0.368989354756771,0.154527495618899,,,,,,,,,
-0.368989354756771,0.154527495618899,,,,,,,,,
