RobotX,RobotY,t_GoalX,t_GoalY,t_Informed,t_Rrep,t_Rori,t_Ratt,Var9,nAg,groups
0.230768192440708,0.119067108435996,-0.297161645471519,-0.103883455839913,0.5,0.01,0.12,0.15,M,8,1
0.230768192440708,0.119067108435996,,,,,,,,,
0.230768192440708,0.119067108435996,,,,,,,,,
0.230768192440708,0.119067108435996,,,,,,,,,
0.230768192440708,0.119067108435996,,,,,,,,,
0.230768192440708,0.119067108435996,,,,,,,,,
0.230768192440708,0.119067108435996,,,,,,,,,
0.230768192440708,0.119067108435996,,,,,,,,,
