RobotX,RobotY,t_GoalX,t_GoalY,t_Informed,t_Rrep,t_Rori,t_Ratt,Var9,nAg,groups
0.0686793494772773,-0.141240987299776,-0.342191745479104,-0.0828106646237809,0.5,0.01,0.12,0.15,M,8,1
0.0686793494772773,-0.141240987299776,,,,,,,,,
0.0686793494772773,-0.141240987299776,,,,,,,,,
0.0686793494772773,-0.141240987299776,,,,,,,,,
0.0686793494772773,-0.141240987299776,,,,,,,,,
0.0686793494772773,-0.141240987299776,,,,,,,,,
0.0686793494772773,-0.141240987299776,,,,,,,,,
0.0686793494772773,-0.141240987299776,,,,,,,,,
