RobotX,RobotY,t_GoalX,t_GoalY,t_Informed,t_Rrep,t_Rori,t_Ratt,Var9,nAg,groups
-0.249220955883572,-0.162453628800297,0.171880168703232,0.147193720841615,0.5,0.01,0.12,0.15,M,8,1
-0.249220955883572,-0.162453628800297,,,,,,,,,
-0.249220955883572,-0.162453628800297,,,,,,,,,
-0.249220955883572,-0.162453628800297,,,,,,,,,
-0.249220955883572,-0.162453628800297,,,,,,,,,
-0.249220955883572,-0.162453628800297,,,,,,,,,
-0.249220955883572,-0.162453628800297,,,,,,,,,
-0.249220955883572,-0.162453628800297,,,,,,,,,
