RobotX,RobotY,t_GoalX,t_GoalY,t_Informed,t_Rrep,t_Rori,t_Ratt,Var9,nAg,groups
0.415697563097921,-0.198345944174364,0.205526424840198,0.147231317980107,0.5,0.01,0.12,0.15,M,8,1
0.415697563097921,-0.198345944174364,,,,,,,,,
0.415697563097921,-0.198345944174364,,,,,,,,,
0.415697563097921,-0.198345944174364,,,,,,,,,
0.415697563097921,-0.198345944174364,,,,,,,,,
0.415697563097921,-0.198345944174364,,,,,,,,,
0.415697563097921,-0.198345944174364,,,,,,,,,
0.415697563097921,-0.198345944174364,,,,,,,,,
