RobotX,RobotY,t_GoalX,t_GoalY,t_Informed,t_Rrep,t_Rori,t_Ratt,Var9,nAg,groups
-0.167409215422992,-0.192770482769134,0.248867097035259,0.0296039399964737,0.5,0.01,0.12,0.15,M,8,1
-0.167409215422992,-0.192770482769134,,,,,,,,,
-0.167409215422992,-0.192770482769134,,,,,,,,,
-0.167409215422992,-0.192770482769134,,,,,,,,,
-0.167409215422992,-0.192770482769134,,,,,,,,,
-0.167409215422992,-0.192770482769134,,,,,,,,,
-0.167409215422992,-0.192770482769134,,,,,,,,,
-0.167409215422992,-0.192770482769134,,,,,,,,,
