RobotX,RobotY,t_GoalX,t_GoalY,t_Informed,t_Rrep,t_Rori,t_Ratt,Var9,nAg,groups
-0.41359377082824,-0.0293931880595935,0.201040156495669,0.0552641758619401,0.5,0.01,0.12,0.15,M,8,1
-0.41359377082824,-0.0293931880595935,,,,,,,,,
-0.41359377082824,-0.0293931880595935,,,,,,,,,
-0.41359377082824,-0.0293931880595935,,,,,,,,,
-0.41359377082824,-0.0293931880595935,,,,,,,,,
-0.41359377082824,-0.0293931880595935,,,,,,,,,
-0.41359377082824,-0.0293931880595935,,,,,,,,,
-0.41359377082824,-0.0293931880595935,,,,,,,,,
