RobotX,RobotY,t_GoalX,t_GoalY,t_Informed,t_Rrep,t_Rori,t_Ratt,Var9,nAg,groups
0.0839745558636474,0.0886743996170205,-0.309470843971465,0.00369875988724622,0.5,0.01,0.12,0.15,M,8,2
0.0839745558636474,0.0886743996170205,,,,,,,,,
0.0839745558636474,0.0886743996170205,,,,,,,,,
0.0839745558636474,0.0886743996170205,,,,,,,,,
0.451730331624432,-0.0241149447076912,,,,,,,,,
0.451730331624432,-0.0241149447076912,,,,,,,,,
0.451730331624432,-0.0241149447076912,,,,,,,,,
0.451730331624432,-0.0241149447076912,,,,,,,,,
