RobotX,RobotY,t_GoalX,t_GoalY,t_Informed,t_Rrep,t_Rori,t_Ratt,Var9,nAg,groups
0.330295475871694,0.177216233379577,0.166275124230516,-0.146220041562924,0.5,0.01,0.12,0.15,M,8,2
0.330295475871694,0.177216233379577,,,,,,,,,
0.330295475871694,0.177216233379577,,,,,,,,,
0.330295475871694,0.177216233379577,,,,,,,,,
-0.316283882398581,-0.0822362554085761,,,,,,,,,
-0.316283882398581,-0.0822362554085761,,,,,,,,,
-0.316283882398581,-0.0822362554085761,,,,,,,,,
-0.316283882398581,-0.0822362554085761,,,,,,,,,
