RobotX,RobotY,t_GoalX,t_GoalY,t_Informed,t_Rrep,t_Rori,t_Ratt,Var9,nAg,groups
0.183013172283431,-0.147342186603532,-0.181973071042304,-0.0857246524444082,0.5,0.01,0.12,0.15,M,8,2
0.183013172283431,-0.147342186603532,,,,,,,,,
0.183013172283431,-0.147342186603532,,,,,,,,,
0.183013172283431,-0.147342186603532,,,,,,,,,
0.313815324886097,0.193213388121743,,,,,,,,,
0.313815324886097,0.193213388121743,,,,,,,,,
0.313815324886097,0.193213388121743,,,,,,,,,
0.313815324886097,0.193213388121743,,,,,,,,,
