RobotX,RobotY,t_GoalX,t_GoalY,t_Informed,t_Rrep,t_Rori,t_Ratt,Var9,nAg,groups
0.156151771274229,-0.0821518753658601,-0.181503356973523,0.0705344788582706,0.5,0.01,0.12,0.15,M,8,2
0.156151771274229,-0.0821518753658601,,,,,,,,,
0.156151771274229,-0.0821518753658601,,,,,,,,,
0.156151771274229,-0.0821518753658601,,,,,,,,,
0.490967456595528,-0.156935201365529,,,,,,,,,
0.490967456595528,-0.156935201365529,,,,,,,,,
0.490967456595528,-0.156935201365529,,,,,,,,,
0.490967456595528,-0.156935201365529,,,,,,,,,
