RobotX,RobotY,t_GoalX,t_GoalY,t_Informed,t_Rrep,t_Rori,t_Ratt,Var9,nAg,groups
-0.428412767598777,0.12635598559096,-0.0729752732232655,0.106747852550165,0.5,0.01,0.12,0.15,M,8,2
-0.428412767598777,0.12635598559096,,,,,,,,,
-0.428412767598777,0.12635598559096,,,,,,,,,
-0.428412767598777,0.12635598559096,,,,,,,,,
0.110095706291253,-0.172381798007931,,,,,,,,,
0.110095706291253,-0.172381798007931,,,,,,,,,
0.110095706291253,-0.172381798007931,,,,,,,,,
0.110095706291253,-0.172381798007931,,,,,,,,,
