RobotX,RobotY,t_GoalX,t_GoalY,t_Informed,t_Rrep,t_Rori,t_Ratt,Var9,nAg,groups
-0.286751331938801,-0.00633258412731968,0.0439304467992415,0.0345868360958652,0.5,0.01,0.12,0.15,M,8,2
-0.286751331938801,-0.00633258412731968,,,,,,,,,
-0.286751331938801,-0.00633258412731968,,,,,,,,,
-0.286751331938801,-0.00633258412731968,,,,,,,,,
0.483041439182407,0.196630347718624,,,,,,,,,
0.483041439182407,0.196630347718624,,,,,,,,,
0.483041439182407,0.196630347718624,,,,,,,,,
0.483041439182407,0.196630347718624,,,,,,,,,
