RobotX,RobotY,t_GoalX,t_GoalY,t_Informed,t_Rrep,t_Rori,t_Ratt,Var9,nAg,groups
0.47030318866669,-0.185865974399525,-0.0129461757129856,-0.108402392929474,0.5,0.01,0.12,0.15,M,8,2
0.47030318866669,-0.185865974399525,,,,,,,,,
0.47030318866669,-0.185865974399525,,,,,,,,,
0.47030318866669,-0.185865974399525,,,,,,,,,
-0.369428140795682,0.00270134862912913,,,,,,,,,
-0.369428140795682,0.00270134862912913,,,,,,,,,
-0.369428140795682,0.00270134862912913,,,,,,,,,
-0.369428140795682,0.00270134862912913,,,,,,,,,
