RobotX,RobotY,t_GoalX,t_GoalY,t_Informed,t_Rrep,t_Rori,t_Ratt,Var9,nAg,groups
-0.442591864164243,0.197064304532911,0.323669432846705,0.0718061975835497,0.5,0.01,0.12,0.15,M,8,2
-0.442591864164243,0.197064304532911,,,,,,,,,
-0.442591864164243,0.197064304532911,,,,,,,,,
-0.442591864164243,0.197064304532911,,,,,,,,,
-0.0674307026544732,-0.0911303131003059,,,,,,,,,
-0.0674307026544732,-0.0911303131003059,,,,,,,,,
-0.0674307026544732,-0.0911303131003059,,,,,,,,,
-0.0674307026544732,-0.0911303131003059,,,,,,,,,
