RobotX,RobotY,t_GoalX,t_GoalY,t_Informed,t_Rrep,t_Rori,t_Ratt,Var9,nAg,groups
-0.422057754428812,0.173057945463361,-0.188252055418483,-0.118715743378003,0.5,0.01,0.12,0.15,M,8,2
-0.422057754428812,0.173057945463361,,,,,,,,,
-0.422057754428812,0.173057945463361,,,,,,,,,
-0.422057754428812,0.173057945463361,,,,,,,,,
0.358104698537149,0.0971554552609326,,,,,,,,,
0.358104698537149,0.0971554552609326,,,,,,,,,
0.358104698537149,0.0971554552609326,,,,,,,,,
0.358104698537149,0.0971554552609326,,,,,,,,,
