RobotX,RobotY,t_GoalX,t_GoalY,t_Informed,t_Rrep,t_Rori,t_Ratt,Var9,nAg,groups
-0.417971227832625,-0.166325994020351,-0.0634415443936831,-0.0296132601525443,0.5,0.01,0.12,0.15,M,8,2
-0.417971227832625,-0.166325994020351,,,,,,,,,
-0.417971227832625,-0.166325994020351,,,,,,,,,
-0.417971227832625,-0.166325994020351,,,,,,,,,
0.284054416939948,0.149913583114603,,,,,,,,,
0.284054416939948,0.149913583114603,,,,,,,,,
0.284054416939948,0.149913583114603,,,,,,,,,
0.284054416939948,0.149913583114603,,,,,,,,,
