RobotX,RobotY,t_GoalX,t_GoalY,t_Informed,t_Rrep,t_Rori,t_Ratt,Var9,nAg,groups
-0.0744947942839489,0.123596315569779,0.284249604622398,-0.134586253297843,0.5,0.01,0.12,0.15,M,8,2
-0.0744947942839489,0.123596315569779,,,,,,,,,
-0.0744947942839489,0.123596315569779,,,,,,,,,
-0.0744947942839489,0.123596315569779,,,,,,,,,
-0.378589233941741,-0.186320668673878,,,,,,,,,
-0.378589233941741,-0.186320668673878,,,,,,,,,
-0.378589233941741,-0.186320668673878,,,,,,,,,
-0.378589233941741,-0.186320668673878,,,,,,,,,
