RobotX,RobotY,t_GoalX,t_GoalY,t_Informed,t_Rrep,t_Rori,t_Ratt,Var9,nAg,groups
-0.17806532224464,0.149593425978216,-0.372610912110714,-0.0843377364631515,0.5,0.01,0.12,0.15,M,8,2
-0.17806532224464,0.149593425978216,,,,,,,,,
-0.17806532224464,0.149593425978216,,,,,,,,,
-0.17806532224464,0.149593425978216,,,,,,,,,
0.383926744618948,-0.124793028158,,,,,,,,,
0.383926744618948,-0.124793028158,,,,,,,,,
0.383926744618948,-0.124793028158,,,,,,,,,
0.383926744618948,-0.124793028158,,,,,,,,,
