RobotX,RobotY,t_GoalX,t_GoalY,t_Informed,t_Rrep,t_Rori,t_Ratt,Var9,nAg,groups
-0.316003721821105,0.108975061648715,0.264239238797136,0.0780242067468934,0.5,0.01,0.12,0.15,M,8,2
-0.316003721821105,0.108975061648715,,,,,,,,,
-0.316003721821105,0.108975061648715,,,,,,,,,
-0.316003721821105,0.108975061648715,,,,,,,,,
0.052782707399608,-0.190983397567644,,,,,,,,,
0.052782707399608,-0.190983397567644,,,,,,,,,
0.052782707399608,-0.190983397567644,,,,,,,,,
0.052782707399608,-0.190983397567644,,,,,,,,,
