RobotX,RobotY,t_GoalX,t_GoalY,t_Informed,t_Rrep,t_Rori,t_Ratt,Var9,nAg,groups
-0.489315077772661,-0.19700178530906,-0.152265610526807,-0.0357336916290375,0.5,0.01,0.12,0.15,M,8,2
-0.489315077772661,-0.19700178530906,,,,,,,,,
-0.489315077772661,-0.19700178530906,,,,,,,,,
-0.489315077772661,-0.19700178530906,,,,,,,,,
0.454169400082104,0.111284163848592,,,,,,,,,
0.454169400082104,0.111284163848592,,,,,,,,,
0.454169400082104,0.111284163848592,,,,,,,,,
0.454169400082104,0.111284163848592,,,,,,,,,
