RobotX,RobotY,t_GoalX,t_GoalY,t_Informed,t_Rrep,t_Rori,t_Ratt,Var9,nAg,groups
-0.185776423351961,0.192713276356786,-0.0947367561227585,-0.144994081808881,0.5,0.01,0.12,0.15,M,8,2
-0.185776423351961,0.192713276356786,,,,,,,,,
-0.185776423351961,0.192713276356786,,,,,,,,,
-0.185776423351961,0.192713276356786,,,,,,,,,
0.370753097287591,-0.156033773478276,,,,,,,,,
0.370753097287591,-0.156033773478276,,,,,,,,,
0.370753097287591,-0.156033773478276,,,,,,,,,
0.370753097287591,-0.156033773478276,,,,,,,,,
