RobotX,RobotY,t_GoalX,t_GoalY,t_Informed,t_Rrep,t_Rori,t_Ratt,Var9,nAg,groups
-0.32215902439752,-0.186090005845525,0.258318126275244,-0.129731479901447,0.5,0.01,0.12,0.15,M,8,2
-0.32215902439752,-0.186090005845525,,,,,,,,,
-0.32215902439752,-0.186090005845525,,,,,,,,,
-0.32215902439752,-0.186090005845525,,,,,,,,,
-0.136021604403487,0.139646769568889,,,,,,,,,
-0.136021604403487,0.139646769568889,,,,,,,,,
-0.136021604403487,0.139646769568889,,,,,,,,,
-0.136021604403487,0.139646769568889,,,,,,,,,
