RobotX,RobotY,t_GoalX,t_GoalY,t_Informed,t_Rrep,t_Rori,t_Ratt,Var9,nAg,groups
-0.434435570732369,-0.177818658282092,-0.142609019621535,0.087197954855141,0.5,0.01,0.12,0.15,M,8,2
-0.434435570732369,-0.177818658282092,,,,,,,,,
-0.434435570732369,-0.177818658282092,,,,,,,,,
-0.434435570732369,-0.177818658282092,,,,,,,,,
0.478702050227285,0.152388192883487,,,,,,,,,
0.478702050227285,0.152388192883487,,,,,,,,,
0.478702050227285,0.152388192883487,,,,,,,,,
0.478702050227285,0.152388192883487,,,,,,,,,
