RobotX,RobotY,t_GoalX,t_GoalY,t_Informed,t_Rrep,t_Rori,t_Ratt,Var9,nAg,groups
-0.100818432847628,0.194708930414062,0.365583341479624,-0.115471290644344,0.5,0.01,0.12,0.15,M,8,2
-0.100818432847628,0.194708930414062,,,,,,,,,
-0.100818432847628,0.194708930414062,,,,,,,,,
-0.100818432847628,0.194708930414062,,,,,,,,,
0.32010453049485,0.190683498215596,,,,,,,,,
0.32010453049485,0.190683498215596,,,,,,,,,
0.32010453049485,0.190683498215596,,,,,,,,,
0.32010453049485,0.190683498215596,,,,,,,,,
