RobotX,RobotY,t_GoalX,t_GoalY,t_Informed,t_Rrep,t_Rori,t_Ratt,Var9,nAg,groups
-0.465864731714591,-0.0242266740573882,-0.0547857169828648,-0.122770412312196,0.5,0.01,0.12,0.15,M,8,2
-0.465864731714591,-0.0242266740573882,,,,,,,,,
-0.465864731714591,-0.0242266740573882,,,,,,,,,
-0.465864731714591,-0.0242266740573882,,,,,,,,,
0.374131006334544,0.0437658195390515,,,,,,,,,
0.374131006334544,0.0437658195390515,,,,,,,,,
0.374131006334544,0.0437658195390515,,,,,,,,,
0.374131006334544,0.0437658195390515,,,,,,,,,
