RobotX,RobotY,t_GoalX,t_GoalY,t_Informed,t_Rrep,t_Rori,t_Ratt,Var9,nAg,groups
-0.321007734368578,0.191164183571631,-0.274183662389093,-0.123042055003444,0.5,0.01,0.12,0.15,M,8,2
-0.321007734368578,0.191164183571631,,,,,,,,,
-0.321007734368578,0.191164183571631,,,,,,,,,
-0.321007734368578,0.191164183571631,,,,,,,,,
0.324949925523299,-0.126390168077629,,,,,,,,,
0.324949925523299,-0.126390168077629,,,,,,,,,
0.324949925523299,-0.126390168077629,,,,,,,,,
0.324949925523299,-0.126390168077629,,,,,,,,,
