RobotX,RobotY,t_GoalX,t_GoalY,t_Informed,t_Rrep,t_Rori,t_Ratt,Var9,nAg,groups
-0.474154602666688,-0.128116897753486,0.240283314253831,0.0521242153782596,0.5,0.01,0.12,0.15,M,8,2
-0.474154602666688,-0.128116897753486,,,,,,,,,
-0.474154602666688,-0.128116897753486,,,,,,,,,
-0.474154602666688,-0.128116897753486,,,,,,,,,
0.495991858016702,-0.127949123668045,,,,,,,,,
0.495991858016702,-0.127949123668045,,,,,,,,,
0.495991858016702,-0.127949123668045,,,,,,,,,
0.495991858016702,-0.127949123668045,,,,,,,,,
