RobotX,RobotY,t_GoalX,t_GoalY,t_Informed,t_Rrep,t_Rori,t_Ratt,Var9,nAg,groups
0.419524015427435,0.173776148902096,-0.345829248611509,0.0245953005245753,0.5,0.01,0.12,0.15,M,8,2
0.419524015427435,0.173776148902096,,,,,,,,,
0.419524015427435,0.173776148902096,,,,,,,,,
0.419524015427435,0.173776148902096,,,,,,,,,
0.42609164567937,-0.178084456452647,,,,,,,,,
0.42609164567937,-0.178084456452647,,,,,,,,,
0.42609164567937,-0.178084456452647,,,,,,,,,
0.42609164567937,-0.178084456452647,,,,,,,,,
