RobotX,RobotY,t_GoalX,t_GoalY,t_Informed,t_Rrep,t_Rori,t_Ratt,Var9,nAg,groups
-0.201396615925541,-0.194432410916116,0.259463668116051,0.0788720356349356,0.5,0.01,0.12,0.15,M,8,2
-0.201396615925541,-0.194432410916116,,,,,,,,,
-0.201396615925541,-0.194432410916116,,,,,,,,,
-0.201396615925541,-0.194432410916116,,,,,,,,,
-0.130276233622598,0.126080959125056,,,,,,,,,
-0.130276233622598,0.126080959125056,,,,,,,,,
-0.130276233622598,0.126080959125056,,,,,,,,,
-0.130276233622598,0.126080959125056,,,,,,,,,
