RobotX,RobotY,t_GoalX,t_GoalY,t_Informed,t_Rrep,t_Rori,t_Ratt,Var9,nAg,groups
-0.0214857323741082,0.0864936512980103,0.395515491800754,-0.059027939220685,0.5,0.01,0.12,0.15,M,8,2
-0.0214857323741082,0.0864936512980103,,,,,,,,,
-0.0214857323741082,0.0864936512980103,,,,,,,,,
-0.0214857323741082,0.0864936512980103,,,,,,,,,
-0.413442037551694,0.0469810731420349,,,,,,,,,
-0.413442037551694,0.0469810731420349,,,,,,,,,
-0.413442037551694,0.0469810731420349,,,,,,,,,
-0.413442037551694,0.0469810731420349,,,,,,,,,
