RobotX,RobotY,t_GoalX,t_GoalY,t_Informed,t_Rrep,t_Rori,t_Ratt,Var9,nAg,groups
0.477441450547266,0.0918097442527079,-0.0144168108138025,0.121432364440031,0.5,0.01,0.12,0.15,M,8,2
0.477441450547266,0.0918097442527079,,,,,,,,,
0.477441450547266,0.0918097442527079,,,,,,,,,
0.477441450547266,0.0918097442527079,,,,,,,,,
-0.453790139639553,-0.136529431664578,,,,,,,,,
-0.453790139639553,-0.136529431664578,,,,,,,,,
-0.453790139639553,-0.136529431664578,,,,,,,,,
-0.453790139639553,-0.136529431664578,,,,,,,,,
