RobotX,RobotY,t_GoalX,t_GoalY,t_Informed,t_Rrep,t_Rori,t_Ratt,Var9,nAg,groups
0.445449459289965,0.146298988751659,0.10566654748203,-0.143803797810032,0.5,0.01,0.12,0.15,M,8,2
0.445449459289965,0.146298988751659,,,,,,,,,
0.445449459289965,0.146298988751659,,,,,,,,,
0.445449459289965,0.146298988751659,,,,,,,,,
-0.473776434600052,0.134115075874138,,,,,,,,,
-0.473776434600052,0.134115075874138,,,,,,,,,
-0.473776434600052,0.134115075874138,,,,,,,,,
-0.473776434600052,0.134115075874138,,,,,,,,,
