RobotX,RobotY,t_GoalX,t_GoalY,t_Informed,t_Rrep,t_Rori,t_Ratt,Var9,nAg,groups
-0.0970610795981494,0.118334189848521,-0.370002459176783,-0.0530217236801702,0.5,0.01,0.12,0.15,M,8,2
-0.0970610795981494,0.118334189848521,,,,,,,,,
-0.0970610795981494,0.118334189848521,,,,,,,,,
-0.0970610795981494,0.118334189848521,,,,,,,,,
0.499265654457665,0.0350852780345083,,,,,,,,,
0.499265654457665,0.0350852780345083,,,,,,,,,
0.499265654457665,0.0350852780345083,,,,,,,,,
0.499265654457665,0.0350852780345083,,,,,,,,,
