RobotX,RobotY,t_GoalX,t_GoalY,t_Informed,t_Rrep,t_Rori,t_Ratt,Var9,nAg,groups
-0.419230759440759,0.171919741036376,-0.140152471026831,-0.0472096193296423,0.5,0.01,0.12,0.15,M,8,2
-0.419230759440759,0.171919741036376,,,,,,,,,
-0.419230759440759,0.171919741036376,,,,,,,,,
-0.419230759440759,0.171919741036376,,,,,,,,,
0.289299677581781,-0.129879340640887,,,,,,,,,
0.289299677581781,-0.129879340640887,,,,,,,,,
0.289299677581781,-0.129879340640887,,,,,,,,,
0.289299677581781,-0.129879340640887,,,,,,,,,
