RobotX,RobotY,t_GoalX,t_GoalY,t_Informed,t_Rrep,t_Rori,t_Ratt,Var9,nAg,groups
-0.14728898671801,0.0123980378433023,0.178803130775581,-0.148282144861166,0.5,0.01,0.12,0.15,M,8,2
-0.14728898671801,0.0123980378433023,,,,,,,,,
-0.14728898671801,0.0123980378433023,,,,,,,,,
-0.14728898671801,0.0123980378433023,,,,,,,,,
-0.490492587657803,-0.0621239875497179,,,,,,,,,
-0.490492587657803,-0.0621239875497179,,,,,,,,,
-0.490492587657803,-0.0621239875497179,,,,,,,,,
-0.490492587657803,-0.0621239875497179,,,,,,,,,
