RobotX,RobotY,t_GoalX,t_GoalY,t_Informed,t_Rrep,t_Rori,t_Ratt,Var9,nAg,groups
-0.236074278903001,0.140809007506519,0.191924993046023,-0.0842518772435668,0.5,0.01,0.12,0.15,M,8,2
-0.236074278903001,0.140809007506519,,,,,,,,,
-0.236074278903001,0.140809007506519,,,,,,,,,
-0.236074278903001,0.140809007506519,,,,,,,,,
0.39880610669008,0.166703798305849,,,,,,,,,
0.39880610669008,0.166703798305849,,,,,,,,,
0.39880610669008,0.166703798305849,,,,,,,,,
0.39880610669008,0.166703798305849,,,,,,,,,
