RobotX,RobotY,t_GoalX,t_GoalY,t_Informed,t_Rrep,t_Rori,t_Ratt,Var9,nAg,groups
-0.146575166530498,0.10425313290958,0.30160189269858,-0.144957459200109,0.5,0.01,0.12,0.15,M,8,2
-0.146575166530498,0.10425313290958,,,,,,,,,
-0.146575166530498,0.10425313290958,,,,,,,,,
-0.146575166530498,0.10425313290958,,,,,,,,,
-0.444344728516858,-0.0736549338596509,,,,,,,,,
-0.444344728516858,-0.0736549338596509,,,,,,,,,
-0.444344728516858,-0.0736549338596509,,,,,,,,,
-0.444344728516858,-0.0736549338596509,,,,,,,,,
