RobotX,RobotY,t_GoalX,t_GoalY,t_Informed,t_Rrep,t_Rori,t_Ratt,Var9,nAg,groups
-0.029249084420079,-0.193159504341755,0.388677866031444,0.127136711380211,0.5,0.01,0.12,0.15,M,8,2
-0.029249084420079,-0.193159504341755,,,,,,,,,
-0.029249084420079,-0.193159504341755,,,,,,,,,
-0.029249084420079,-0.193159504341755,,,,,,,,,
-0.403949346410414,-0.012041972178318,,,,,,,,,
-0.403949346410414,-0.012041972178318,,,,,,,,,
-0.403949346410414,-0.012041972178318,,,,,,,,,
-0.403949346410414,-0.012041972178318,,,,,,,,,
