RobotX,RobotY,t_GoalX,t_GoalY,t_Informed,t_Rrep,t_Rori,t_Ratt,Var9,nAg,groups
0.365605669500762,0.127728697983735,-0.0203870698923,0.139373636069151,0.5,0.01,0.12,0.15,M,8,2
0.365605669500762,0.127728697983735,,,,,,,,,
0.365605669500762,0.127728697983735,,,,,,,,,
0.365605669500762,0.127728697983735,,,,,,,,,
0.168923617535928,-0.16194719864434,,,,,,,,,
0.168923617535928,-0.16194719864434,,,,,,,,,
0.168923617535928,-0.16194719864434,,,,,,,,,
0.168923617535928,-0.16194719864434,,,,,,,,,
