RobotX,RobotY,t_GoalX,t_GoalY,t_Informed,t_Rrep,t_Rori,t_Ratt,Var9,nAg,groups
-0.496456067264363,0.0705820229568536,0.330316614018783,0.0208289528733472,0.5,0.01,0.12,0.15,M,8,2
-0.496456067264363,0.0705820229568536,,,,,,,,,
-0.496456067264363,0.0705820229568536,,,,,,,,,
-0.496456067264363,0.0705820229568536,,,,,,,,,
-0.0391325368072771,0.0623699469398382,,,,,,,,,
-0.0391325368072771,0.0623699469398382,,,,,,,,,
-0.0391325368072771,0.0623699469398382,,,,,,,,,
-0.0391325368072771,0.0623699469398382,,,,,,,,,
