RobotX,RobotY,t_GoalX,t_GoalY,t_Informed,t_Rrep,t_Rori,t_Ratt,Var9,nAg,groups
-0.0338375750517939,0.0831797460889127,0.285478945766054,0.105390682791035,0.5,0.01,0.12,0.15,M,8,2
-0.0338375750517939,0.0831797460889127,,,,,,,,,
-0.0338375750517939,0.0831797460889127,,,,,,,,,
-0.0338375750517939,0.0831797460889127,,,,,,,,,
-0.269888053473986,-0.153764576052262,,,,,,,,,
-0.269888053473986,-0.153764576052262,,,,,,,,,
-0.269888053473986,-0.153764576052262,,,,,,,,,
-0.269888053473986,-0.153764576052262,,,,,,,,,
