RobotX,RobotY,t_GoalX,t_GoalY,t_Informed,t_Rrep,t_Rori,t_Ratt,Var9,nAg,groups
-0.401602888589213,-0.166395016934591,0.230339178559883,-0.079893627709799,0.5,0.01,0.12,0.15,M,8,2
-0.401602888589213,-0.166395016934591,,,,,,,,,
-0.401602888589213,-0.166395016934591,,,,,,,,,
-0.401602888589213,-0.166395016934591,,,,,,,,,
-0.261918808933085,0.193706701970715,,,,,,,,,
-0.261918808933085,0.193706701970715,,,,,,,,,
-0.261918808933085,0.193706701970715,,,,,,,,,
-0.261918808933085,0.193706701970715,,,,,,,,,
