RobotX,RobotY,t_GoalX,t_GoalY,t_Informed,t_Rrep,t_Rori,t_Ratt,Var9,nAg,groups
0.386174589336317,-0.17060063441872,-0.380103755597683,0.0477065835395884,0.5,0.01,0.12,0.15,M,8,2
0.386174589336317,-0.17060063441872,,,,,,,,,
0.386174589336317,-0.17060063441872,,,,,,,,,
0.386174589336317,-0.17060063441872,,,,,,,,,
-0.0490448443813709,0.015912013323395,,,,,,,,,
-0.0490448443813709,0.015912013323395,,,,,,,,,
-0.0490448443813709,0.015912013323395,,,,,,,,,
-0.0490448443813709,0.015912013323395,,,,,,,,,
