RobotX,RobotY,t_GoalX,t_GoalY,t_Informed,t_Rrep,t_Rori,t_Ratt,Var9,nAg,groups
0.0296449001616936,-0.0524919974408068,-0.323341532266393,-0.0518462439675164,0.5,0.01,0.12,0.15,M,8,2
0.0296449001616936,-0.0524919974408068,,,,,,,,,
0.0296449001616936,-0.0524919974408068,,,,,,,,,
0.0296449001616936,-0.0524919974408068,,,,,,,,,
0.341510813907596,-0.144814781637274,,,,,,,,,
0.341510813907596,-0.144814781637274,,,,,,,,,
0.341510813907596,-0.144814781637274,,,,,,,,,
0.341510813907596,-0.144814781637274,,,,,,,,,
