RobotX,RobotY,t_GoalX,t_GoalY,t_Informed,t_Rrep,t_Rori,t_Ratt,Var9,nAg,groups
-0.490368514241527,0.193460232032021,-0.165984488230044,-0.13342255979847,0.5,0.01,0.12,0.15,M,8,2
-0.490368514241527,0.193460232032021,,,,,,,,,
-0.490368514241527,0.193460232032021,,,,,,,,,
-0.490368514241527,0.193460232032021,,,,,,,,,
0.41158843702479,-0.0279280682007328,,,,,,,,,
0.41158843702479,-0.0279280682007328,,,,,,,,,
0.41158843702479,-0.0279280682007328,,,,,,,,,
0.41158843702479,-0.0279280682007328,,,,,,,,,
