RobotX,RobotY,t_GoalX,t_GoalY,t_Informed,t_Rrep,t_Rori,t_Ratt,Var9,nAg,groups
0.445132090268828,-0.199166289733836,0.135978497542741,-0.0431193438866126,0.5,0.01,0.12,0.15,M,8,2
0.445132090268828,-0.199166289733836,,,,,,,,,
0.445132090268828,-0.199166289733836,,,,,,,,,
0.445132090268828,-0.199166289733836,,,,,,,,,
0.381900611648184,0.158530548638648,,,,,,,,,
0.381900611648184,0.158530548638648,,,,,,,,,
0.381900611648184,0.158530548638648,,,,,,,,,
0.381900611648184,0.158530548638648,,,,,,,,,
