RobotX,RobotY,t_GoalX,t_GoalY,t_Informed,t_Rrep,t_Rori,t_Ratt,Var9,nAg,groups
-0.202532092822463,0.150691627345157,-0.315353231043491,-0.137859740982551,0.5,0.01,0.12,0.15,M,8,2
-0.202532092822463,0.150691627345157,,,,,,,,,
-0.202532092822463,0.150691627345157,,,,,,,,,
-0.202532092822463,0.150691627345157,,,,,,,,,
0.413332838622386,-0.114321557787758,,,,,,,,,
0.413332838622386,-0.114321557787758,,,,,,,,,
0.413332838622386,-0.114321557787758,,,,,,,,,
0.413332838622386,-0.114321557787758,,,,,,,,,
