RobotX,RobotY,t_GoalX,t_GoalY,t_Informed,t_Rrep,t_Rori,t_Ratt,Var9,nAg,groups
0.417119876302354,0.0688720148750424,-0.263280189433407,0.0554362351539474,0.5,0.01,0.12,0.15,M,8,2
0.417119876302354,0.0688720148750424,,,,,,,,,
0.417119876302354,0.0688720148750424,,,,,,,,,
0.417119876302354,0.0688720148750424,,,,,,,,,
-0.0483558598165619,-0.163421011977168,,,,,,,,,
-0.0483558598165619,-0.163421011977168,,,,,,,,,
-0.0483558598165619,-0.163421011977168,,,,,,,,,
-0.0483558598165619,-0.163421011977168,,,,,,,,,
