RobotX,RobotY,t_GoalX,t_GoalY,t_Informed,t_Rrep,t_Rori,t_Ratt,Var9,nAg,groups
-0.439293647455221,0.0269433445670801,0.0361655975117715,0.126620403365007,0.5,0.01,0.12,0.15,M,8,2
-0.439293647455221,0.0269433445670801,,,,,,,,,
-0.439293647455221,0.0269433445670801,,,,,,,,,
-0.439293647455221,0.0269433445670801,,,,,,,,,
0.326867152495054,0.0450186350508256,,,,,,,,,
0.326867152495054,0.0450186350508256,,,,,,,,,
0.326867152495054,0.0450186350508256,,,,,,,,,
0.326867152495054,0.0450186350508256,,,,,,,,,
