RobotX,RobotY,t_GoalX,t_GoalY,t_Informed,t_Rrep,t_Rori,t_Ratt,Var9,nAg,groups
-0.421276166946629,0.0986325348060643,0.0549552297161306,-0.0546008604219113,0.5,0.01,0.12,0.15,M,8,2
-0.421276166946629,0.0986325348060643,,,,,,,,,
-0.421276166946629,0.0986325348060643,,,,,,,,,
-0.421276166946629,0.0986325348060643,,,,,,,,,
0.408791225371409,-0.000424258852154885,,,,,,,,,
0.408791225371409,-0.000424258852154885,,,,,,,,,
0.408791225371409,-0.000424258852154885,,,,,,,,,
0.408791225371409,-0.000424258852154885,,,,,,,,,
