RobotX,RobotY,t_GoalX,t_GoalY,t_Informed,t_Rrep,t_Rori,t_Ratt,Var9,nAg,groups
-0.436395730127506,0.00386186567327645,-0.0564190898029834,0.0876560401824176,0.5,0.01,0.12,0.15,M,8,2
-0.436395730127506,0.00386186567327645,,,,,,,,,
-0.436395730127506,0.00386186567327645,,,,,,,,,
-0.436395730127506,0.00386186567327645,,,,,,,,,
0.388488131818172,0.125881890809777,,,,,,,,,
0.388488131818172,0.125881890809777,,,,,,,,,
0.388488131818172,0.125881890809777,,,,,,,,,
0.388488131818172,0.125881890809777,,,,,,,,,
