RobotX,RobotY,t_GoalX,t_GoalY,t_Informed,t_Rrep,t_Rori,t_Ratt,Var9,nAg,groups
-0.468696560028426,0.0859248346258504,-0.0787733495451954,0.0834956948984005,0.5,0.01,0.12,0.15,M,8,2
-0.468696560028426,0.0859248346258504,,,,,,,,,
-0.468696560028426,0.0859248346258504,,,,,,,,,
-0.468696560028426,0.0859248346258504,,,,,,,,,
0.410179470349761,0.101119000752428,,,,,,,,,
0.410179470349761,0.101119000752428,,,,,,,,,
0.410179470349761,0.101119000752428,,,,,,,,,
0.410179470349761,0.101119000752428,,,,,,,,,
