RobotX,RobotY,t_GoalX,t_GoalY,t_Informed,t_Rrep,t_Rori,t_Ratt,Var9,nAg,groups
0.481655884128347,-0.104517693353119,-0.0568296032134188,-0.12814089152826,0.5,0.01,0.12,0.15,M,8,2
0.481655884128347,-0.104517693353119,,,,,,,,,
0.481655884128347,-0.104517693353119,,,,,,,,,
0.481655884128347,-0.104517693353119,,,,,,,,,
0.493349560886195,0.196619687426893,,,,,,,,,
0.493349560886195,0.196619687426893,,,,,,,,,
0.493349560886195,0.196619687426893,,,,,,,,,
0.493349560886195,0.196619687426893,,,,,,,,,
