RobotX,RobotY,t_GoalX,t_GoalY,t_Rrep,t_Rori,t_Ratt,Var8,nAg,groups
-0.0124392413283292,-0.0499502180079568,-0.243486308081859,0.18702105754465,0.01,0.12,0.15,M,4,2
-0.0124392413283292,-0.0499502180079568,-0.227431152457805,-0.188942835122933,,,,,,
-0.368261241729524,0.181576332912069,-0.470786614235042,-0.059817208007172,,,,,,
-0.368261241729524,0.181576332912069,0.149167199522431,0.0483957203880145,,,,,,
