RobotX,RobotY,t_GoalX,t_GoalY,t_Rrep,t_Rori,t_Ratt,Var8,nAg,groups
-0.200528183273522,0.167517834311647,0.0927658564998248,0.188085856612101,0.01,0.12,0.15,M,4,2
-0.200528183273522,0.167517834311647,-0.382935471851989,-0.0917935286405914,,,,,,
0.312547554670609,0.154614413962069,-0.344377933665109,0.155358469860774,,,,,,
0.312547554670609,0.154614413962069,-0.493435580797606,-0.0222721944709089,,,,,,
