RobotX,RobotY,t_GoalX,t_GoalY,t_Rrep,t_Rori,t_Ratt,Var8,nAg,groups
-0.0812542781366575,-0.169401724792589,-0.268546324543973,-0.193105444459604,0.01,0.12,0.15,M,4,2
-0.0812542781366575,-0.169401724792589,0.308227770006622,-0.0953727532930924,,,,,,
-0.0162919033019839,0.1083099699747,-0.0697396478133296,-0.0618079560183843,,,,,,
-0.0162919033019839,0.1083099699747,-0.271556104386708,0.0272054826793807,,,,,,
