RobotX,RobotY,t_GoalX,t_GoalY,t_Rrep,t_Rori,t_Ratt,Var8,nAg,groups
0.226275618514999,0.0503819236634518,-0.454000384857191,0.0134564670871235,0.01,0.15,0.2,V,4,2
0.226275618514999,0.0503819236634518,0.149966375835772,0.130361866334313,,,,,,
0.437812255445996,0.0250682357541364,-0.354790119454691,-0.149799384713009,,,,,,
0.437812255445996,0.0250682357541364,0.455922503076041,0.196617481029531,,,,,,
