RobotX,RobotY,t_GoalX,t_GoalY,t_Rrep,t_Rori,t_Ratt,Var8,nAg,groups
-0.0235048693623292,-0.0656046447596362,-0.240037260053802,-0.0144183256088304,0.01,0.15,0.2,V,4,2
-0.0235048693623292,-0.0656046447596362,0.0927528898448891,-0.0364818688009136,,,,,,
-0.169517746336518,-0.173379022665245,0.326496777146891,0.053860096956789,,,,,,
-0.169517746336518,-0.173379022665245,-0.0443877347024132,0.191120809089207,,,,,,
