RobotX,RobotY,t_GoalX,t_GoalY,t_Rrep,t_Rori,t_Ratt,Var8,nAg,groups
-0.0162007772451621,-0.124123223914014,0.365754807802177,-0.0242341394897486,0.01,0.15,0.2,V,4,2
-0.0162007772451621,-0.124123223914014,-0.435933342486658,-0.0206367327447291,,,,,,
0.390256407853113,0.154134995273169,-0.104086736939484,0.197834065731269,,,,,,
0.390256407853113,0.154134995273169,0.223009534343796,0.115902650691606,,,,,,
