RobotX,RobotY,t_GoalX,t_GoalY,t_Rrep,t_Rori,t_Ratt,Var8,nAg,groups
0.358033353908007,-0.0368690206129699,0.0641887290511333,0.139120168839779,0.01,0.15,0.2,V,4,2
0.358033353908007,-0.0368690206129699,-0.376097815477972,0.0223073783096169,,,,,,
0.0114213966441371,-0.147518197087302,0.497161801287647,0.17021646079081,,,,,,
0.0114213966441371,-0.147518197087302,0.109558932593999,-0.0873853327440268,,,,,,
