RobotX,RobotY,t_GoalX,t_GoalY,t_Rrep,t_Rori,t_Ratt,Var8,nAg,groups
0.336249249635593,0.0288478826278631,0.139213324110887,0.174819817454069,0.01,0.15,0.2,V,4,2
0.336249249635593,0.0288478826278631,-0.203553167099638,0.0642757446288734,,,,,,
0.473611401278624,-0.0890849407285168,0.00855356643139471,-0.12614142890233,,,,,,
0.473611401278624,-0.0890849407285168,0.0331182597262507,0.058425605111304,,,,,,
