RobotX,RobotY,t_GoalX,t_GoalY,t_Rrep,t_Rori,t_Ratt,Var8,nAg,groups
-0.36335503791275,0.072867267993344,-0.0415823735715077,-0.0781452651957937,0.01,0.15,0.2,V,4,2
-0.36335503791275,0.072867267993344,0.194862958961418,-0.0162739193899007,,,,,,
-0.0391974240970627,0.163103721651966,0.398995569058965,0.050441170387529,,,,,,
-0.0391974240970627,0.163103721651966,0.123543700111356,0.152494651718165,,,,,,
