RobotX,RobotY,t_GoalX,t_GoalY,t_Rrep,t_Rori,t_Ratt,Var8,nAg,groups
0.335141755019893,-0.0451641926681464,0.293938839679438,0.0967721163871785,0.01,0.15,0.2,V,4,2
0.335141755019893,-0.0451641926681464,-0.123885676279527,-0.112363282946762,,,,,,
-0.0564611327856719,0.125779300346383,0.173241521776919,0.0787560243172417,,,,,,
-0.0564611327856719,0.125779300346383,-0.220051597430326,-0.0745714351062255,,,,,,
