RobotX,RobotY,t_GoalX,t_GoalY,t_Rrep,t_Rori,t_Ratt,Var8,nAg,groups
0.152280419961644,-0.0314912394059822,0.332324693115887,-0.0449637947868742,0.01,0.15,0.2,V,4,2
0.152280419961644,-0.0314912394059822,-0.403305381714349,-0.068497891992234,,,,,,
0.315797162463866,-0.193321692331161,-0.171226847702578,-0.0778413011383984,,,,,,
0.315797162463866,-0.193321692331161,0.0598563164376988,0.0280998482961187,,,,,,
