RobotX,RobotY,t_GoalX,t_GoalY,t_Informed,t_Rrep,t_Rori,t_Ratt,Var9,nAg,groups
0.0735216023211802,-0.119503507997009,-0.23771310995161,-0.121268281244759,0.5,0.01,0.12,0.15,M,8,4
0.0735216023211802,-0.119503507997009,,,,,,,,,
0.271349083659083,0.109456321947733,,,,,,,,,
0.271349083659083,0.109456321947733,,,,,,,,,
0.493369974768262,-0.124327875821874,,,,,,,,,
0.493369974768262,-0.124327875821874,,,,,,,,,
-0.461108555412193,0.112127832148984,,,,,,,,,
-0.461108555412193,0.112127832148984,,,,,,,,,
