RobotX,RobotY,t_GoalX,t_GoalY,t_Informed,t_Rrep,t_Rori,t_Ratt,Var9,nAg,groups
0.403367349827644,0.197566111023375,-0.29475877112137,-0.143084753773615,0.5,0.01,0.12,0.15,M,8,4
0.403367349827644,0.197566111023375,,,,,,,,,
0.0549656568951433,-0.0411687657590801,,,,,,,,,
0.0549656568951433,-0.0411687657590801,,,,,,,,,
-0.477828770701626,0.114513135225898,,,,,,,,,
-0.477828770701626,0.114513135225898,,,,,,,,,
-0.174300694081217,0.155703350648891,,,,,,,,,
-0.174300694081217,0.155703350648891,,,,,,,,,
