RobotX,RobotY,t_GoalX,t_GoalY,t_Informed,t_Rrep,t_Rori,t_Ratt,Var9,nAg,groups
-0.391262738243493,0.0165575561712994,0.0368206311093839,0.121563705121437,0.5,0.01,0.12,0.15,M,8,4
-0.391262738243493,0.0165575561712994,,,,,,,,,
0.419260790341624,0.189713879682912,,,,,,,,,
0.419260790341624,0.189713879682912,,,,,,,,,
0.485747288281027,-0.199231992967145,,,,,,,,,
0.485747288281027,-0.199231992967145,,,,,,,,,
-0.0315273059232919,-0.184421363671712,,,,,,,,,
-0.0315273059232919,-0.184421363671712,,,,,,,,,
