RobotX,RobotY,t_GoalX,t_GoalY,t_Informed,t_Rrep,t_Rori,t_Ratt,Var9,nAg,groups
-0.285299555663534,0.163401917616694,0.0844924890039264,0.110138839528253,0.5,0.01,0.12,0.15,M,8,4
-0.285299555663534,0.163401917616694,,,,,,,,,
-0.310776859639128,-0.13563565617257,,,,,,,,,
-0.310776859639128,-0.13563565617257,,,,,,,,,
0.432033033314014,0.0937603070789592,,,,,,,,,
0.432033033314014,0.0937603070789592,,,,,,,,,
0.294462669289389,-0.199888791509484,,,,,,,,,
0.294462669289389,-0.199888791509484,,,,,,,,,
