RobotX,RobotY,t_GoalX,t_GoalY,t_Informed,t_Rrep,t_Rori,t_Ratt,Var9,nAg,groups
0.0590510345224134,-0.164149015249476,0.195542602696529,0.103299827010153,0.5,0.01,0.12,0.15,M,8,4
0.0590510345224134,-0.164149015249476,,,,,,,,,
-0.150522144279457,0.0748393672016379,,,,,,,,,
-0.150522144279457,0.0748393672016379,,,,,,,,,
-0.410271846511075,-0.135711275530877,,,,,,,,,
-0.410271846511075,-0.135711275530877,,,,,,,,,
-0.483430922397692,0.180794464668371,,,,,,,,,
-0.483430922397692,0.180794464668371,,,,,,,,,
