RobotX,RobotY,t_GoalX,t_GoalY,t_Informed,t_Rrep,t_Rori,t_Ratt,Var9,nAg,groups
-0.475768609874354,-0.0763499911153933,-0.256548136594555,0.141357778205581,0.5,0.01,0.12,0.15,M,8,4
-0.475768609874354,-0.0763499911153933,,,,,,,,,
0.48724263615007,0.159420606447655,,,,,,,,,
0.48724263615007,0.159420606447655,,,,,,,,,
-0.028836273637516,-0.0606865028814934,,,,,,,,,
-0.028836273637516,-0.0606865028814934,,,,,,,,,
0.376337600604464,-0.13918619503771,,,,,,,,,
0.376337600604464,-0.13918619503771,,,,,,,,,
