RobotX,RobotY,t_GoalX,t_GoalY,t_Informed,t_Rrep,t_Rori,t_Ratt,Var9,nAg,groups
0.088295594863845,0.0782302368379411,-0.215163581801513,-0.084818022733071,0.5,0.01,0.12,0.15,M,8,4
0.088295594863845,0.0782302368379411,,,,,,,,,
-0.488354065409841,0.138859893559706,,,,,,,,,
-0.488354065409841,0.138859893559706,,,,,,,,,
0.421257696824947,-0.133696403519851,,,,,,,,,
0.421257696824947,-0.133696403519851,,,,,,,,,
0.423197731452961,0.175145751504171,,,,,,,,,
0.423197731452961,0.175145751504171,,,,,,,,,
