RobotX,RobotY,t_GoalX,t_GoalY,t_Informed,t_Rrep,t_Rori,t_Ratt,Var9,nAg,groups
0.080632383465037,-0.131634668623737,0.365487150899202,0.0701568984418686,0.5,0.01,0.12,0.15,M,8,4
0.080632383465037,-0.131634668623737,,,,,,,,,
-0.0925543917860172,0.13276165106396,,,,,,,,,
-0.0925543917860172,0.13276165106396,,,,,,,,,
-0.454785156501316,0.101711332451644,,,,,,,,,
-0.454785156501316,0.101711332451644,,,,,,,,,
-0.23985692009154,-0.153290616185045,,,,,,,,,
-0.23985692009154,-0.153290616185045,,,,,,,,,
