RobotX,RobotY,t_GoalX,t_GoalY,t_Informed,t_Rrep,t_Rori,t_Ratt,Var9,nAg,groups
0.479193861225823,-0.100139600066463,-0.163194394813356,-0.0861943612159299,0.5,0.01,0.12,0.15,M,8,4
0.479193861225823,-0.100139600066463,,,,,,,,,
0.171849435676715,-0.0213828557896837,,,,,,,,,
0.171849435676715,-0.0213828557896837,,,,,,,,,
-0.364594815043096,0.180727746741443,,,,,,,,,
-0.364594815043096,0.180727746741443,,,,,,,,,
-0.467396257545996,-0.153775499819445,,,,,,,,,
-0.467396257545996,-0.153775499819445,,,,,,,,,
