RobotX,RobotY,t_GoalX,t_GoalY,t_Informed,t_Rrep,t_Rori,t_Ratt,Var9,nAg,groups
-0.389325681463935,0.13500044137351,-0.273623670918218,-0.142869384959582,0.5,0.01,0.12,0.15,M,8,4
-0.389325681463935,0.13500044137351,,,,,,,,,
0.103967251293767,-0.164612296760466,,,,,,,,,
0.103967251293767,-0.164612296760466,,,,,,,,,
0.0324660639312262,0.184706278425406,,,,,,,,,
0.0324660639312262,0.184706278425406,,,,,,,,,
0.376876254875825,0.0152476454953394,,,,,,,,,
0.376876254875825,0.0152476454953394,,,,,,,,,
