RobotX,RobotY,t_GoalX,t_GoalY,t_Informed,t_Rrep,t_Rori,t_Ratt,Var9,nAg,groups
0.119102698944767,0.191593052549758,-0.174303570333975,0.0365661115399047,0.5,0.01,0.12,0.15,M,8,4
0.119102698944767,0.191593052549758,,,,,,,,,
-0.487439810483271,0.0338981810288205,,,,,,,,,
-0.487439810483271,0.0338981810288205,,,,,,,,,
0.46647236464128,0.173354671303251,,,,,,,,,
0.46647236464128,0.173354671303251,,,,,,,,,
0.474966959819515,-0.148970244747444,,,,,,,,,
0.474966959819515,-0.148970244747444,,,,,,,,,
