RobotX,RobotY,t_GoalX,t_GoalY,t_Informed,t_Rrep,t_Rori,t_Ratt,Var9,nAg,groups
-0.18635180545833,-0.159000831274723,0.11489335924393,-0.0774381543169269,0.5,0.01,0.12,0.15,M,8,4
-0.18635180545833,-0.159000831274723,,,,,,,,,
-0.480279339919773,-0.0581579983839285,,,,,,,,,
-0.480279339919773,-0.0581579983839285,,,,,,,,,
0.393667462083983,0.124458800598097,,,,,,,,,
0.393667462083983,0.124458800598097,,,,,,,,,
-0.107509370232109,0.177659701483088,,,,,,,,,
-0.107509370232109,0.177659701483088,,,,,,,,,
