RobotX,RobotY,t_GoalX,t_GoalY,t_Informed,t_Rrep,t_Rori,t_Ratt,Var9,nAg,groups
0.497203244866749,0.161735311508917,-0.170560947895341,-0.000925791293737654,0.5,0.01,0.12,0.15,M,8,4
0.497203244866749,0.161735311508917,,,,,,,,,
0.49860484682353,-0.154756466900087,,,,,,,,,
0.49860484682353,-0.154756466900087,,,,,,,,,
0.20919631295938,-0.0332948818415998,,,,,,,,,
0.20919631295938,-0.0332948818415998,,,,,,,,,
-0.485292689627032,0.143642257713975,,,,,,,,,
-0.485292689627032,0.143642257713975,,,,,,,,,
