RobotX,RobotY,t_GoalX,t_GoalY,t_Informed,t_Rrep,t_Rori,t_Ratt,Var9,nAg,groups
-0.257955943434786,0.169296291896714,0.0617502146568175,0.121463866405048,0.5,0.01,0.12,0.15,M,8,4
-0.257955943434786,0.169296291896714,,,,,,,,,
0.393364287920128,0.178543031148781,,,,,,,,,
0.393364287920128,0.178543031148781,,,,,,,,,
0.240032991097531,-0.183102025798225,,,,,,,,,
0.240032991097531,-0.183102025798225,,,,,,,,,
-0.432441064531348,-0.192100199376788,,,,,,,,,
-0.432441064531348,-0.192100199376788,,,,,,,,,
