RobotX,RobotY,t_GoalX,t_GoalY,t_Informed,t_Rrep,t_Rori,t_Ratt,Var9,nAg,groups
0.150274153218834,-0.193023943373404,0.147222805203082,0.109131446503047,0.5,0.01,0.12,0.15,M,8,4
0.150274153218834,-0.193023943373404,,,,,,,,,
-0.3622693273063,0.123252340800223,,,,,,,,,
-0.3622693273063,0.123252340800223,,,,,,,,,
0.434627710769005,-0.000259016885479524,,,,,,,,,
0.434627710769005,-0.000259016885479524,,,,,,,,,
-0.365500375879277,-0.179701384526481,,,,,,,,,
-0.365500375879277,-0.179701384526481,,,,,,,,,
