RobotX,RobotY,t_GoalX,t_GoalY,t_Informed,t_Rrep,t_Rori,t_Ratt,Var9,nAg,groups
-0.241846846207599,0.194693784313875,0.208027147874936,0.147851888247486,0.5,0.01,0.12,0.15,M,8,4
-0.241846846207599,0.194693784313875,,,,,,,,,
0.0584001785920679,-0.186195681849707,,,,,,,,,
0.0584001785920679,-0.186195681849707,,,,,,,,,
-0.359146985749037,-0.140504468713261,,,,,,,,,
-0.359146985749037,-0.140504468713261,,,,,,,,,
0.440915772305629,-0.189194982937553,,,,,,,,,
0.440915772305629,-0.189194982937553,,,,,,,,,
