RobotX,RobotY,t_GoalX,t_GoalY,t_Informed,t_Rrep,t_Rori,t_Ratt,Var9,nAg,groups
-0.411424465247251,-0.157100398608917,-0.0823606739257852,0.0379207487936718,0.5,0.01,0.12,0.15,M,8,4
-0.411424465247251,-0.157100398608917,,,,,,,,,
0.388308875853798,0.194202370532208,,,,,,,,,
0.388308875853798,0.194202370532208,,,,,,,,,
-0.394511463404984,0.153251369293805,,,,,,,,,
-0.394511463404984,0.153251369293805,,,,,,,,,
0.444414256718965,-0.102203182179969,,,,,,,,,
0.444414256718965,-0.102203182179969,,,,,,,,,
