RobotX,RobotY,t_GoalX,t_GoalY,t_Informed,t_Rrep,t_Rori,t_Ratt,Var9,nAg,groups
-0.300078266244605,0.131528883560103,0.0353401716314264,0.0443649110333218,0.5,0.01,0.12,0.15,M,8,4
-0.300078266244605,0.131528883560103,,,,,,,,,
0.278324090568676,-0.147301634436295,,,,,,,,,
0.278324090568676,-0.147301634436295,,,,,,,,,
-0.453766945317367,-0.169415538706007,,,,,,,,,
-0.453766945317367,-0.169415538706007,,,,,,,,,
0.368483126323995,0.142492281203573,,,,,,,,,
0.368483126323995,0.142492281203573,,,,,,,,,
