RobotX,RobotY,t_GoalX,t_GoalY,t_Informed,t_Rrep,t_Rori,t_Ratt,Var9,nAg,groups
-0.0710887140233939,-0.175184510887343,0.0612966187090352,0.104191577603572,0.5,0.01,0.12,0.15,M,8,4
-0.0710887140233939,-0.175184510887343,,,,,,,,,
-0.244887096571095,0.151332129109966,,,,,,,,,
-0.244887096571095,0.151332129109966,,,,,,,,,
0.35675614448829,-0.0212727429573284,,,,,,,,,
0.35675614448829,-0.0212727429573284,,,,,,,,,
-0.405636153416644,-0.112424120716862,,,,,,,,,
-0.405636153416644,-0.112424120716862,,,,,,,,,
