RobotX,RobotY,t_GoalX,t_GoalY,t_Informed,t_Rrep,t_Rori,t_Ratt,Var9,nAg,groups
-0.120644484682337,-0.177993217461854,-0.380979812705797,0.0210779734967476,0.5,0.01,0.12,0.15,M,8,4
-0.120644484682337,-0.177993217461854,,,,,,,,,
0.473914727382967,-0.185428610177171,,,,,,,,,
0.473914727382967,-0.185428610177171,,,,,,,,,
0.266743477235768,0.113602429346368,,,,,,,,,
0.266743477235768,0.113602429346368,,,,,,,,,
-0.0346466353935653,0.165189866643817,,,,,,,,,
-0.0346466353935653,0.165189866643817,,,,,,,,,
