RobotX,RobotY,t_GoalX,t_GoalY,t_Informed,t_Rrep,t_Rori,t_Ratt,Var9,nAg,groups
0.393951257106742,0.124335020981067,0.249753660391468,-0.139698240596491,0.5,0.01,0.12,0.15,M,8,4
0.393951257106742,0.124335020981067,,,,,,,,,
-0.332732771907972,-0.180349000308349,,,,,,,,,
-0.332732771907972,-0.180349000308349,,,,,,,,,
-0.0621147004968813,0.0844397188057593,,,,,,,,,
-0.0621147004968813,0.0844397188057593,,,,,,,,,
-0.349873751585615,0.170332771795727,,,,,,,,,
-0.349873751585615,0.170332771795727,,,,,,,,,
