RobotX,RobotY,t_GoalX,t_GoalY,t_Informed,t_Rrep,t_Rori,t_Ratt,Var9,nAg,groups
-0.47540567516498,-0.131002331417308,-0.1420366905005,0.146298687194819,0.5,0.01,0.12,0.15,M,8,4
-0.47540567516498,-0.131002331417308,,,,,,,,,
0.233644749840078,-0.180679461199868,,,,,,,,,
0.233644749840078,-0.180679461199868,,,,,,,,,
0.419673773529837,0.146088469668422,,,,,,,,,
0.419673773529837,0.146088469668422,,,,,,,,,
-0.476111251972068,0.174070676101536,,,,,,,,,
-0.476111251972068,0.174070676101536,,,,,,,,,
