RobotX,RobotY,t_GoalX,t_GoalY,t_Informed,t_Rrep,t_Rori,t_Ratt,Var9,nAg,groups
0.0795415876955035,-0.0747134922754847,-0.309685122784753,-0.119919801232873,0.5,0.01,0.12,0.15,M,8,4
0.0795415876955035,-0.0747134922754847,,,,,,,,,
-0.473641079401632,0.138628041264852,,,,,,,,,
-0.473641079401632,0.138628041264852,,,,,,,,,
0.454588132275575,-0.149502012195231,,,,,,,,,
0.454588132275575,-0.149502012195231,,,,,,,,,
0.355804260565786,0.185311463701283,,,,,,,,,
0.355804260565786,0.185311463701283,,,,,,,,,
