RobotX,RobotY,t_GoalX,t_GoalY,t_Informed,t_Rrep,t_Rori,t_Ratt,Var9,nAg,groups
0.0351052462583052,0.196258322053505,0.20834880667382,-0.105902614655021,0.5,0.01,0.12,0.15,M,8,4
0.0351052462583052,0.196258322053505,,,,,,,,,
-0.184053224068612,-0.105024061090043,,,,,,,,,
-0.184053224068612,-0.105024061090043,,,,,,,,,
-0.462446069071171,0.0377444124147702,,,,,,,,,
-0.462446069071171,0.0377444124147702,,,,,,,,,
0.401429851629339,0.143283335742742,,,,,,,,,
0.401429851629339,0.143283335742742,,,,,,,,,
