RobotX,RobotY,t_GoalX,t_GoalY,t_Informed,t_Rrep,t_Rori,t_Ratt,Var9,nAg,groups
0.452593253288464,0.174779570240222,0.0306041997023071,-0.0240655859610058,0.5,0.01,0.12,0.15,M,8,4
0.452593253288464,0.174779570240222,,,,,,,,,
-0.361452227188505,-0.165946201306501,,,,,,,,,
-0.361452227188505,-0.165946201306501,,,,,,,,,
-0.428029258353655,0.139169686534056,,,,,,,,,
-0.428029258353655,0.139169686534056,,,,,,,,,
0.348074215855677,-0.195695739745102,,,,,,,,,
0.348074215855677,-0.195695739745102,,,,,,,,,
