RobotX,RobotY,t_GoalX,t_GoalY,t_Informed,t_Rrep,t_Rori,t_Ratt,Var9,nAg,groups
-0.151765183884054,-0.113483495454435,-0.353600018276723,0.124319786448127,0.5,0.01,0.12,0.15,M,8,4
-0.151765183884054,-0.113483495454435,,,,,,,,,
0.494289094321449,-0.16626598164308,,,,,,,,,
0.494289094321449,-0.16626598164308,,,,,,,,,
0.171405722881601,-0.187150571286681,,,,,,,,,
0.171405722881601,-0.187150571286681,,,,,,,,,
0.0723627085052629,0.185612488916066,,,,,,,,,
0.0723627085052629,0.185612488916066,,,,,,,,,
