RobotX,RobotY,t_GoalX,t_GoalY,t_Informed,t_Rrep,t_Rori,t_Ratt,Var9,nAg,groups
-0.466067029036022,0.139030197731196,0.365862342917998,-0.0128485524297466,0.5,0.01,0.12,0.15,M,8,4
-0.466067029036022,0.139030197731196,,,,,,,,,
0.00162190477210189,0.143483165802469,,,,,,,,,
0.00162190477210189,0.143483165802469,,,,,,,,,
-0.414012676563005,-0.178824903387524,,,,,,,,,
-0.414012676563005,-0.178824903387524,,,,,,,,,
-0.0974162192971623,-0.159010511806095,,,,,,,,,
-0.0974162192971623,-0.159010511806095,,,,,,,,,
