RobotX,RobotY,t_GoalX,t_GoalY,t_Informed,t_Rrep,t_Rori,t_Ratt,Var9,nAg,groups
-0.00698369760557704,-0.167088271724006,0.250241893620273,0.126114557544702,0.5,0.01,0.12,0.15,M,8,4
-0.00698369760557704,-0.167088271724006,,,,,,,,,
-0.491452458722695,0.143283699111634,,,,,,,,,
-0.491452458722695,0.143283699111634,,,,,,,,,
-0.0763317806624167,0.153927780703405,,,,,,,,,
-0.0763317806624167,0.153927780703405,,,,,,,,,
-0.402421685878484,-0.167723673073549,,,,,,,,,
-0.402421685878484,-0.167723673073549,,,,,,,,,
