RobotX,RobotY,t_GoalX,t_GoalY,t_Informed,t_Rrep,t_Rori,t_Ratt,Var9,nAg,groups
0.162479360542569,-0.195090095531803,-0.191608099897943,-0.0942449439972089,0.5,0.01,0.12,0.15,M,8,4
0.162479360542569,-0.195090095531803,,,,,,,,,
0.498096899343804,0.0280324429085757,,,,,,,,,
0.498096899343804,0.0280324429085757,,,,,,,,,
-0.448894019388119,0.0948157408508634,,,,,,,,,
-0.448894019388119,0.0948157408508634,,,,,,,,,
0.171135971615813,0.183138851898396,,,,,,,,,
0.171135971615813,0.183138851898396,,,,,,,,,
