RobotX,RobotY,t_GoalX,t_GoalY,t_Informed,t_Rrep,t_Rori,t_Ratt,Var9,nAg,groups
0.465774762472132,0.119294410966326,-0.384282851895495,-0.133290170117318,0.5,0.01,0.12,0.15,M,8,4
0.465774762472132,0.119294410966326,,,,,,,,,
-0.360089956960713,0.181254161268423,,,,,,,,,
-0.360089956960713,0.181254161268423,,,,,,,,,
0.288186525223214,-0.182503126076891,,,,,,,,,
0.288186525223214,-0.182503126076891,,,,,,,,,
0.0565675290617587,0.125010853619523,,,,,,,,,
0.0565675290617587,0.125010853619523,,,,,,,,,
