RobotX,RobotY,t_GoalX,t_GoalY,t_Informed,t_Rrep,t_Rori,t_Ratt,Var9,nAg,groups
0.497752495042264,-0.190142002769118,0.121256820545514,-0.0564240070397224,0.5,0.01,0.12,0.15,M,8,4
0.497752495042264,-0.190142002769118,,,,,,,,,
0.344399093034957,0.144360386647967,,,,,,,,,
0.344399093034957,0.144360386647967,,,,,,,,,
-0.363168526810736,-0.129522698822316,,,,,,,,,
-0.363168526810736,-0.129522698822316,,,,,,,,,
-0.151900046313904,0.159757051112321,,,,,,,,,
-0.151900046313904,0.159757051112321,,,,,,,,,
