RobotX,RobotY,t_GoalX,t_GoalY,t_Informed,t_Rrep,t_Rori,t_Ratt,Var9,nAg,groups
-0.0138075480655453,-0.182721315411973,-0.3808148123728,-0.144345741277376,0.5,0.01,0.12,0.15,M,8,4
-0.0138075480655453,-0.182721315411973,,,,,,,,,
0.00142678061346668,0.173617232234253,,,,,,,,,
0.00142678061346668,0.173617232234253,,,,,,,,,
0.372745948377717,-0.123765299264475,,,,,,,,,
0.372745948377717,-0.123765299264475,,,,,,,,,
0.385484886436848,0.176338960915432,,,,,,,,,
0.385484886436848,0.176338960915432,,,,,,,,,
