RobotX,RobotY,t_GoalX,t_GoalY,t_Informed,t_Rrep,t_Rori,t_Ratt,Var9,nAg,groups
0.369534215263547,-0.174947919511354,0.0403191687893263,-0.0977676688084499,0.5,0.01,0.12,0.15,M,8,4
0.369534215263547,-0.174947919511354,,,,,,,,,
0.326737928560584,0.16302503071286,,,,,,,,,
0.326737928560584,0.16302503071286,,,,,,,,,
-0.427012314220714,0.161764727936188,,,,,,,,,
-0.427012314220714,0.161764727936188,,,,,,,,,
-0.29923928945247,-0.138808730315921,,,,,,,,,
-0.29923928945247,-0.138808730315921,,,,,,,,,
