RobotX,RobotY,t_GoalX,t_GoalY,t_Informed,t_Rrep,t_Rori,t_Ratt,Var9,nAg,groups
-0.454497173625074,0.135137284423582,0.255680566727551,0.144953926712606,0.5,0.01,0.12,0.15,M,8,4
-0.454497173625074,0.135137284423582,,,,,,,,,
0.135072633625391,-0.13870067780432,,,,,,,,,
0.135072633625391,-0.13870067780432,,,,,,,,,
-0.1410528012706,0.16558860513616,,,,,,,,,
-0.1410528012706,0.16558860513616,,,,,,,,,
-0.475744417684279,-0.165805571110893,,,,,,,,,
-0.475744417684279,-0.165805571110893,,,,,,,,,
