RobotX,RobotY,t_GoalX,t_GoalY,t_Informed,t_Rrep,t_Rori,t_Ratt,Var9,nAg,groups
-0.282605960543883,-0.194567749601819,0.130446515442451,0.120252687937003,0.5,0.01,0.12,0.15,M,8,4
-0.282605960543883,-0.194567749601819,,,,,,,,,
-0.425956681903935,0.0927733325094501,,,,,,,,,
-0.425956681903935,0.0927733325094501,,,,,,,,,
0.358631022479513,-0.105794290419089,,,,,,,,,
0.358631022479513,-0.105794290419089,,,,,,,,,
0.0218728370015603,-0.186608010283778,,,,,,,,,
0.0218728370015603,-0.186608010283778,,,,,,,,,
