RobotX,RobotY,t_GoalX,t_GoalY,t_Informed,t_Rrep,t_Rori,t_Ratt,Var9,nAg,groups
0.137446575717111,0.195004367227173,0.00402167933353786,-0.137700788717937,0.5,0.01,0.12,0.15,M,8,4
0.137446575717111,0.195004367227173,,,,,,,,,
-0.49116784819804,0.199394849297793,,,,,,,,,
-0.49116784819804,0.199394849297793,,,,,,,,,
0.338586237792766,-0.171630753671698,,,,,,,,,
0.338586237792766,-0.171630753671698,,,,,,,,,
-0.305903299140423,-0.041733528362737,,,,,,,,,
-0.305903299140423,-0.041733528362737,,,,,,,,,
