RobotX,RobotY,t_GoalX,t_GoalY,t_Informed,t_Rrep,t_Rori,t_Ratt,Var9,nAg,groups
-0.119737332513272,0.139036743431132,0.109019406625524,-0.0799638826216553,0.5,0.01,0.12,0.15,M,8,4
-0.119737332513272,0.139036743431132,,,,,,,,,
0.384876354198225,0.0504687447862441,,,,,,,,,
0.384876354198225,0.0504687447862441,,,,,,,,,
-0.451013620314956,-0.196437633708321,,,,,,,,,
-0.451013620314956,-0.196437633708321,,,,,,,,,
-0.483876590258898,0.117987083989748,,,,,,,,,
-0.483876590258898,0.117987083989748,,,,,,,,,
