RobotX,RobotY,t_GoalX,t_GoalY,t_Informed,t_Rrep,t_Rori,t_Ratt,Var9,nAg,groups
0.0770846011877249,-0.176419536649314,-0.222290489930241,0.148525910810983,0.5,0.01,0.12,0.15,M,8,4
0.0770846011877249,-0.176419536649314,,,,,,,,,
-0.34135859811976,-0.128792696575435,,,,,,,,,
-0.34135859811976,-0.128792696575435,,,,,,,,,
0.0868819675898962,0.178337879263138,,,,,,,,,
0.0868819675898962,0.178337879263138,,,,,,,,,
0.41140651666989,-0.199826076638051,,,,,,,,,
0.41140651666989,-0.199826076638051,,,,,,,,,
