RobotX,RobotY,t_GoalX,t_GoalY,t_Informed,t_Rrep,t_Rori,t_Ratt,Var9,nAg,groups
0.489951478832198,0.102699206618207,0.153554060549084,0.128585994624472,0.5,0.01,0.12,0.15,M,8,4
0.489951478832198,0.102699206618207,,,,,,,,,
-0.11732405276915,-0.139832211347262,,,,,,,,,
-0.11732405276915,-0.139832211347262,,,,,,,,,
-0.229287244875714,0.185877127807209,,,,,,,,,
-0.229287244875714,0.185877127807209,,,,,,,,,
-0.489051271852748,-0.0370467675178611,,,,,,,,,
-0.489051271852748,-0.0370467675178611,,,,,,,,,
