RobotX,RobotY,t_GoalX,t_GoalY,t_Informed,t_Rrep,t_Rori,t_Ratt,Var9,nAg,groups
-0.497950015626012,-0.18292583801022,0.278260636793631,-0.132670275074016,0.5,0.01,0.12,0.15,M,8,4
-0.497950015626012,-0.18292583801022,,,,,,,,,
-0.125243370151922,-0.12844459637817,,,,,,,,,
-0.125243370151922,-0.12844459637817,,,,,,,,,
0.0546272352762011,0.170933968025758,,,,,,,,,
0.0546272352762011,0.170933968025758,,,,,,,,,
-0.454222144448142,0.193239136494936,,,,,,,,,
-0.454222144448142,0.193239136494936,,,,,,,,,
