RobotX,RobotY,t_GoalX,t_GoalY,t_Informed,t_Rrep,t_Rori,t_Ratt,Var9,nAg,groups
0.461218913166108,-0.157656925413117,0.320716555433556,0.125440862881145,0.5,0.01,0.12,0.15,M,8,4
0.461218913166108,-0.157656925413117,,,,,,,,,
0.0976640629586657,-0.124071195819795,,,,,,,,,
0.0976640629586657,-0.124071195819795,,,,,,,,,
-0.0278424570375676,0.182129692499389,,,,,,,,,
-0.0278424570375676,0.182129692499389,,,,,,,,,
-0.234977140454341,-0.0806198200862935,,,,,,,,,
-0.234977140454341,-0.0806198200862935,,,,,,,,,
