RobotX,RobotY,t_GoalX,t_GoalY,t_Informed,t_Rrep,t_Rori,t_Ratt,Var9,nAg,groups
-0.0577540633354476,-0.12912567069058,0.369798496943884,-0.133172000805299,0.5,0.01,0.12,0.15,M,8,4
-0.0577540633354476,-0.12912567069058,,,,,,,,,
0.0316024840102197,0.167513362476164,,,,,,,,,
0.0316024840102197,0.167513362476164,,,,,,,,,
-0.396559186387067,-0.181411314560924,,,,,,,,,
-0.396559186387067,-0.181411314560924,,,,,,,,,
0.421324473748094,0.169762956142918,,,,,,,,,
0.421324473748094,0.169762956142918,,,,,,,,,
