RobotX,RobotY,t_GoalX,t_GoalY,t_Informed,t_Rrep,t_Rori,t_Ratt,Var9,nAg,groups
-0.496370326095409,0.134237206810877,0.310072805698168,0.10905797101768,0.5,0.01,0.12,0.15,M,8,4
-0.496370326095409,0.134237206810877,,,,,,,,,
0.0488046678927897,-0.133522919763836,,,,,,,,,
0.0488046678927897,-0.133522919763836,,,,,,,,,
-0.0709648431213072,0.186704455684172,,,,,,,,,
-0.0709648431213072,0.186704455684172,,,,,,,,,
-0.391784694444215,-0.183615027746531,,,,,,,,,
-0.391784694444215,-0.183615027746531,,,,,,,,,
