RobotX,RobotY,t_GoalX,t_GoalY,t_Informed,t_Rrep,t_Rori,t_Ratt,Var9,nAg,groups
-0.455403725555141,0.0475533790699474,0.0840670724548411,-0.0997264115204251,0.5,0.01,0.12,0.15,M,8,4
-0.455403725555141,0.0475533790699474,,,,,,,,,
0.481833483083218,-0.046206041665863,,,,,,,,,
0.481833483083218,-0.046206041665863,,,,,,,,,
0.254239183759094,0.152370895448139,,,,,,,,,
0.254239183759094,0.152370895448139,,,,,,,,,
-0.232760603805343,-0.161040465616955,,,,,,,,,
-0.232760603805343,-0.161040465616955,,,,,,,,,
