RobotX,RobotY,t_GoalX,t_GoalY,t_Informed,t_Rrep,t_Rori,t_Ratt,Var9,nAg,groups
-0.466075717753081,-0.0610773350087554,-0.0375990262419562,-0.134904764597343,0.5,0.01,0.12,0.15,M,8,4
-0.466075717753081,-0.0610773350087554,,,,,,,,,
0.332197528948549,0.186181862560216,,,,,,,,,
0.332197528948549,0.186181862560216,,,,,,,,,
-0.209405289226226,0.176944029865106,,,,,,,,,
-0.209405289226226,0.176944029865106,,,,,,,,,
0.468892396057026,-0.168968986521668,,,,,,,,,
0.468892396057026,-0.168968986521668,,,,,,,,,
