RobotX,RobotY,t_GoalX,t_GoalY,t_Informed,t_Rrep,t_Rori,t_Ratt,Var9,nAg,groups
0.0202145754176934,0.0869098205348811,-0.275693786819611,-0.141486975331799,0.5,0.01,0.12,0.15,M,8,4
0.0202145754176934,0.0869098205348811,,,,,,,,,
0.340586225408884,0.151996546766395,,,,,,,,,
0.340586225408884,0.151996546766395,,,,,,,,,
0.276024563794746,-0.18238425947258,,,,,,,,,
0.276024563794746,-0.18238425947258,,,,,,,,,
-0.29650741352938,0.19144625575514,,,,,,,,,
-0.29650741352938,0.19144625575514,,,,,,,,,
