RobotX,RobotY,t_GoalX,t_GoalY,t_Informed,t_Rrep,t_Rori,t_Ratt,Var9,nAg,groups
0.297499480640504,0.117534263277141,-0.313458369879991,-0.116736373878265,0.5,0.01,0.12,0.15,M,8,4
0.297499480640504,0.117534263277141,,,,,,,,,
-0.0657107137465112,0.0671864335765577,,,,,,,,,
-0.0657107137465112,0.0671864335765577,,,,,,,,,
0.211884040944437,-0.176104819066969,,,,,,,,,
0.211884040944437,-0.176104819066969,,,,,,,,,
-0.401936633801858,0.189083634604444,,,,,,,,,
-0.401936633801858,0.189083634604444,,,,,,,,,
