RobotX,RobotY,t_GoalX,t_GoalY,t_Informed,t_Rrep,t_Rori,t_Ratt,Var9,nAg,groups
-0.417646371446549,-0.0934890670075377,0.246053510257176,0.124549307100849,0.5,0.01,0.12,0.15,M,8,4
-0.417646371446549,-0.0934890670075377,,,,,,,,,
-0.137545001811975,0.190224159714355,,,,,,,,,
-0.137545001811975,0.190224159714355,,,,,,,,,
0.428917007787694,-0.192059074985668,,,,,,,,,
0.428917007787694,-0.192059074985668,,,,,,,,,
-0.0741182093746526,-0.180476706228424,,,,,,,,,
-0.0741182093746526,-0.180476706228424,,,,,,,,,
