RobotX,RobotY,t_GoalX,t_GoalY,t_Informed,t_Rrep,t_Rori,t_Ratt,Var9,nAg,groups
0.308480560534744,0.119655685637162,-0.121672315232826,-0.0400086862791181,0.5,0.01,0.12,0.15,M,8,4
0.308480560534744,0.119655685637162,,,,,,,,,
0.4323344258993,-0.185229304625327,,,,,,,,,
0.4323344258993,-0.185229304625327,,,,,,,,,
-0.388992754117488,0.133057566088417,,,,,,,,,
-0.388992754117488,0.133057566088417,,,,,,,,,
-0.470411730355052,-0.178042160779072,,,,,,,,,
-0.470411730355052,-0.178042160779072,,,,,,,,,
