RobotX,RobotY,t_GoalX,t_GoalY,t_Informed,t_Rrep,t_Rori,t_Ratt,Var9,nAg,groups
-0.147673733526126,0.142242042695059,0.199603194861128,-0.0688882911393756,0.5,0.01,0.12,0.15,M,8,4
-0.147673733526126,0.142242042695059,,,,,,,,,
-0.469136518565687,0.134516003964058,,,,,,,,,
-0.469136518565687,0.134516003964058,,,,,,,,,
0.432896869531906,0.16593129410803,,,,,,,,,
0.432896869531906,0.16593129410803,,,,,,,,,
-0.358676300770645,-0.146133554877923,,,,,,,,,
-0.358676300770645,-0.146133554877923,,,,,,,,,
