RobotX,RobotY,t_GoalX,t_GoalY,t_Informed,t_Rrep,t_Rori,t_Ratt,Var9,nAg,groups
-0.306136429783273,0.143098512299146,0.392625271045712,0.0918946244118879,0.5,0.01,0.12,0.15,M,8,4
-0.306136429783273,0.143098512299146,,,,,,,,,
0.0865483461326351,-0.179226327783787,,,,,,,,,
0.0865483461326351,-0.179226327783787,,,,,,,,,
0.0503145146580767,0.177860843567029,,,,,,,,,
0.0503145146580767,0.177860843567029,,,,,,,,,
-0.43398060719633,-0.134400236765382,,,,,,,,,
-0.43398060719633,-0.134400236765382,,,,,,,,,
