RobotX,RobotY,t_GoalX,t_GoalY,t_Informed,t_Rrep,t_Rori,t_Ratt,Var9,nAg,groups
-0.339360047894276,-0.173492056615986,0.165380545872468,0.0841457079214117,0.5,0.01,0.12,0.15,M,8,4
-0.339360047894276,-0.173492056615986,,,,,,,,,
0.461694974786107,-0.0609759756361395,,,,,,,,,
0.461694974786107,-0.0609759756361395,,,,,,,,,
0.0281910368760963,-0.192455926491357,,,,,,,,,
0.0281910368760963,-0.192455926491357,,,,,,,,,
-0.194829177682681,0.176633267575961,,,,,,,,,
-0.194829177682681,0.176633267575961,,,,,,,,,
