RobotX,RobotY,t_GoalX,t_GoalY,t_Informed,t_Rrep,t_Rori,t_Ratt,Var9,nAg,groups
-0.489875383467929,0.15441742610767,-0.0830466349728171,0.130168147293855,0.5,0.01,0.12,0.15,M,8,4
-0.489875383467929,0.15441742610767,,,,,,,,,
0.437531434336637,0.146261014768637,,,,,,,,,
0.437531434336637,0.146261014768637,,,,,,,,,
-0.448128902458254,-0.189528930757133,,,,,,,,,
-0.448128902458254,-0.189528930757133,,,,,,,,,
0.1119804745214,-0.115209816150436,,,,,,,,,
0.1119804745214,-0.115209816150436,,,,,,,,,
