RobotX,RobotY,t_GoalX,t_GoalY,t_Informed,t_Rrep,t_Rori,t_Ratt,Var9,nAg,groups
-0.124558753892312,-0.198644883434115,-0.173957215133023,0.131327249722351,0.5,0.01,0.12,0.15,M,8,4
-0.124558753892312,-0.198644883434115,,,,,,,,,
-0.480458024510307,-0.0176978374072229,,,,,,,,,
-0.480458024510307,-0.0176978374072229,,,,,,,,,
0.482282490536521,-0.0503962496721344,,,,,,,,,
0.482282490536521,-0.0503962496721344,,,,,,,,,
0.140705700679912,-0.0240282547249474,,,,,,,,,
0.140705700679912,-0.0240282547249474,,,,,,,,,
