RobotX,RobotY,t_GoalX,t_GoalY,t_Informed,t_Rrep,t_Rori,t_Ratt,Var9,nAg,groups
0.455475317736065,0.179852880152679,-0.235217292547896,-0.140359216601364,0.5,0.01,0.12,0.15,M,8,4
0.455475317736065,0.179852880152679,,,,,,,,,
0.153456782106794,-0.17197729759059,,,,,,,,,
0.153456782106794,-0.17197729759059,,,,,,,,,
-0.177167339617075,0.161190856668075,,,,,,,,,
-0.177167339617075,0.161190856668075,,,,,,,,,
0.124443938524622,0.189231993148117,,,,,,,,,
0.124443938524622,0.189231993148117,,,,,,,,,
