RobotX,RobotY,t_GoalX,t_GoalY,t_Informed,t_Rrep,t_Rori,t_Ratt,Var9,nAg,groups
-0.390782267392218,-0.170798095117291,0.0812983143379714,-0.0760084653469875,0.5,0.01,0.12,0.15,M,8,4
-0.390782267392218,-0.170798095117291,,,,,,,,,
-0.247230249511139,0.177213170381123,,,,,,,,,
-0.247230249511139,0.177213170381123,,,,,,,,,
0.228763288547617,0.197766178971467,,,,,,,,,
0.228763288547617,0.197766178971467,,,,,,,,,
0.48247964655572,-0.0607803758531789,,,,,,,,,
0.48247964655572,-0.0607803758531789,,,,,,,,,
