RobotX,RobotY,t_GoalX,t_GoalY,t_Informed,t_Rrep,t_Rori,t_Ratt,Var9,nAg,groups
-0.423737081765036,0.197530507119801,0.047742524716833,-0.101298333888774,0.5,0.01,0.12,0.15,M,8,4
-0.423737081765036,0.197530507119801,,,,,,,,,
0.434028641325464,-0.178175627555979,,,,,,,,,
0.434028641325464,-0.178175627555979,,,,,,,,,
0.324173298370097,0.144846088370822,,,,,,,,,
0.324173298370097,0.144846088370822,,,,,,,,,
-0.368645214878812,-0.183871181425951,,,,,,,,,
-0.368645214878812,-0.183871181425951,,,,,,,,,
