RobotX,RobotY,t_GoalX,t_GoalY,t_Informed,t_Rrep,t_Rori,t_Ratt,Var9,nAg,groups
-0.0210239558875918,-0.125875626872222,0.187024393961342,0.142212156525271,0.5,0.01,0.12,0.15,M,8,4
-0.0210239558875918,-0.125875626872222,,,,,,,,,
-0.333995077028792,0.168659360827467,,,,,,,,,
-0.333995077028792,0.168659360827467,,,,,,,,,
0.497356292443559,-0.0483032568716322,,,,,,,,,
0.497356292443559,-0.0483032568716322,,,,,,,,,
-0.432815841895465,-0.133668070388443,,,,,,,,,
-0.432815841895465,-0.133668070388443,,,,,,,,,
