RobotX,RobotY,t_GoalX,t_GoalY,t_Informed,t_Rrep,t_Rori,t_Ratt,Var9,nAg,groups
-0.20783186836052,-0.107975713042227,0.0964055944289119,-0.111478849752694,0.5,0.01,0.12,0.15,M,8,4
-0.20783186836052,-0.107975713042227,,,,,,,,,
-0.425012863226672,0.183613016506897,,,,,,,,,
-0.425012863226672,0.183613016506897,,,,,,,,,
0.454538036035902,-0.0347088408642419,,,,,,,,,
0.454538036035902,-0.0347088408642419,,,,,,,,,
-0.055803382581456,0.171274274597647,,,,,,,,,
-0.055803382581456,0.171274274597647,,,,,,,,,
