RobotX,RobotY,t_GoalX,t_GoalY,t_Informed,t_Rrep,t_Rori,t_Ratt,Var9,nAg,groups
-0.459737904476286,-0.193017875603209,0.0733985297765885,0.134568602963778,0.5,0.01,0.12,0.15,M,8,4
-0.459737904476286,-0.193017875603209,,,,,,,,,
0.0751741463020544,-0.170620494871841,,,,,,,,,
0.0751741463020544,-0.170620494871841,,,,,,,,,
0.468010968228403,-0.156934418464567,,,,,,,,,
0.468010968228403,-0.156934418464567,,,,,,,,,
-0.256335045728381,0.125634810993836,,,,,,,,,
-0.256335045728381,0.125634810993836,,,,,,,,,
