RobotX,RobotY,t_GoalX,t_GoalY,t_Informed,t_Rrep,t_Rori,t_Ratt,Var9,nAg,groups
-0.311842091357147,-0.18339405220887,0.262706329022417,-0.143111651326624,0.5,0.01,0.12,0.15,M,8,4
-0.311842091357147,-0.18339405220887,,,,,,,,,
0.257696389291805,0.175470532832048,,,,,,,,,
0.257696389291805,0.175470532832048,,,,,,,,,
-0.474683001708255,0.195150172478705,,,,,,,,,
-0.474683001708255,0.195150172478705,,,,,,,,,
-0.0778222259785656,0.172886444300211,,,,,,,,,
-0.0778222259785656,0.172886444300211,,,,,,,,,
