RobotX,RobotY,t_GoalX,t_GoalY,t_Informed,t_Rrep,t_Rori,t_Ratt,Var9,nAg,groups
-0.487215591137384,0.133441230047789,-0.0589137489475393,0.0977853254429341,0.5,0.01,0.12,0.15,M,8,4
-0.487215591137384,0.133441230047789,,,,,,,,,
-0.400490569141375,-0.166795087366493,,,,,,,,,
-0.400490569141375,-0.166795087366493,,,,,,,,,
0.496603476508193,-0.199691983540036,,,,,,,,,
0.496603476508193,-0.199691983540036,,,,,,,,,
0.178469347471869,-0.176399512869106,,,,,,,,,
0.178469347471869,-0.176399512869106,,,,,,,,,
