RobotX,RobotY,t_GoalX,t_GoalY,t_Informed,t_Rrep,t_Rori,t_Ratt,Var9,nAg,groups
-0.298099784816483,0.130294212610424,-0.00887498689640864,-0.140116232319524,0.5,0.01,0.12,0.15,M,8,4
-0.298099784816483,0.130294212610424,,,,,,,,,
0.0820863474720307,0.171984367505332,,,,,,,,,
0.0820863474720307,0.171984367505332,,,,,,,,,
0.460088952660481,0.0152550297994014,,,,,,,,,
0.460088952660481,0.0152550297994014,,,,,,,,,
-0.374039606048406,-0.182479899406124,,,,,,,,,
-0.374039606048406,-0.182479899406124,,,,,,,,,
