RobotX,RobotY,t_GoalX,t_GoalY,t_Rrep,t_Rori,t_Ratt,Var8,nAg,groups
0.0315626696771891,-0.0598069121447683,-0.49700001766177,0.0726794922447697,0.01,0.12,0.15,T2,4,2
0.0315626696771891,-0.0598069121447683,0.290526105050828,-0.136525870252545,,,,,,
0.142045779604861,0.00882251557060801,-0.00341894681671284,0.163838631882675,,,,,,
0.142045779604861,0.00882251557060801,0.346622889230992,-0.0293178533596063,,,,,,
