RobotX,RobotY,t_GoalX,t_GoalY,t_Rrep,t_Rori,t_Ratt,Var8,nAg,groups
0.00955772314390446,-0.166682331953693,0.181742151385093,0.070894459120018,0.01,0.12,0.15,T2,4,2
0.00955772314390446,-0.166682331953693,0.340537319984386,0.135488044884719,,,,,,
-0.376729037200428,-0.0437948791465101,-0.0504507342184485,-0.024397276344139,,,,,,
-0.376729037200428,-0.0437948791465101,0.403349335993662,0.00174490081883699,,,,,,
