RobotX,RobotY,t_GoalX,t_GoalY,t_Rrep,t_Rori,t_Ratt,Var8,nAg,groups
0.477009071051101,-0.0696824578239671,-0.326142744184769,-0.0644274985834776,0.01,0.12,0.15,T2,4,2
0.477009071051101,-0.0696824578239671,0.23440456855596,0.146976225427958,,,,,,
0.485410862750638,-0.179547651389047,-0.218651205812668,0.0247004919748782,,,,,,
0.485410862750638,-0.179547651389047,-0.100231658039112,-0.00889358146302205,,,,,,
