RobotX,RobotY,t_GoalX,t_GoalY,t_Rrep,t_Rori,t_Ratt,Var8,nAg,groups
0.367542866094967,-0.0439499186725089,-0.27056123837405,-0.146350842014292,0.01,0.12,0.15,T2,4,2
0.367542866094967,-0.0439499186725089,0.151938355405988,-0.0852281932161386,,,,,,
-0.0913291289266289,-0.189227171882737,-0.299662634072439,-0.0157286995733034,,,,,,
-0.0913291289266289,-0.189227171882737,0.386475778132556,0.189231314083267,,,,,,
