RobotX,RobotY,t_GoalX,t_GoalY,t_Informed,t_Rrep,t_Rori,t_Ratt,Var9,nAg,groups
-0.116779053597034,-0.0446546129772178,0.249337550767447,-0.00896919869294666,0.5,0.01,0.12,0.15,T3,8,1
-0.116779053597034,-0.0446546129772178,,,,,,,,,
-0.116779053597034,-0.0446546129772178,,,,,,,,,
-0.116779053597034,-0.0446546129772178,,,,,,,,,
-0.116779053597034,-0.0446546129772178,,,,,,,,,
-0.116779053597034,-0.0446546129772178,,,,,,,,,
-0.116779053597034,-0.0446546129772178,,,,,,,,,
-0.116779053597034,-0.0446546129772178,,,,,,,,,
