RobotX,RobotY,t_GoalX,t_GoalY,t_Informed,t_Rrep,t_Rori,t_Ratt,Var9,nAg,groups
-0.463326752719034,-0.192597936703521,0.0557986846702626,-0.0146117348166241,0.5,0.01,0.12,0.15,T3,8,1
-0.463326752719034,-0.192597936703521,,,,,,,,,
-0.463326752719034,-0.192597936703521,,,,,,,,,
-0.463326752719034,-0.192597936703521,,,,,,,,,
-0.463326752719034,-0.192597936703521,,,,,,,,,
-0.463326752719034,-0.192597936703521,,,,,,,,,
-0.463326752719034,-0.192597936703521,,,,,,,,,
-0.463326752719034,-0.192597936703521,,,,,,,,,
