RobotX,RobotY,t_GoalX,t_GoalY,t_Informed,t_Rrep,t_Rori,t_Ratt,Var9,nAg,groups
-0.364442824837936,-0.00524147349137075,0.351613043543982,0.0815778016150119,0.5,0.01,0.12,0.15,T3,8,1
-0.364442824837936,-0.00524147349137075,,,,,,,,,
-0.364442824837936,-0.00524147349137075,,,,,,,,,
-0.364442824837936,-0.00524147349137075,,,,,,,,,
-0.364442824837936,-0.00524147349137075,,,,,,,,,
-0.364442824837936,-0.00524147349137075,,,,,,,,,
-0.364442824837936,-0.00524147349137075,,,,,,,,,
-0.364442824837936,-0.00524147349137075,,,,,,,,,
