RobotX,RobotY,t_GoalX,t_GoalY,t_Informed,t_Rrep,t_Rori,t_Ratt,Var9,nAg,groups
0.439114663187484,-0.0305336086234523,-0.337708482547768,-0.0381838181748279,0.5,0.01,0.12,0.15,T3,8,1
0.439114663187484,-0.0305336086234523,,,,,,,,,
0.439114663187484,-0.0305336086234523,,,,,,,,,
0.439114663187484,-0.0305336086234523,,,,,,,,,
0.439114663187484,-0.0305336086234523,,,,,,,,,
0.439114663187484,-0.0305336086234523,,,,,,,,,
0.439114663187484,-0.0305336086234523,,,,,,,,,
0.439114663187484,-0.0305336086234523,,,,,,,,,
