RobotX,RobotY,t_GoalX,t_GoalY,t_Informed,t_Rrep,t_Rori,t_Ratt,Var9,nAg,groups
-0.360688810997773,0.0406531629710024,0.396780658662211,0.138747719109825,0.5,0.01,0.12,0.15,T3,8,1
-0.360688810997773,0.0406531629710024,,,,,,,,,
-0.360688810997773,0.0406531629710024,,,,,,,,,
-0.360688810997773,0.0406531629710024,,,,,,,,,
-0.360688810997773,0.0406531629710024,,,,,,,,,
-0.360688810997773,0.0406531629710024,,,,,,,,,
-0.360688810997773,0.0406531629710024,,,,,,,,,
-0.360688810997773,0.0406531629710024,,,,,,,,,
