RobotX,RobotY,t_GoalX,t_GoalY,t_Informed,t_Rrep,t_Rori,t_Ratt,Var9,nAg,groups
-0.447515564608757,-0.0662919210516973,0.302017682549076,-0.106092073270704,0.5,0.01,0.12,0.15,T3,8,1
-0.447515564608757,-0.0662919210516973,,,,,,,,,
-0.447515564608757,-0.0662919210516973,,,,,,,,,
-0.447515564608757,-0.0662919210516973,,,,,,,,,
-0.447515564608757,-0.0662919210516973,,,,,,,,,
-0.447515564608757,-0.0662919210516973,,,,,,,,,
-0.447515564608757,-0.0662919210516973,,,,,,,,,
-0.447515564608757,-0.0662919210516973,,,,,,,,,
