RobotX,RobotY,t_GoalX,t_GoalY,t_Informed,t_Rrep,t_Rori,t_Ratt,Var9,nAg,groups
0.297487660033465,0.078452453063533,0.0644442557473539,-0.144269537269703,0.5,0.01,0.12,0.15,T3,8,1
0.297487660033465,0.078452453063533,,,,,,,,,
0.297487660033465,0.078452453063533,,,,,,,,,
0.297487660033465,0.078452453063533,,,,,,,,,
0.297487660033465,0.078452453063533,,,,,,,,,
0.297487660033465,0.078452453063533,,,,,,,,,
0.297487660033465,0.078452453063533,,,,,,,,,
0.297487660033465,0.078452453063533,,,,,,,,,
