RobotX,RobotY,t_GoalX,t_GoalY,t_Informed,t_Rrep,t_Rori,t_Ratt,Var9,nAg,groups
0.470017535246739,0.167631525952814,-0.327924028621652,0.146809217543075,0.5,0.01,0.12,0.15,T3,8,1
0.470017535246739,0.167631525952814,,,,,,,,,
0.470017535246739,0.167631525952814,,,,,,,,,
0.470017535246739,0.167631525952814,,,,,,,,,
0.470017535246739,0.167631525952814,,,,,,,,,
0.470017535246739,0.167631525952814,,,,,,,,,
0.470017535246739,0.167631525952814,,,,,,,,,
0.470017535246739,0.167631525952814,,,,,,,,,
