RobotX,RobotY,t_GoalX,t_GoalY,t_Informed,t_Rrep,t_Rori,t_Ratt,Var9,nAg,groups
0.286907876720019,-0.168467641285562,-0.381533839935602,-0.115566536590404,0.5,0.01,0.12,0.15,T3,8,1
0.286907876720019,-0.168467641285562,,,,,,,,,
0.286907876720019,-0.168467641285562,,,,,,,,,
0.286907876720019,-0.168467641285562,,,,,,,,,
0.286907876720019,-0.168467641285562,,,,,,,,,
0.286907876720019,-0.168467641285562,,,,,,,,,
0.286907876720019,-0.168467641285562,,,,,,,,,
0.286907876720019,-0.168467641285562,,,,,,,,,
