RobotX,RobotY,t_GoalX,t_GoalY,t_Informed,t_Rrep,t_Rori,t_Ratt,Var9,nAg,groups
0.328568067349085,0.172060532056323,0.0711537317104826,-0.0686969018240025,0.5,0.01,0.12,0.15,T3,8,1
0.328568067349085,0.172060532056323,,,,,,,,,
0.328568067349085,0.172060532056323,,,,,,,,,
0.328568067349085,0.172060532056323,,,,,,,,,
0.328568067349085,0.172060532056323,,,,,,,,,
0.328568067349085,0.172060532056323,,,,,,,,,
0.328568067349085,0.172060532056323,,,,,,,,,
0.328568067349085,0.172060532056323,,,,,,,,,
