RobotX,RobotY,t_GoalX,t_GoalY,t_Informed,t_Rrep,t_Rori,t_Ratt,Var9,nAg,groups
0.262775012129679,0.0389272631985648,-0.0595712725591074,-0.0825798403205083,0.5,0.01,0.12,0.15,T3,8,1
0.262775012129679,0.0389272631985648,,,,,,,,,
0.262775012129679,0.0389272631985648,,,,,,,,,
0.262775012129679,0.0389272631985648,,,,,,,,,
0.262775012129679,0.0389272631985648,,,,,,,,,
0.262775012129679,0.0389272631985648,,,,,,,,,
0.262775012129679,0.0389272631985648,,,,,,,,,
0.262775012129679,0.0389272631985648,,,,,,,,,
