RobotX,RobotY,t_GoalX,t_GoalY,t_Informed,t_Rrep,t_Rori,t_Ratt,Var9,nAg,groups
-0.226225574412917,-0.0664590005980615,0.127102330142858,-0.00164600342171631,0.5,0.01,0.12,0.15,T3,8,1
-0.226225574412917,-0.0664590005980615,,,,,,,,,
-0.226225574412917,-0.0664590005980615,,,,,,,,,
-0.226225574412917,-0.0664590005980615,,,,,,,,,
-0.226225574412917,-0.0664590005980615,,,,,,,,,
-0.226225574412917,-0.0664590005980615,,,,,,,,,
-0.226225574412917,-0.0664590005980615,,,,,,,,,
-0.226225574412917,-0.0664590005980615,,,,,,,,,
