RobotX,RobotY,t_GoalX,t_GoalY,t_Informed,t_Rrep,t_Rori,t_Ratt,Var9,nAg,groups
0.354851042207956,-0.0780708387016568,0.0390597804573985,0.072387551120294,0.5,0.01,0.12,0.15,T3,8,1
0.354851042207956,-0.0780708387016568,,,,,,,,,
0.354851042207956,-0.0780708387016568,,,,,,,,,
0.354851042207956,-0.0780708387016568,,,,,,,,,
0.354851042207956,-0.0780708387016568,,,,,,,,,
0.354851042207956,-0.0780708387016568,,,,,,,,,
0.354851042207956,-0.0780708387016568,,,,,,,,,
0.354851042207956,-0.0780708387016568,,,,,,,,,
