RobotX,RobotY,t_GoalX,t_GoalY,t_Informed,t_Rrep,t_Rori,t_Ratt,Var9,nAg,groups
0.399571068885218,-0.032500435003542,0.0419442564526187,-0.14638804569084,0.5,0.01,0.12,0.15,T3,8,1
0.399571068885218,-0.032500435003542,,,,,,,,,
0.399571068885218,-0.032500435003542,,,,,,,,,
0.399571068885218,-0.032500435003542,,,,,,,,,
0.399571068885218,-0.032500435003542,,,,,,,,,
0.399571068885218,-0.032500435003542,,,,,,,,,
0.399571068885218,-0.032500435003542,,,,,,,,,
0.399571068885218,-0.032500435003542,,,,,,,,,
