RobotX,RobotY,t_GoalX,t_GoalY,t_Informed,t_Rrep,t_Rori,t_Ratt,Var9,nAg,groups
0.294308221662536,0.0902011884348924,-0.373098435604186,0.0490456659546966,0.5,0.01,0.12,0.15,T3,8,1
0.294308221662536,0.0902011884348924,,,,,,,,,
0.294308221662536,0.0902011884348924,,,,,,,,,
0.294308221662536,0.0902011884348924,,,,,,,,,
0.294308221662536,0.0902011884348924,,,,,,,,,
0.294308221662536,0.0902011884348924,,,,,,,,,
0.294308221662536,0.0902011884348924,,,,,,,,,
0.294308221662536,0.0902011884348924,,,,,,,,,
