RobotX,RobotY,t_GoalX,t_GoalY,t_Informed,t_Rrep,t_Rori,t_Ratt,Var9,nAg,groups
0.300956260405806,0.103373203985291,-0.151106275222149,-0.137541047234612,0.5,0.01,0.12,0.15,T3,8,1
0.300956260405806,0.103373203985291,,,,,,,,,
0.300956260405806,0.103373203985291,,,,,,,,,
0.300956260405806,0.103373203985291,,,,,,,,,
0.300956260405806,0.103373203985291,,,,,,,,,
0.300956260405806,0.103373203985291,,,,,,,,,
0.300956260405806,0.103373203985291,,,,,,,,,
0.300956260405806,0.103373203985291,,,,,,,,,
