RobotX,RobotY,t_GoalX,t_GoalY,t_Informed,t_Rrep,t_Rori,t_Ratt,Var9,nAg,groups
0.381901915089533,0.150730741222657,-0.298759527009319,-0.0465654851332789,0.5,0.01,0.12,0.15,T3,8,1
0.381901915089533,0.150730741222657,,,,,,,,,
0.381901915089533,0.150730741222657,,,,,,,,,
0.381901915089533,0.150730741222657,,,,,,,,,
0.381901915089533,0.150730741222657,,,,,,,,,
0.381901915089533,0.150730741222657,,,,,,,,,
0.381901915089533,0.150730741222657,,,,,,,,,
0.381901915089533,0.150730741222657,,,,,,,,,
