RobotX,RobotY,t_GoalX,t_GoalY,t_Informed,t_Rrep,t_Rori,t_Ratt,Var9,nAg,groups
0.400356742247799,0.163294231244776,0.321918754656699,-0.131943025863298,0.5,0.01,0.12,0.15,T3,8,1
0.400356742247799,0.163294231244776,,,,,,,,,
0.400356742247799,0.163294231244776,,,,,,,,,
0.400356742247799,0.163294231244776,,,,,,,,,
0.400356742247799,0.163294231244776,,,,,,,,,
0.400356742247799,0.163294231244776,,,,,,,,,
0.400356742247799,0.163294231244776,,,,,,,,,
0.400356742247799,0.163294231244776,,,,,,,,,
