RobotX,RobotY,t_GoalX,t_GoalY,t_Informed,t_Rrep,t_Rori,t_Ratt,Var9,nAg,groups
0.330743620054359,-0.087629441464779,-0.0474046461351699,-0.068545823201741,0.5,0.01,0.12,0.15,T3,8,1
0.330743620054359,-0.087629441464779,,,,,,,,,
0.330743620054359,-0.087629441464779,,,,,,,,,
0.330743620054359,-0.087629441464779,,,,,,,,,
0.330743620054359,-0.087629441464779,,,,,,,,,
0.330743620054359,-0.087629441464779,,,,,,,,,
0.330743620054359,-0.087629441464779,,,,,,,,,
0.330743620054359,-0.087629441464779,,,,,,,,,
