RobotX,RobotY,t_GoalX,t_GoalY,t_Informed,t_Rrep,t_Rori,t_Ratt,Var9,nAg,groups
0.220774385005034,-0.15095148652095,-0.249837350349856,-0.0189268871162135,0.5,0.01,0.12,0.15,T3,8,1
0.220774385005034,-0.15095148652095,,,,,,,,,
0.220774385005034,-0.15095148652095,,,,,,,,,
0.220774385005034,-0.15095148652095,,,,,,,,,
0.220774385005034,-0.15095148652095,,,,,,,,,
0.220774385005034,-0.15095148652095,,,,,,,,,
0.220774385005034,-0.15095148652095,,,,,,,,,
0.220774385005034,-0.15095148652095,,,,,,,,,
