RobotX,RobotY,t_GoalX,t_GoalY,t_Informed,t_Rrep,t_Rori,t_Ratt,Var9,nAg,groups
-0.444979142194786,-0.199072644077708,0.237394143426167,0.124934795086029,0.5,0.01,0.12,0.15,T3,8,1
-0.444979142194786,-0.199072644077708,,,,,,,,,
-0.444979142194786,-0.199072644077708,,,,,,,,,
-0.444979142194786,-0.199072644077708,,,,,,,,,
-0.444979142194786,-0.199072644077708,,,,,,,,,
-0.444979142194786,-0.199072644077708,,,,,,,,,
-0.444979142194786,-0.199072644077708,,,,,,,,,
-0.444979142194786,-0.199072644077708,,,,,,,,,
