RobotX,RobotY,t_GoalX,t_GoalY,t_Informed,t_Rrep,t_Rori,t_Ratt,Var9,nAg,groups
0.305339029080689,-0.0247644804402338,-0.27720729806879,0.144452695665958,0.5,0.01,0.12,0.15,T3,8,1
0.305339029080689,-0.0247644804402338,,,,,,,,,
0.305339029080689,-0.0247644804402338,,,,,,,,,
0.305339029080689,-0.0247644804402338,,,,,,,,,
0.305339029080689,-0.0247644804402338,,,,,,,,,
0.305339029080689,-0.0247644804402338,,,,,,,,,
0.305339029080689,-0.0247644804402338,,,,,,,,,
0.305339029080689,-0.0247644804402338,,,,,,,,,
