RobotX,RobotY,t_GoalX,t_GoalY,t_Informed,t_Rrep,t_Rori,t_Ratt,Var9,nAg,groups
-0.277106639440445,-0.106335862522787,0.126108759785558,0.104535391149459,0.5,0.01,0.12,0.15,T3,8,1
-0.277106639440445,-0.106335862522787,,,,,,,,,
-0.277106639440445,-0.106335862522787,,,,,,,,,
-0.277106639440445,-0.106335862522787,,,,,,,,,
-0.277106639440445,-0.106335862522787,,,,,,,,,
-0.277106639440445,-0.106335862522787,,,,,,,,,
-0.277106639440445,-0.106335862522787,,,,,,,,,
-0.277106639440445,-0.106335862522787,,,,,,,,,
