RobotX,RobotY,t_GoalX,t_GoalY,t_Informed,t_Rrep,t_Rori,t_Ratt,Var9,nAg,groups
-0.159067403018553,-0.018108432736418,0.128854021420177,0.116495629311111,0.5,0.01,0.12,0.15,T3,8,1
-0.159067403018553,-0.018108432736418,,,,,,,,,
-0.159067403018553,-0.018108432736418,,,,,,,,,
-0.159067403018553,-0.018108432736418,,,,,,,,,
-0.159067403018553,-0.018108432736418,,,,,,,,,
-0.159067403018553,-0.018108432736418,,,,,,,,,
-0.159067403018553,-0.018108432736418,,,,,,,,,
-0.159067403018553,-0.018108432736418,,,,,,,,,
