RobotX,RobotY,t_GoalX,t_GoalY,t_Informed,t_Rrep,t_Rori,t_Ratt,Var9,nAg,groups
-0.452866298887544,0.0149107017876694,0.0488498390835106,0.00243235281310916,0.5,0.01,0.12,0.15,T3,8,1
-0.452866298887544,0.0149107017876694,,,,,,,,,
-0.452866298887544,0.0149107017876694,,,,,,,,,
-0.452866298887544,0.0149107017876694,,,,,,,,,
-0.452866298887544,0.0149107017876694,,,,,,,,,
-0.452866298887544,0.0149107017876694,,,,,,,,,
-0.452866298887544,0.0149107017876694,,,,,,,,,
-0.452866298887544,0.0149107017876694,,,,,,,,,
