RobotX,RobotY,t_GoalX,t_GoalY,t_Informed,t_Rrep,t_Rori,t_Ratt,Var9,nAg,groups
-0.0719378174417158,0.197911335371045,0.261060388447519,0.10749649509643,0.5,0.01,0.12,0.15,T3,8,1
-0.0719378174417158,0.197911335371045,,,,,,,,,
-0.0719378174417158,0.197911335371045,,,,,,,,,
-0.0719378174417158,0.197911335371045,,,,,,,,,
-0.0719378174417158,0.197911335371045,,,,,,,,,
-0.0719378174417158,0.197911335371045,,,,,,,,,
-0.0719378174417158,0.197911335371045,,,,,,,,,
-0.0719378174417158,0.197911335371045,,,,,,,,,
