RobotX,RobotY,t_GoalX,t_GoalY,t_Informed,t_Rrep,t_Rori,t_Ratt,Var9,nAg,groups
-0.453784325493854,-0.0365775186444641,0.016249708566662,-0.0590776676697691,0.5,0.01,0.12,0.15,T3,8,1
-0.453784325493854,-0.0365775186444641,,,,,,,,,
-0.453784325493854,-0.0365775186444641,,,,,,,,,
-0.453784325493854,-0.0365775186444641,,,,,,,,,
-0.453784325493854,-0.0365775186444641,,,,,,,,,
-0.453784325493854,-0.0365775186444641,,,,,,,,,
-0.453784325493854,-0.0365775186444641,,,,,,,,,
-0.453784325493854,-0.0365775186444641,,,,,,,,,
