RobotX,RobotY,t_GoalX,t_GoalY,t_Informed,t_Rrep,t_Rori,t_Ratt,Var9,nAg,groups
-0.331071839815503,-0.185897276988442,-0.145394639864831,0.0892302106542856,0.5,0.01,0.12,0.15,T3,8,1
-0.331071839815503,-0.185897276988442,,,,,,,,,
-0.331071839815503,-0.185897276988442,,,,,,,,,
-0.331071839815503,-0.185897276988442,,,,,,,,,
-0.331071839815503,-0.185897276988442,,,,,,,,,
-0.331071839815503,-0.185897276988442,,,,,,,,,
-0.331071839815503,-0.185897276988442,,,,,,,,,
-0.331071839815503,-0.185897276988442,,,,,,,,,
