RobotX,RobotY,t_GoalX,t_GoalY,t_Informed,t_Rrep,t_Rori,t_Ratt,Var9,nAg,groups
-0.15179625784417,0.0871490823758221,0.345394334435777,0.0772564595763136,0.5,0.01,0.12,0.15,T3,8,1
-0.15179625784417,0.0871490823758221,,,,,,,,,
-0.15179625784417,0.0871490823758221,,,,,,,,,
-0.15179625784417,0.0871490823758221,,,,,,,,,
-0.15179625784417,0.0871490823758221,,,,,,,,,
-0.15179625784417,0.0871490823758221,,,,,,,,,
-0.15179625784417,0.0871490823758221,,,,,,,,,
-0.15179625784417,0.0871490823758221,,,,,,,,,
