RobotX,RobotY,t_GoalX,t_GoalY,t_Informed,t_Rrep,t_Rori,t_Ratt,Var9,nAg,groups
-0.432142834930079,0.138921922002978,-0.0368459621335326,0.0440915187584227,0.5,0.01,0.12,0.15,T3,8,1
-0.432142834930079,0.138921922002978,,,,,,,,,
-0.432142834930079,0.138921922002978,,,,,,,,,
-0.432142834930079,0.138921922002978,,,,,,,,,
-0.432142834930079,0.138921922002978,,,,,,,,,
-0.432142834930079,0.138921922002978,,,,,,,,,
-0.432142834930079,0.138921922002978,,,,,,,,,
-0.432142834930079,0.138921922002978,,,,,,,,,
