RobotX,RobotY,t_GoalX,t_GoalY,t_Informed,t_Rrep,t_Rori,t_Ratt,Var9,nAg,groups
-0.376942485706911,0.137222835335465,0.255497203859433,0.0722153370917173,0.5,0.01,0.12,0.15,T3,8,1
-0.376942485706911,0.137222835335465,,,,,,,,,
-0.376942485706911,0.137222835335465,,,,,,,,,
-0.376942485706911,0.137222835335465,,,,,,,,,
-0.376942485706911,0.137222835335465,,,,,,,,,
-0.376942485706911,0.137222835335465,,,,,,,,,
-0.376942485706911,0.137222835335465,,,,,,,,,
-0.376942485706911,0.137222835335465,,,,,,,,,
