RobotX,RobotY,t_GoalX,t_GoalY,t_Informed,t_Rrep,t_Rori,t_Ratt,Var9,nAg,groups
0.314741706640411,-0.168234241088892,-0.0210160290190348,0.0549105772252754,0.5,0.01,0.12,0.15,T3,8,1
0.314741706640411,-0.168234241088892,,,,,,,,,
0.314741706640411,-0.168234241088892,,,,,,,,,
0.314741706640411,-0.168234241088892,,,,,,,,,
0.314741706640411,-0.168234241088892,,,,,,,,,
0.314741706640411,-0.168234241088892,,,,,,,,,
0.314741706640411,-0.168234241088892,,,,,,,,,
0.314741706640411,-0.168234241088892,,,,,,,,,
