RobotX,RobotY,t_GoalX,t_GoalY,t_Informed,t_Rrep,t_Rori,t_Ratt,Var9,nAg,groups
0.420437666840153,-0.0416073493129948,-0.309852940042229,-0.0423967428754065,0.5,0.01,0.12,0.15,T3,8,1
0.420437666840153,-0.0416073493129948,,,,,,,,,
0.420437666840153,-0.0416073493129948,,,,,,,,,
0.420437666840153,-0.0416073493129948,,,,,,,,,
0.420437666840153,-0.0416073493129948,,,,,,,,,
0.420437666840153,-0.0416073493129948,,,,,,,,,
0.420437666840153,-0.0416073493129948,,,,,,,,,
0.420437666840153,-0.0416073493129948,,,,,,,,,
