RobotX,RobotY,t_GoalX,t_GoalY,t_Informed,t_Rrep,t_Rori,t_Ratt,Var9,nAg,groups
0.345669335952374,0.00975373932881163,-0.326878901478974,0.0551410468452052,0.5,0.01,0.12,0.15,T3,8,1
0.345669335952374,0.00975373932881163,,,,,,,,,
0.345669335952374,0.00975373932881163,,,,,,,,,
0.345669335952374,0.00975373932881163,,,,,,,,,
0.345669335952374,0.00975373932881163,,,,,,,,,
0.345669335952374,0.00975373932881163,,,,,,,,,
0.345669335952374,0.00975373932881163,,,,,,,,,
0.345669335952374,0.00975373932881163,,,,,,,,,
