RobotX,RobotY,t_GoalX,t_GoalY,t_Informed,t_Rrep,t_Rori,t_Ratt,Var9,nAg,groups
0.105094551688119,0.188786598383565,0.390136630812391,-0.072973312036573,0.5,0.01,0.12,0.15,T3,8,1
0.105094551688119,0.188786598383565,,,,,,,,,
0.105094551688119,0.188786598383565,,,,,,,,,
0.105094551688119,0.188786598383565,,,,,,,,,
0.105094551688119,0.188786598383565,,,,,,,,,
0.105094551688119,0.188786598383565,,,,,,,,,
0.105094551688119,0.188786598383565,,,,,,,,,
0.105094551688119,0.188786598383565,,,,,,,,,
