RobotX,RobotY,t_GoalX,t_GoalY,t_Informed,t_Rrep,t_Rori,t_Ratt,Var9,nAg,groups
-0.414181234077948,0.0808858834019163,0.0703537315107351,-0.0874233441095079,0.5,0.01,0.12,0.15,T3,8,1
-0.414181234077948,0.0808858834019163,,,,,,,,,
-0.414181234077948,0.0808858834019163,,,,,,,,,
-0.414181234077948,0.0808858834019163,,,,,,,,,
-0.414181234077948,0.0808858834019163,,,,,,,,,
-0.414181234077948,0.0808858834019163,,,,,,,,,
-0.414181234077948,0.0808858834019163,,,,,,,,,
-0.414181234077948,0.0808858834019163,,,,,,,,,
