RobotX,RobotY,t_GoalX,t_GoalY,t_Informed,t_Rrep,t_Rori,t_Ratt,Var9,nAg,groups
0.439788938139468,-0.159047999397181,0.0835819408249748,0.137457295309098,0.5,0.01,0.12,0.15,T3,8,1
0.439788938139468,-0.159047999397181,,,,,,,,,
0.439788938139468,-0.159047999397181,,,,,,,,,
0.439788938139468,-0.159047999397181,,,,,,,,,
0.439788938139468,-0.159047999397181,,,,,,,,,
0.439788938139468,-0.159047999397181,,,,,,,,,
0.439788938139468,-0.159047999397181,,,,,,,,,
0.439788938139468,-0.159047999397181,,,,,,,,,
