RobotX,RobotY,t_GoalX,t_GoalY,t_Informed,t_Rrep,t_Rori,t_Ratt,Var9,nAg,groups
-0.0920746525176271,0.17278439529062,0.200869165224866,-0.146428500810607,0.5,0.01,0.12,0.15,T3,8,1
-0.0920746525176271,0.17278439529062,,,,,,,,,
-0.0920746525176271,0.17278439529062,,,,,,,,,
-0.0920746525176271,0.17278439529062,,,,,,,,,
-0.0920746525176271,0.17278439529062,,,,,,,,,
-0.0920746525176271,0.17278439529062,,,,,,,,,
-0.0920746525176271,0.17278439529062,,,,,,,,,
-0.0920746525176271,0.17278439529062,,,,,,,,,
