RobotX,RobotY,t_GoalX,t_GoalY,t_Informed,t_Rrep,t_Rori,t_Ratt,Var9,nAg,groups
0.00572368145970525,0.132945783507823,-0.246728855425042,-0.106502559257278,0.5,0.01,0.12,0.15,T3,8,1
0.00572368145970525,0.132945783507823,,,,,,,,,
0.00572368145970525,0.132945783507823,,,,,,,,,
0.00572368145970525,0.132945783507823,,,,,,,,,
0.00572368145970525,0.132945783507823,,,,,,,,,
0.00572368145970525,0.132945783507823,,,,,,,,,
0.00572368145970525,0.132945783507823,,,,,,,,,
0.00572368145970525,0.132945783507823,,,,,,,,,
