RobotX,RobotY,t_GoalX,t_GoalY,t_Informed,t_Rrep,t_Rori,t_Ratt,Var9,nAg,groups
-0.222518814199086,-0.110880247547932,0.296506899424595,-0.000396281871682447,0.5,0.01,0.12,0.15,T3,8,1
-0.222518814199086,-0.110880247547932,,,,,,,,,
-0.222518814199086,-0.110880247547932,,,,,,,,,
-0.222518814199086,-0.110880247547932,,,,,,,,,
-0.222518814199086,-0.110880247547932,,,,,,,,,
-0.222518814199086,-0.110880247547932,,,,,,,,,
-0.222518814199086,-0.110880247547932,,,,,,,,,
-0.222518814199086,-0.110880247547932,,,,,,,,,
