RobotX,RobotY,t_GoalX,t_GoalY,t_Informed,t_Rrep,t_Rori,t_Ratt,Var9,nAg,groups
-0.333608587637796,0.184146130825518,0.153216846581007,-0.114183591050148,0.5,0.01,0.12,0.15,T3,8,1
-0.333608587637796,0.184146130825518,,,,,,,,,
-0.333608587637796,0.184146130825518,,,,,,,,,
-0.333608587637796,0.184146130825518,,,,,,,,,
-0.333608587637796,0.184146130825518,,,,,,,,,
-0.333608587637796,0.184146130825518,,,,,,,,,
-0.333608587637796,0.184146130825518,,,,,,,,,
-0.333608587637796,0.184146130825518,,,,,,,,,
