RobotX,RobotY,t_GoalX,t_GoalY,t_Informed,t_Rrep,t_Rori,t_Ratt,Var9,nAg,groups
-0.218814669683331,0.0811530198014552,0.125395223749317,-0.148319631441675,0.5,0.01,0.12,0.15,T3,8,1
-0.218814669683331,0.0811530198014552,,,,,,,,,
-0.218814669683331,0.0811530198014552,,,,,,,,,
-0.218814669683331,0.0811530198014552,,,,,,,,,
-0.218814669683331,0.0811530198014552,,,,,,,,,
-0.218814669683331,0.0811530198014552,,,,,,,,,
-0.218814669683331,0.0811530198014552,,,,,,,,,
-0.218814669683331,0.0811530198014552,,,,,,,,,
