RobotX,RobotY,t_GoalX,t_GoalY,t_Informed,t_Rrep,t_Rori,t_Ratt,Var9,nAg,groups
-0.354020032615594,-0.0373305771277815,0.397182909632412,0.0873909014492033,0.5,0.01,0.12,0.15,T3,8,1
-0.354020032615594,-0.0373305771277815,,,,,,,,,
-0.354020032615594,-0.0373305771277815,,,,,,,,,
-0.354020032615594,-0.0373305771277815,,,,,,,,,
-0.354020032615594,-0.0373305771277815,,,,,,,,,
-0.354020032615594,-0.0373305771277815,,,,,,,,,
-0.354020032615594,-0.0373305771277815,,,,,,,,,
-0.354020032615594,-0.0373305771277815,,,,,,,,,
