RobotX,RobotY,t_GoalX,t_GoalY,t_Informed,t_Rrep,t_Rori,t_Ratt,Var9,nAg,groups
-0.106466400847902,-0.136052028460271,0.234293481092752,0.135154181436774,0.5,0.01,0.12,0.15,T3,8,1
-0.106466400847902,-0.136052028460271,,,,,,,,,
-0.106466400847902,-0.136052028460271,,,,,,,,,
-0.106466400847902,-0.136052028460271,,,,,,,,,
-0.106466400847902,-0.136052028460271,,,,,,,,,
-0.106466400847902,-0.136052028460271,,,,,,,,,
-0.106466400847902,-0.136052028460271,,,,,,,,,
-0.106466400847902,-0.136052028460271,,,,,,,,,
