RobotX,RobotY,t_GoalX,t_GoalY,t_Informed,t_Rrep,t_Rori,t_Ratt,Var9,nAg,groups
0.498708607987475,-0.0815694113696666,0.21036336704752,0.0898879294401059,0.5,0.01,0.12,0.15,T3,8,1
0.498708607987475,-0.0815694113696666,,,,,,,,,
0.498708607987475,-0.0815694113696666,,,,,,,,,
0.498708607987475,-0.0815694113696666,,,,,,,,,
0.498708607987475,-0.0815694113696666,,,,,,,,,
0.498708607987475,-0.0815694113696666,,,,,,,,,
0.498708607987475,-0.0815694113696666,,,,,,,,,
0.498708607987475,-0.0815694113696666,,,,,,,,,
