RobotX,RobotY,t_GoalX,t_GoalY,t_Informed,t_Rrep,t_Rori,t_Ratt,Var9,nAg,groups
-0.409291384492476,0.0361512219612205,0.0922571019212722,-0.0609948035473022,0.5,0.01,0.12,0.15,T3,8,1
-0.409291384492476,0.0361512219612205,,,,,,,,,
-0.409291384492476,0.0361512219612205,,,,,,,,,
-0.409291384492476,0.0361512219612205,,,,,,,,,
-0.409291384492476,0.0361512219612205,,,,,,,,,
-0.409291384492476,0.0361512219612205,,,,,,,,,
-0.409291384492476,0.0361512219612205,,,,,,,,,
-0.409291384492476,0.0361512219612205,,,,,,,,,
