RobotX,RobotY,t_GoalX,t_GoalY,t_Informed,t_Rrep,t_Rori,t_Ratt,Var9,nAg,groups
-0.0527184237677597,0.136135373427153,-0.359010880031669,0.0542642567127582,0.5,0.01,0.12,0.15,T3,8,1
-0.0527184237677597,0.136135373427153,,,,,,,,,
-0.0527184237677597,0.136135373427153,,,,,,,,,
-0.0527184237677597,0.136135373427153,,,,,,,,,
-0.0527184237677597,0.136135373427153,,,,,,,,,
-0.0527184237677597,0.136135373427153,,,,,,,,,
-0.0527184237677597,0.136135373427153,,,,,,,,,
-0.0527184237677597,0.136135373427153,,,,,,,,,
