RobotX,RobotY,t_GoalX,t_GoalY,t_Informed,t_Rrep,t_Rori,t_Ratt,Var9,nAg,groups
0.131673680923525,-0.166889657789492,-0.0427049220720009,0.0851607050384258,0.5,0.01,0.12,0.15,T3,8,1
0.131673680923525,-0.166889657789492,,,,,,,,,
0.131673680923525,-0.166889657789492,,,,,,,,,
0.131673680923525,-0.166889657789492,,,,,,,,,
0.131673680923525,-0.166889657789492,,,,,,,,,
0.131673680923525,-0.166889657789492,,,,,,,,,
0.131673680923525,-0.166889657789492,,,,,,,,,
0.131673680923525,-0.166889657789492,,,,,,,,,
