RobotX,RobotY,t_GoalX,t_GoalY,t_Informed,t_Rrep,t_Rori,t_Ratt,Var9,nAg,groups
-0.442393947338621,-0.165490699077925,0.306753311379308,-0.00458155600907523,0.5,0.01,0.12,0.15,T3,8,1
-0.442393947338621,-0.165490699077925,,,,,,,,,
-0.442393947338621,-0.165490699077925,,,,,,,,,
-0.442393947338621,-0.165490699077925,,,,,,,,,
-0.442393947338621,-0.165490699077925,,,,,,,,,
-0.442393947338621,-0.165490699077925,,,,,,,,,
-0.442393947338621,-0.165490699077925,,,,,,,,,
-0.442393947338621,-0.165490699077925,,,,,,,,,
