RobotX,RobotY,t_GoalX,t_GoalY,t_Informed,t_Rrep,t_Rori,t_Ratt,Var9,nAg,groups
-0.367446594534589,-0.0627485393249221,0.0624922614755171,0.0352321370831639,0.5,0.01,0.12,0.15,T3,8,1
-0.367446594534589,-0.0627485393249221,,,,,,,,,
-0.367446594534589,-0.0627485393249221,,,,,,,,,
-0.367446594534589,-0.0627485393249221,,,,,,,,,
-0.367446594534589,-0.0627485393249221,,,,,,,,,
-0.367446594534589,-0.0627485393249221,,,,,,,,,
-0.367446594534589,-0.0627485393249221,,,,,,,,,
-0.367446594534589,-0.0627485393249221,,,,,,,,,
