RobotX,RobotY,t_GoalX,t_GoalY,t_Informed,t_Rrep,t_Rori,t_Ratt,Var9,nAg,groups
0.199333420031524,0.124866378021194,-0.389717907858365,-0.11363922752659,0.5,0.01,0.12,0.15,T3,8,1
0.199333420031524,0.124866378021194,,,,,,,,,
0.199333420031524,0.124866378021194,,,,,,,,,
0.199333420031524,0.124866378021194,,,,,,,,,
0.199333420031524,0.124866378021194,,,,,,,,,
0.199333420031524,0.124866378021194,,,,,,,,,
0.199333420031524,0.124866378021194,,,,,,,,,
0.199333420031524,0.124866378021194,,,,,,,,,
