RobotX,RobotY,t_GoalX,t_GoalY,t_Informed,t_Rrep,t_Rori,t_Ratt,Var9,nAg,groups
0.187398594810513,0.0069561069699573,-0.18048848196971,-0.122950313542688,0.5,0.01,0.12,0.15,T3,8,1
0.187398594810513,0.0069561069699573,,,,,,,,,
0.187398594810513,0.0069561069699573,,,,,,,,,
0.187398594810513,0.0069561069699573,,,,,,,,,
0.187398594810513,0.0069561069699573,,,,,,,,,
0.187398594810513,0.0069561069699573,,,,,,,,,
0.187398594810513,0.0069561069699573,,,,,,,,,
0.187398594810513,0.0069561069699573,,,,,,,,,
