RobotX,RobotY,t_GoalX,t_GoalY,t_Informed,t_Rrep,t_Rori,t_Ratt,Var9,nAg,groups
-0.383357001793447,0.0753674382770501,0.307651542535387,-0.0923332375175568,0.5,0.01,0.12,0.15,T3,8,1
-0.383357001793447,0.0753674382770501,,,,,,,,,
-0.383357001793447,0.0753674382770501,,,,,,,,,
-0.383357001793447,0.0753674382770501,,,,,,,,,
-0.383357001793447,0.0753674382770501,,,,,,,,,
-0.383357001793447,0.0753674382770501,,,,,,,,,
-0.383357001793447,0.0753674382770501,,,,,,,,,
-0.383357001793447,0.0753674382770501,,,,,,,,,
