RobotX,RobotY,t_GoalX,t_GoalY,t_Informed,t_Rrep,t_Rori,t_Ratt,Var9,nAg,groups
0.271513080805203,0.0151855951433434,-0.19803253888223,-0.0358770187600524,0.5,0.01,0.12,0.15,T3,8,1
0.271513080805203,0.0151855951433434,,,,,,,,,
0.271513080805203,0.0151855951433434,,,,,,,,,
0.271513080805203,0.0151855951433434,,,,,,,,,
0.271513080805203,0.0151855951433434,,,,,,,,,
0.271513080805203,0.0151855951433434,,,,,,,,,
0.271513080805203,0.0151855951433434,,,,,,,,,
0.271513080805203,0.0151855951433434,,,,,,,,,
