RobotX,RobotY,t_GoalX,t_GoalY,t_Informed,t_Rrep,t_Rori,t_Ratt,Var9,nAg,groups
0.449951398557721,0.0965936291358643,-0.174290438894625,0.0943890151683766,0.5,0.01,0.12,0.15,T3,8,1
0.449951398557721,0.0965936291358643,,,,,,,,,
0.449951398557721,0.0965936291358643,,,,,,,,,
0.449951398557721,0.0965936291358643,,,,,,,,,
0.449951398557721,0.0965936291358643,,,,,,,,,
0.449951398557721,0.0965936291358643,,,,,,,,,
0.449951398557721,0.0965936291358643,,,,,,,,,
0.449951398557721,0.0965936291358643,,,,,,,,,
