RobotX,RobotY,t_GoalX,t_GoalY,t_Informed,t_Rrep,t_Rori,t_Ratt,Var9,nAg,groups
0.143657669911432,0.127574181258821,-0.157831118765814,0.0248906355251578,0.5,0.01,0.12,0.15,T3,8,1
0.143657669911432,0.127574181258821,,,,,,,,,
0.143657669911432,0.127574181258821,,,,,,,,,
0.143657669911432,0.127574181258821,,,,,,,,,
0.143657669911432,0.127574181258821,,,,,,,,,
0.143657669911432,0.127574181258821,,,,,,,,,
0.143657669911432,0.127574181258821,,,,,,,,,
0.143657669911432,0.127574181258821,,,,,,,,,
