RobotX,RobotY,t_GoalX,t_GoalY,t_Informed,t_Rrep,t_Rori,t_Ratt,Var9,nAg,groups
-0.285134611361573,0.124278081801768,0.389118689538396,-0.0214069169372125,0.5,0.01,0.12,0.15,T2,8,3
-0.285134611361573,0.124278081801768,,,,,,,,,
-0.285134611361573,0.124278081801768,,,,,,,,,
0.0932198409445256,0.068907774839142,,,,,,,,,
0.0932198409445256,0.068907774839142,,,,,,,,,
0.0932198409445256,0.068907774839142,,,,,,,,,
-0.167172141090981,-0.195983525505506,,,,,,,,,
-0.167172141090981,-0.195983525505506,,,,,,,,,
