RobotX,RobotY,t_GoalX,t_GoalY,t_Informed,t_Rrep,t_Rori,t_Ratt,Var9,nAg,groups
-0.0300019991281225,0.157689033645436,0.0819690261745859,-0.133903674762665,0.5,0.01,0.12,0.15,T2,8,3
-0.0300019991281225,0.157689033645436,,,,,,,,,
-0.0300019991281225,0.157689033645436,,,,,,,,,
0.330783692448109,0.0641370490666323,,,,,,,,,
0.330783692448109,0.0641370490666323,,,,,,,,,
0.330783692448109,0.0641370490666323,,,,,,,,,
-0.453640109854418,0.0014410063014581,,,,,,,,,
-0.453640109854418,0.0014410063014581,,,,,,,,,
