RobotX,RobotY,t_GoalX,t_GoalY,t_Informed,t_Rrep,t_Rori,t_Ratt,Var9,nAg,groups
-0.406062734251784,0.160333294669342,-0.0950422297421236,0.112399358086162,0.5,0.01,0.12,0.15,T2,8,3
-0.406062734251784,0.160333294669342,,,,,,,,,
-0.406062734251784,0.160333294669342,,,,,,,,,
0.22532801604848,0.164719012341441,,,,,,,,,
0.22532801604848,0.164719012341441,,,,,,,,,
0.22532801604848,0.164719012341441,,,,,,,,,
0.396689071452167,-0.109819822240119,,,,,,,,,
0.396689071452167,-0.109819822240119,,,,,,,,,
