RobotX,RobotY,t_GoalX,t_GoalY,t_Informed,t_Rrep,t_Rori,t_Ratt,Var9,nAg,groups
0.438676347366687,0.15502316326898,0.0479245274626358,0.117386601041443,0.5,0.01,0.12,0.15,T2,8,3
0.438676347366687,0.15502316326898,,,,,,,,,
0.438676347366687,0.15502316326898,,,,,,,,,
-0.470654674554661,0.116372831517874,,,,,,,,,
-0.470654674554661,0.116372831517874,,,,,,,,,
-0.470654674554661,0.116372831517874,,,,,,,,,
0.175023439428129,-0.191299032934008,,,,,,,,,
0.175023439428129,-0.191299032934008,,,,,,,,,
