RobotX,RobotY,t_GoalX,t_GoalY,t_Informed,t_Rrep,t_Rori,t_Ratt,Var9,nAg,groups
-0.151541449611408,0.149284052496135,0.395681514782676,-0.0917198557442695,0.5,0.01,0.12,0.15,T2,8,3
-0.151541449611408,0.149284052496135,,,,,,,,,
-0.151541449611408,0.149284052496135,,,,,,,,,
-0.417692990669731,-0.147938906370172,,,,,,,,,
-0.417692990669731,-0.147938906370172,,,,,,,,,
-0.417692990669731,-0.147938906370172,,,,,,,,,
-0.0234185680476072,-0.199268985048599,,,,,,,,,
-0.0234185680476072,-0.199268985048599,,,,,,,,,
