RobotX,RobotY,t_GoalX,t_GoalY,t_Informed,t_Rrep,t_Rori,t_Ratt,Var9,nAg,groups
-0.288040793443412,0.125114974300724,0.0528270665961095,-0.134647234508731,0.5,0.01,0.12,0.15,T2,8,3
-0.288040793443412,0.125114974300724,,,,,,,,,
-0.288040793443412,0.125114974300724,,,,,,,,,
0.429734198505566,0.0810709066969852,,,,,,,,,
0.429734198505566,0.0810709066969852,,,,,,,,,
0.429734198505566,0.0810709066969852,,,,,,,,,
-0.413769420233735,-0.184557604367379,,,,,,,,,
-0.413769420233735,-0.184557604367379,,,,,,,,,
