RobotX,RobotY,t_GoalX,t_GoalY,t_Informed,t_Rrep,t_Rori,t_Ratt,Var9,nAg,groups
0.429681912167147,-0.0756888369368205,-0.377626442646199,-0.0739198370135462,0.5,0.01,0.12,0.15,T2,8,3
0.429681912167147,-0.0756888369368205,,,,,,,,,
0.429681912167147,-0.0756888369368205,,,,,,,,,
-0.0606244269816933,0.0207752509072006,,,,,,,,,
-0.0606244269816933,0.0207752509072006,,,,,,,,,
-0.0606244269816933,0.0207752509072006,,,,,,,,,
0.250955583973522,0.175942565485247,,,,,,,,,
0.250955583973522,0.175942565485247,,,,,,,,,
