RobotX,RobotY,t_GoalX,t_GoalY,t_Informed,t_Rrep,t_Rori,t_Ratt,Var9,nAg,groups
-0.0422008970507933,-0.153433049404841,0.193072503616319,0.0472154839002402,0.5,0.01,0.12,0.15,T2,8,3
-0.0422008970507933,-0.153433049404841,,,,,,,,,
-0.0422008970507933,-0.153433049404841,,,,,,,,,
0.49510293518812,0.164573917256065,,,,,,,,,
0.49510293518812,0.164573917256065,,,,,,,,,
0.49510293518812,0.164573917256065,,,,,,,,,
-0.231377258450124,0.16225523486724,,,,,,,,,
-0.231377258450124,0.16225523486724,,,,,,,,,
