RobotX,RobotY,t_GoalX,t_GoalY,t_Informed,t_Rrep,t_Rori,t_Ratt,Var9,nAg,groups
0.423070129761301,0.175580246911783,-0.351354001406233,-0.135858584143613,0.5,0.01,0.12,0.15,T2,8,3
0.423070129761301,0.175580246911783,,,,,,,,,
0.423070129761301,0.175580246911783,,,,,,,,,
0.173198392461905,-0.103351011919237,,,,,,,,,
0.173198392461905,-0.103351011919237,,,,,,,,,
0.173198392461905,-0.103351011919237,,,,,,,,,
-0.459310129042279,0.161214070652107,,,,,,,,,
-0.459310129042279,0.161214070652107,,,,,,,,,
