RobotX,RobotY,t_GoalX,t_GoalY,t_Informed,t_Rrep,t_Rori,t_Ratt,Var9,nAg,groups
0.0970497435951881,0.163928134203683,0.38579696173515,0.0209688394772579,0.5,0.01,0.12,0.15,T2,8,3
0.0970497435951881,0.163928134203683,,,,,,,,,
0.0970497435951881,0.163928134203683,,,,,,,,,
-0.48916246844379,-0.0499017113611028,,,,,,,,,
-0.48916246844379,-0.0499017113611028,,,,,,,,,
-0.48916246844379,-0.0499017113611028,,,,,,,,,
-0.152723341065168,-0.0467852615838703,,,,,,,,,
-0.152723341065168,-0.0467852615838703,,,,,,,,,
