RobotX,RobotY,t_GoalX,t_GoalY,t_Informed,t_Rrep,t_Rori,t_Ratt,Var9,nAg,groups
0.167693729223683,0.170713186378407,-0.151933689142059,0.00412819508585238,0.5,0.01,0.12,0.15,T2,8,3
0.167693729223683,0.170713186378407,,,,,,,,,
0.167693729223683,0.170713186378407,,,,,,,,,
0.232649823285576,-0.148774534332439,,,,,,,,,
0.232649823285576,-0.148774534332439,,,,,,,,,
0.232649823285576,-0.148774534332439,,,,,,,,,
-0.495335744591948,-0.180615425514356,,,,,,,,,
-0.495335744591948,-0.180615425514356,,,,,,,,,
