RobotX,RobotY,t_GoalX,t_GoalY,t_Informed,t_Rrep,t_Rori,t_Ratt,Var9,nAg,groups
-0.453642258910901,0.0971624522146032,0.00308092710501462,0.111454447183812,0.5,0.01,0.12,0.15,T2,8,3
-0.453642258910901,0.0971624522146032,,,,,,,,,
-0.453642258910901,0.0971624522146032,,,,,,,,,
0.379513117557712,0.133752907970438,,,,,,,,,
0.379513117557712,0.133752907970438,,,,,,,,,
0.379513117557712,0.133752907970438,,,,,,,,,
-0.182041839828289,-0.181170493003453,,,,,,,,,
-0.182041839828289,-0.181170493003453,,,,,,,,,
