RobotX,RobotY,t_GoalX,t_GoalY,t_Informed,t_Rrep,t_Rori,t_Ratt,Var9,nAg,groups
-0.410014197494079,-0.197428789177537,-0.0473983263480302,-0.136979106375595,0.5,0.01,0.12,0.15,T2,8,3
-0.410014197494079,-0.197428789177537,,,,,,,,,
-0.410014197494079,-0.197428789177537,,,,,,,,,
-0.16290642665964,0.144351246737304,,,,,,,,,
-0.16290642665964,0.144351246737304,,,,,,,,,
-0.16290642665964,0.144351246737304,,,,,,,,,
0.495259973554912,0.141786608553355,,,,,,,,,
0.495259973554912,0.141786608553355,,,,,,,,,
