RobotX,RobotY,t_GoalX,t_GoalY,t_Informed,t_Rrep,t_Rori,t_Ratt,Var9,nAg,groups
0.0739013550408324,0.129561297147208,0.325953382834659,-0.0987568177322273,0.5,0.01,0.12,0.15,T2,8,3
0.0739013550408324,0.129561297147208,,,,,,,,,
0.0739013550408324,0.129561297147208,,,,,,,,,
-0.491635029311414,-0.048746910253156,,,,,,,,,
-0.491635029311414,-0.048746910253156,,,,,,,,,
-0.491635029311414,-0.048746910253156,,,,,,,,,
-0.0843393111850576,-0.130541824926499,,,,,,,,,
-0.0843393111850576,-0.130541824926499,,,,,,,,,
