RobotX,RobotY,t_GoalX,t_GoalY,t_Informed,t_Rrep,t_Rori,t_Ratt,Var9,nAg,groups
0.447509762474689,0.118048370007991,-0.0603419106501657,-0.0569096088215762,0.5,0.01,0.12,0.15,T2,8,3
0.447509762474689,0.118048370007991,,,,,,,,,
0.447509762474689,0.118048370007991,,,,,,,,,
0.477585509240634,-0.197629578949654,,,,,,,,,
0.477585509240634,-0.197629578949654,,,,,,,,,
0.477585509240634,-0.197629578949654,,,,,,,,,
-0.354694652445117,0.00288161515878146,,,,,,,,,
-0.354694652445117,0.00288161515878146,,,,,,,,,
