RobotX,RobotY,t_GoalX,t_GoalY,t_Informed,t_Rrep,t_Rori,t_Ratt,Var9,nAg,groups
0.107626853822208,-0.192136645095774,0.299438479133551,0.0933843950101818,0.5,0.01,0.12,0.15,T2,8,3
0.107626853822208,-0.192136645095774,,,,,,,,,
0.107626853822208,-0.192136645095774,,,,,,,,,
-0.480962320859272,0.0530225336367739,,,,,,,,,
-0.480962320859272,0.0530225336367739,,,,,,,,,
-0.480962320859272,0.0530225336367739,,,,,,,,,
-0.178046438606785,0.155341125084255,,,,,,,,,
-0.178046438606785,0.155341125084255,,,,,,,,,
