RobotX,RobotY,t_GoalX,t_GoalY,t_Informed,t_Rrep,t_Rori,t_Ratt,Var9,nAg,groups
0.498680891578455,-0.154953351713878,0.332070672651374,0.109114305447338,0.5,0.01,0.12,0.15,T2,8,3
0.498680891578455,-0.154953351713878,,,,,,,,,
0.498680891578455,-0.154953351713878,,,,,,,,,
-0.309621074319139,-0.165907901346969,,,,,,,,,
-0.309621074319139,-0.165907901346969,,,,,,,,,
-0.309621074319139,-0.165907901346969,,,,,,,,,
0.0210571745249694,0.0758942407878915,,,,,,,,,
0.0210571745249694,0.0758942407878915,,,,,,,,,
