RobotX,RobotY,t_GoalX,t_GoalY,t_Informed,t_Rrep,t_Rori,t_Ratt,Var9,nAg,groups
-0.483406734074132,0.163402417427513,0.0226489070133782,0.00999357246270219,0.5,0.01,0.12,0.15,T2,8,3
-0.483406734074132,0.163402417427513,,,,,,,,,
-0.483406734074132,0.163402417427513,,,,,,,,,
0.363596973337778,0.108626813033774,,,,,,,,,
0.363596973337778,0.108626813033774,,,,,,,,,
0.363596973337778,0.108626813033774,,,,,,,,,
-0.315851089024872,-0.197323071776808,,,,,,,,,
-0.315851089024872,-0.197323071776808,,,,,,,,,
