RobotX,RobotY,t_GoalX,t_GoalY,t_Informed,t_Rrep,t_Rori,t_Ratt,Var9,nAg,groups
0.089748219305258,-0.186428638245974,-0.101343132639976,0.0914459166876611,0.5,0.01,0.12,0.15,T2,8,3
0.089748219305258,-0.186428638245974,,,,,,,,,
0.089748219305258,-0.186428638245974,,,,,,,,,
-0.449878255390081,0.0297108647547923,,,,,,,,,
-0.449878255390081,0.0297108647547923,,,,,,,,,
-0.449878255390081,0.0297108647547923,,,,,,,,,
0.494874932039875,0.0993711941255834,,,,,,,,,
0.494874932039875,0.0993711941255834,,,,,,,,,
