RobotX,RobotY,t_GoalX,t_GoalY,t_Informed,t_Rrep,t_Rori,t_Ratt,Var9,nAg,groups
0.460411813429393,0.0817892571259614,-0.340613479552935,0.139082217844995,0.5,0.01,0.12,0.15,T2,8,3
0.460411813429393,0.0817892571259614,,,,,,,,,
0.460411813429393,0.0817892571259614,,,,,,,,,
0.123839821985366,0.174606602335021,,,,,,,,,
0.123839821985366,0.174606602335021,,,,,,,,,
0.123839821985366,0.174606602335021,,,,,,,,,
-0.254049913627776,-0.162502583382387,,,,,,,,,
-0.254049913627776,-0.162502583382387,,,,,,,,,
