RobotX,RobotY,t_GoalX,t_GoalY,t_Informed,t_Rrep,t_Rori,t_Ratt,Var9,nAg,groups
0.340886052923265,0.181345887500547,-0.258227783334061,0.114667783683637,0.5,0.01,0.12,0.15,T2,8,3
0.340886052923265,0.181345887500547,,,,,,,,,
0.340886052923265,0.181345887500547,,,,,,,,,
0.147714147790867,-0.0988646830153119,,,,,,,,,
0.147714147790867,-0.0988646830153119,,,,,,,,,
0.147714147790867,-0.0988646830153119,,,,,,,,,
-0.481536047866562,-0.124258566269996,,,,,,,,,
-0.481536047866562,-0.124258566269996,,,,,,,,,
