RobotX,RobotY,t_GoalX,t_GoalY,t_Informed,t_Rrep,t_Rori,t_Ratt,Var9,nAg,groups
0.23224140623948,-0.183791242397349,-0.143126434882464,-0.121485782909624,0.5,0.01,0.12,0.15,T2,8,3
0.23224140623948,-0.183791242397349,,,,,,,,,
0.23224140623948,-0.183791242397349,,,,,,,,,
-0.478122375307623,-0.0529031017322346,,,,,,,,,
-0.478122375307623,-0.0529031017322346,,,,,,,,,
-0.478122375307623,-0.0529031017322346,,,,,,,,,
0.118499258682636,0.162231824474797,,,,,,,,,
0.118499258682636,0.162231824474797,,,,,,,,,
