RobotX,RobotY,t_GoalX,t_GoalY,t_Informed,t_Rrep,t_Rori,t_Ratt,Var9,nAg,groups
-0.489903100046729,0.0532907034489581,0.048672641211042,-0.085545585919149,0.5,0.01,0.12,0.15,T2,8,3
-0.489903100046729,0.0532907034489581,,,,,,,,,
-0.489903100046729,0.0532907034489581,,,,,,,,,
0.385473154536139,0.0396407778225701,,,,,,,,,
0.385473154536139,0.0396407778225701,,,,,,,,,
0.385473154536139,0.0396407778225701,,,,,,,,,
-0.186418680257506,0.184091689756811,,,,,,,,,
-0.186418680257506,0.184091689756811,,,,,,,,,
