RobotX,RobotY,t_GoalX,t_GoalY,t_Informed,t_Rrep,t_Rori,t_Ratt,Var9,nAg,groups
-0.277222905574076,0.103329658315056,0.302907771254782,-0.104828540851541,0.5,0.01,0.12,0.15,T2,8,3
-0.277222905574076,0.103329658315056,,,,,,,,,
-0.277222905574076,0.103329658315056,,,,,,,,,
0.460843338165038,0.151756056000662,,,,,,,,,
0.460843338165038,0.151756056000662,,,,,,,,,
0.460843338165038,0.151756056000662,,,,,,,,,
-0.472316232104599,-0.176221741998443,,,,,,,,,
-0.472316232104599,-0.176221741998443,,,,,,,,,
