RobotX,RobotY,t_GoalX,t_GoalY,t_Informed,t_Rrep,t_Rori,t_Ratt,Var9,nAg,groups
0.167856552429852,0.143195787243775,-0.209892535807863,0.0170694313159394,0.5,0.01,0.12,0.15,T2,8,3
0.167856552429852,0.143195787243775,,,,,,,,,
0.167856552429852,0.143195787243775,,,,,,,,,
0.209207851320401,-0.198794036871931,,,,,,,,,
0.209207851320401,-0.198794036871931,,,,,,,,,
0.209207851320401,-0.198794036871931,,,,,,,,,
-0.492767724678483,-0.177911639464026,,,,,,,,,
-0.492767724678483,-0.177911639464026,,,,,,,,,
