RobotX,RobotY,t_GoalX,t_GoalY,t_Informed,t_Rrep,t_Rori,t_Ratt,Var9,nAg,groups
0.146474982947681,0.0207273493702041,-0.352400065731889,-0.145460448715924,0.5,0.01,0.12,0.15,T2,8,3
0.146474982947681,0.0207273493702041,,,,,,,,,
0.146474982947681,0.0207273493702041,,,,,,,,,
0.452564874450202,0.0128730313071857,,,,,,,,,
0.452564874450202,0.0128730313071857,,,,,,,,,
0.452564874450202,0.0128730313071857,,,,,,,,,
-0.265626985317741,0.150540886743688,,,,,,,,,
-0.265626985317741,0.150540886743688,,,,,,,,,
