RobotX,RobotY,t_GoalX,t_GoalY,t_Informed,t_Rrep,t_Rori,t_Ratt,Var9,nAg,groups
-0.182109226052961,0.169936413220773,-0.397582202900772,-0.0776897401924851,0.5,0.01,0.12,0.15,T2,8,3
-0.182109226052961,0.169936413220773,,,,,,,,,
-0.182109226052961,0.169936413220773,,,,,,,,,
0.258942970117762,0.129950136999481,,,,,,,,,
0.258942970117762,0.129950136999481,,,,,,,,,
0.258942970117762,0.129950136999481,,,,,,,,,
-0.108959697780779,-0.181048415494341,,,,,,,,,
-0.108959697780779,-0.181048415494341,,,,,,,,,
