RobotX,RobotY,t_GoalX,t_GoalY,t_Informed,t_Rrep,t_Rori,t_Ratt,Var9,nAg,groups
-0.258298735217866,-0.145636545624564,0.0093240099891731,0.0728257320300384,0.5,0.01,0.12,0.15,T2,8,3
-0.258298735217866,-0.145636545624564,,,,,,,,,
-0.258298735217866,-0.145636545624564,,,,,,,,,
0.353884560116221,0.0981414610255892,,,,,,,,,
0.353884560116221,0.0981414610255892,,,,,,,,,
0.353884560116221,0.0981414610255892,,,,,,,,,
-0.425759469268831,0.129323456709156,,,,,,,,,
-0.425759469268831,0.129323456709156,,,,,,,,,
