RobotX,RobotY,t_GoalX,t_GoalY,t_Informed,t_Rrep,t_Rori,t_Ratt,Var9,nAg,groups
-0.328076439187042,-0.192640451160683,-0.392658628648601,0.102315447924642,0.5,0.01,0.12,0.15,T2,8,3
-0.328076439187042,-0.192640451160683,,,,,,,,,
-0.328076439187042,-0.192640451160683,,,,,,,,,
0.41647952293778,-0.0435337975620178,,,,,,,,,
0.41647952293778,-0.0435337975620178,,,,,,,,,
0.41647952293778,-0.0435337975620178,,,,,,,,,
-0.0387780229571907,-0.0973729132424409,,,,,,,,,
-0.0387780229571907,-0.0973729132424409,,,,,,,,,
