RobotX,RobotY,t_GoalX,t_GoalY,t_Informed,t_Rrep,t_Rori,t_Ratt,Var9,nAg,groups
0.490443404279134,-0.150366808625451,0.329526631148146,0.107717047324075,0.5,0.01,0.12,0.15,T2,8,3
0.490443404279134,-0.150366808625451,,,,,,,,,
0.490443404279134,-0.150366808625451,,,,,,,,,
0.0212027570694291,-0.120073483235197,,,,,,,,,
0.0212027570694291,-0.120073483235197,,,,,,,,,
0.0212027570694291,-0.120073483235197,,,,,,,,,
-0.293082412442608,0.0903267652594323,,,,,,,,,
-0.293082412442608,0.0903267652594323,,,,,,,,,
