RobotX,RobotY,t_GoalX,t_GoalY,t_Informed,t_Rrep,t_Rori,t_Ratt,Var9,nAg,groups
-0.495324545070221,-0.0284272425394104,-0.202656615805246,0.08374776218179,0.5,0.01,0.12,0.15,T2,8,3
-0.495324545070221,-0.0284272425394104,,,,,,,,,
-0.495324545070221,-0.0284272425394104,,,,,,,,,
0.122004837556682,0.0728305226381709,,,,,,,,,
0.122004837556682,0.0728305226381709,,,,,,,,,
0.122004837556682,0.0728305226381709,,,,,,,,,
0.394437328456321,-0.0615715809973496,,,,,,,,,
0.394437328456321,-0.0615715809973496,,,,,,,,,
