RobotX,RobotY,t_GoalX,t_GoalY,t_Informed,t_Rrep,t_Rori,t_Ratt,Var9,nAg,groups
-0.214114998076808,0.0907033921160199,0.203305582029247,0.108576630976977,0.5,0.01,0.12,0.15,T2,8,3
-0.214114998076808,0.0907033921160199,,,,,,,,,
-0.214114998076808,0.0907033921160199,,,,,,,,,
0.0640770945122486,-0.161949000891207,,,,,,,,,
0.0640770945122486,-0.161949000891207,,,,,,,,,
0.0640770945122486,-0.161949000891207,,,,,,,,,
0.493199299623278,-0.174216852523561,,,,,,,,,
0.493199299623278,-0.174216852523561,,,,,,,,,
