RobotX,RobotY,t_GoalX,t_GoalY,t_Informed,t_Rrep,t_Rori,t_Ratt,Var9,nAg,groups
-0.149236708981819,0.195632489295093,0.34534750740222,0.073191002039948,0.5,0.01,0.12,0.15,T2,8,3
-0.149236708981819,0.195632489295093,,,,,,,,,
-0.149236708981819,0.195632489295093,,,,,,,,,
0.0528652233613228,-0.0920040157548864,,,,,,,,,
0.0528652233613228,-0.0920040157548864,,,,,,,,,
0.0528652233613228,-0.0920040157548864,,,,,,,,,
-0.483077855764654,0.128932846477572,,,,,,,,,
-0.483077855764654,0.128932846477572,,,,,,,,,
