RobotX,RobotY,t_GoalX,t_GoalY,t_Informed,t_Rrep,t_Rori,t_Ratt,Var9,nAg,groups
-0.128420980085115,-0.094655234883637,0.28238728059837,-0.146663714433601,0.5,0.01,0.12,0.15,T2,8,3
-0.128420980085115,-0.094655234883637,,,,,,,,,
-0.128420980085115,-0.094655234883637,,,,,,,,,
-0.493622821612596,0.168281010471084,,,,,,,,,
-0.493622821612596,0.168281010471084,,,,,,,,,
-0.493622821612596,0.168281010471084,,,,,,,,,
0.397358699555043,0.197790653715396,,,,,,,,,
0.397358699555043,0.197790653715396,,,,,,,,,
