RobotX,RobotY,t_GoalX,t_GoalY,t_Informed,t_Rrep,t_Rori,t_Ratt,Var9,nAg,groups
0.413735972049764,0.128393064621535,0.0677036253306834,0.106876882394962,0.5,0.01,0.12,0.15,T2,8,3
0.413735972049764,0.128393064621535,,,,,,,,,
0.413735972049764,0.128393064621535,,,,,,,,,
-0.386345850053191,-0.0892350353134193,,,,,,,,,
-0.386345850053191,-0.0892350353134193,,,,,,,,,
-0.386345850053191,-0.0892350353134193,,,,,,,,,
0.424604219016696,-0.195356886717147,,,,,,,,,
0.424604219016696,-0.195356886717147,,,,,,,,,
