RobotX,RobotY,t_GoalX,t_GoalY,t_Informed,t_Rrep,t_Rori,t_Ratt,Var9,nAg,groups
-0.399729845364963,-0.0692077501931007,0.371224628260328,0.143323823488525,0.5,0.01,0.12,0.15,T2,8,3
-0.399729845364963,-0.0692077501931007,,,,,,,,,
-0.399729845364963,-0.0692077501931007,,,,,,,,,
0.150520531716074,-0.137132485649762,,,,,,,,,
0.150520531716074,-0.137132485649762,,,,,,,,,
0.150520531716074,-0.137132485649762,,,,,,,,,
0.497982784964519,-0.196029487944931,,,,,,,,,
0.497982784964519,-0.196029487944931,,,,,,,,,
