RobotX,RobotY,t_GoalX,t_GoalY,t_Informed,t_Rrep,t_Rori,t_Ratt,Var9,nAg,groups
-0.236714352517727,0.162735033129156,-0.24597794160111,-0.14317206986075,0.5,0.01,0.12,0.15,T2,8,3
-0.236714352517727,0.162735033129156,,,,,,,,,
-0.236714352517727,0.162735033129156,,,,,,,,,
0.115124840107194,-0.0938136393954623,,,,,,,,,
0.115124840107194,-0.0938136393954623,,,,,,,,,
0.115124840107194,-0.0938136393954623,,,,,,,,,
0.493744668203895,0.0973086626882245,,,,,,,,,
0.493744668203895,0.0973086626882245,,,,,,,,,
