RobotX,RobotY,t_GoalX,t_GoalY,t_Informed,t_Rrep,t_Rori,t_Ratt,Var9,nAg,groups
0.370921585658553,-0.151949843456941,-0.0287741838939183,-0.0826847739026552,0.5,0.01,0.12,0.15,T2,8,3
0.370921585658553,-0.151949843456941,,,,,,,,,
0.370921585658553,-0.151949843456941,,,,,,,,,
-0.392509641645101,-0.0692578453559087,,,,,,,,,
-0.392509641645101,-0.0692578453559087,,,,,,,,,
-0.392509641645101,-0.0692578453559087,,,,,,,,,
0.409348220031896,0.169300423038166,,,,,,,,,
0.409348220031896,0.169300423038166,,,,,,,,,
