RobotX,RobotY,t_GoalX,t_GoalY,t_Informed,t_Rrep,t_Rori,t_Ratt,Var9,nAg,groups
-0.393556140361443,-0.0498850739571656,-0.0916280802371113,-0.00985762874295262,0.5,0.01,0.12,0.15,T2,8,3
-0.393556140361443,-0.0498850739571656,,,,,,,,,
-0.393556140361443,-0.0498850739571656,,,,,,,,,
0.269419455271127,0.166066177278818,,,,,,,,,
0.269419455271127,0.166066177278818,,,,,,,,,
0.269419455271127,0.166066177278818,,,,,,,,,
0.412739391866124,-0.17523858915136,,,,,,,,,
0.412739391866124,-0.17523858915136,,,,,,,,,
