RobotX,RobotY,t_GoalX,t_GoalY,t_Informed,t_Rrep,t_Rori,t_Ratt,Var9,nAg,groups
-0.182640385512848,-0.191553359151123,0.160486929754833,-0.0624270059176181,0.5,0.01,0.12,0.15,T2,8,3
-0.182640385512848,-0.191553359151123,,,,,,,,,
-0.182640385512848,-0.191553359151123,,,,,,,,,
-0.497970234368186,0.168345277423471,,,,,,,,,
-0.497970234368186,0.168345277423471,,,,,,,,,
-0.497970234368186,0.168345277423471,,,,,,,,,
0.477302141482566,-0.0849081567854537,,,,,,,,,
0.477302141482566,-0.0849081567854537,,,,,,,,,
