RobotX,RobotY,t_GoalX,t_GoalY,t_Informed,t_Rrep,t_Rori,t_Ratt,Var9,nAg,groups
0.103067724351112,-0.0336135009728849,0.367527337315405,0.134852595253886,0.5,0.01,0.12,0.15,T2,8,3
0.103067724351112,-0.0336135009728849,,,,,,,,,
0.103067724351112,-0.0336135009728849,,,,,,,,,
-0.214111813089666,-0.159732655666563,,,,,,,,,
-0.214111813089666,-0.159732655666563,,,,,,,,,
-0.214111813089666,-0.159732655666563,,,,,,,,,
-0.385668705829517,0.116221083509691,,,,,,,,,
-0.385668705829517,0.116221083509691,,,,,,,,,
