RobotX,RobotY,t_GoalX,t_GoalY,t_Informed,t_Rrep,t_Rori,t_Ratt,Var9,nAg,groups
-0.487984776963155,-0.190848603082326,0.388065817258134,-0.00160419176938045,0.5,0.01,0.12,0.15,T2,8,3
-0.487984776963155,-0.190848603082326,,,,,,,,,
-0.487984776963155,-0.190848603082326,,,,,,,,,
-0.422377887739563,0.186433767353903,,,,,,,,,
-0.422377887739563,0.186433767353903,,,,,,,,,
-0.422377887739563,0.186433767353903,,,,,,,,,
-0.199237705945869,-0.0255652650194647,,,,,,,,,
-0.199237705945869,-0.0255652650194647,,,,,,,,,
