RobotX,RobotY,t_GoalX,t_GoalY,t_Informed,t_Rrep,t_Rori,t_Ratt,Var9,nAg,groups
0.302731087759421,0.156023232829973,0.17408054270292,-0.141914842075512,0.5,0.01,0.12,0.15,T2,8,3
0.302731087759421,0.156023232829973,,,,,,,,,
0.302731087759421,0.156023232829973,,,,,,,,,
-0.143452670077679,-0.0274928517592277,,,,,,,,,
-0.143452670077679,-0.0274928517592277,,,,,,,,,
-0.143452670077679,-0.0274928517592277,,,,,,,,,
-0.427980694868771,-0.166246699741926,,,,,,,,,
-0.427980694868771,-0.166246699741926,,,,,,,,,
