RobotX,RobotY,t_GoalX,t_GoalY,t_Informed,t_Rrep,t_Rori,t_Ratt,Var9,nAg,groups
-0.489397243123316,-0.0253631957351887,0.29814389644743,-0.117489806458853,0.5,0.01,0.12,0.15,T2,8,3
-0.489397243123316,-0.0253631957351887,,,,,,,,,
-0.489397243123316,-0.0253631957351887,,,,,,,,,
-0.264555619447377,0.190230309945666,,,,,,,,,
-0.264555619447377,0.190230309945666,,,,,,,,,
-0.264555619447377,0.190230309945666,,,,,,,,,
0.0682091659998799,0.193712798436566,,,,,,,,,
0.0682091659998799,0.193712798436566,,,,,,,,,
