RobotX,RobotY,t_GoalX,t_GoalY,t_Informed,t_Rrep,t_Rori,t_Ratt,Var9,nAg,groups
0.458395967808255,-0.123162621304095,0.062754586739618,-0.145149556362862,0.5,0.01,0.12,0.15,T2,8,3
0.458395967808255,-0.123162621304095,,,,,,,,,
0.458395967808255,-0.123162621304095,,,,,,,,,
-0.168677111358979,0.0550546666366564,,,,,,,,,
-0.168677111358979,0.0550546666366564,,,,,,,,,
-0.168677111358979,0.0550546666366564,,,,,,,,,
0.400476536469773,0.185713098258725,,,,,,,,,
0.400476536469773,0.185713098258725,,,,,,,,,
