RobotX,RobotY,t_GoalX,t_GoalY,t_Informed,t_Rrep,t_Rori,t_Ratt,Var9,nAg,groups
-0.422799787291912,-0.144710891433923,0.0226012645951623,-0.137829914326818,0.5,0.01,0.12,0.15,T2,8,3
-0.422799787291912,-0.144710891433923,,,,,,,,,
-0.422799787291912,-0.144710891433923,,,,,,,,,
-0.0471819938693117,0.172974961593029,,,,,,,,,
-0.0471819938693117,0.172974961593029,,,,,,,,,
-0.0471819938693117,0.172974961593029,,,,,,,,,
0.400757496801438,-0.17144194022219,,,,,,,,,
0.400757496801438,-0.17144194022219,,,,,,,,,
