RobotX,RobotY,t_GoalX,t_GoalY,t_Informed,t_Rrep,t_Rori,t_Ratt,Var9,nAg,groups
-0.319490679278421,-0.0947224038694158,0.292519364727295,-0.0660037392261134,0.5,0.01,0.12,0.15,T2,8,3
-0.319490679278421,-0.0947224038694158,,,,,,,,,
-0.319490679278421,-0.0947224038694158,,,,,,,,,
-0.0466488775242948,0.17306941802006,,,,,,,,,
-0.0466488775242948,0.17306941802006,,,,,,,,,
-0.0466488775242948,0.17306941802006,,,,,,,,,
-0.0051889579613682,-0.132279100326807,,,,,,,,,
-0.0051889579613682,-0.132279100326807,,,,,,,,,
