RobotX,RobotY,t_GoalX,t_GoalY,t_Informed,t_Rrep,t_Rori,t_Ratt,Var9,nAg,groups
-0.435697125995454,0.172305994223846,0.221141999877889,-0.129742348027215,0.5,0.01,0.12,0.15,T2,8,3
-0.435697125995454,0.172305994223846,,,,,,,,,
-0.435697125995454,0.172305994223846,,,,,,,,,
0.0165188310319088,0.131827603387964,,,,,,,,,
0.0165188310319088,0.131827603387964,,,,,,,,,
0.0165188310319088,0.131827603387964,,,,,,,,,
0.487965164575539,0.0331175247881569,,,,,,,,,
0.487965164575539,0.0331175247881569,,,,,,,,,
