RobotX,RobotY,t_GoalX,t_GoalY,t_Informed,t_Rrep,t_Rori,t_Ratt,Var9,nAg,groups
-0.0587148259408984,0.153961389175845,-0.357715200304137,0.0774151090388789,0.5,0.01,0.12,0.15,T2,8,3
-0.0587148259408984,0.153961389175845,,,,,,,,,
-0.0587148259408984,0.153961389175845,,,,,,,,,
0.285952889088816,0.164697496169708,,,,,,,,,
0.285952889088816,0.164697496169708,,,,,,,,,
0.285952889088816,0.164697496169708,,,,,,,,,
0.317055451031069,-0.186395182535363,,,,,,,,,
0.317055451031069,-0.186395182535363,,,,,,,,,
