RobotX,RobotY,t_GoalX,t_GoalY,t_Informed,t_Rrep,t_Rori,t_Ratt,Var9,nAg,groups
0.398404723768583,0.195186332876346,-0.127541808173672,-0.0992040005956445,0.5,0.01,0.12,0.15,T2,8,3
0.398404723768583,0.195186332876346,,,,,,,,,
0.398404723768583,0.195186332876346,,,,,,,,,
0.257453451000229,-0.0821874478051793,,,,,,,,,
0.257453451000229,-0.0821874478051793,,,,,,,,,
0.257453451000229,-0.0821874478051793,,,,,,,,,
-0.390237262106811,0.104836223261226,,,,,,,,,
-0.390237262106811,0.104836223261226,,,,,,,,,
