RobotX,RobotY,t_GoalX,t_GoalY,t_Informed,t_Rrep,t_Rori,t_Ratt,Var9,nAg,groups
0.324680588871494,-0.184157577636163,-0.133979776013093,0.0529664669227201,0.5,0.01,0.12,0.15,T2,8,3
0.324680588871494,-0.184157577636163,,,,,,,,,
0.324680588871494,-0.184157577636163,,,,,,,,,
0.304965659724034,0.178099564660619,,,,,,,,,
0.304965659724034,0.178099564660619,,,,,,,,,
0.304965659724034,0.178099564660619,,,,,,,,,
-0.413629700864658,-0.119753716323058,,,,,,,,,
-0.413629700864658,-0.119753716323058,,,,,,,,,
