RobotX,RobotY,t_GoalX,t_GoalY,t_Informed,t_Rrep,t_Rori,t_Ratt,Var9,nAg,groups
-0.00769314105590024,0.139062575848641,0.142974638953506,-0.121603836975713,0.5,0.01,0.12,0.15,T2,8,3
-0.00769314105590024,0.139062575848641,,,,,,,,,
-0.00769314105590024,0.139062575848641,,,,,,,,,
-0.444918533221695,0.157979139905079,,,,,,,,,
-0.444918533221695,0.157979139905079,,,,,,,,,
-0.444918533221695,0.157979139905079,,,,,,,,,
-0.316460401192903,-0.182373430851353,,,,,,,,,
-0.316460401192903,-0.182373430851353,,,,,,,,,
