RobotX,RobotY,t_GoalX,t_GoalY,t_Informed,t_Rrep,t_Rori,t_Ratt,Var9,nAg,groups
0.38486748217535,0.0671313047399079,-0.333419319624704,0.144829634352352,0.5,0.01,0.12,0.15,T2,8,3
0.38486748217535,0.0671313047399079,,,,,,,,,
0.38486748217535,0.0671313047399079,,,,,,,,,
-0.0135924786864631,-0.14719055411625,,,,,,,,,
-0.0135924786864631,-0.14719055411625,,,,,,,,,
-0.0135924786864631,-0.14719055411625,,,,,,,,,
-0.481036580111937,-0.152461435413805,,,,,,,,,
-0.481036580111937,-0.152461435413805,,,,,,,,,
