RobotX,RobotY,t_GoalX,t_GoalY,t_Informed,t_Rrep,t_Rori,t_Ratt,Var9,nAg,groups
0.474168966841681,0.109622581018503,0.21897659482313,-0.0857124306355361,0.5,0.01,0.12,0.15,T2,8,3
0.474168966841681,0.109622581018503,,,,,,,,,
0.474168966841681,0.109622581018503,,,,,,,,,
-0.439324674191669,0.157449269948632,,,,,,,,,
-0.439324674191669,0.157449269948632,,,,,,,,,
-0.439324674191669,0.157449269948632,,,,,,,,,
-0.089867137682741,-0.0720365444501257,,,,,,,,,
-0.089867137682741,-0.0720365444501257,,,,,,,,,
