RobotX,RobotY,t_GoalX,t_GoalY,t_Informed,t_Rrep,t_Rori,t_Ratt,Var9,nAg,groups
-0.334247067307931,0.0994331656336097,-0.0376452054751758,-0.0793623878755057,0.5,0.01,0.12,0.15,T2,8,3
-0.334247067307931,0.0994331656336097,,,,,,,,,
-0.334247067307931,0.0994331656336097,,,,,,,,,
0.219996780440591,0.173455622832158,,,,,,,,,
0.219996780440591,0.173455622832158,,,,,,,,,
0.219996780440591,0.173455622832158,,,,,,,,,
0.394588884104496,-0.179289532210614,,,,,,,,,
0.394588884104496,-0.179289532210614,,,,,,,,,
