RobotX,RobotY,t_GoalX,t_GoalY,t_Informed,t_Rrep,t_Rori,t_Ratt,Var9,nAg,groups
-0.108555770220354,0.180312913950383,0.270843845533149,0.0661187386526813,0.5,0.01,0.12,0.15,T2,8,3
-0.108555770220354,0.180312913950383,,,,,,,,,
-0.108555770220354,0.180312913950383,,,,,,,,,
-0.160992968879222,-0.138973185104754,,,,,,,,,
-0.160992968879222,-0.138973185104754,,,,,,,,,
-0.160992968879222,-0.138973185104754,,,,,,,,,
-0.425135003017531,0.0700237698127807,,,,,,,,,
-0.425135003017531,0.0700237698127807,,,,,,,,,
