RobotX,RobotY,t_GoalX,t_GoalY,t_Informed,t_Rrep,t_Rori,t_Ratt,Var9,nAg,groups
0.490559129961036,-0.124200675322244,-0.256858417962478,0.0148997367656626,0.5,0.01,0.12,0.15,T2,8,3
0.490559129961036,-0.124200675322244,,,,,,,,,
0.490559129961036,-0.124200675322244,,,,,,,,,
0.115840495634407,-0.0304444856395618,,,,,,,,,
0.115840495634407,-0.0304444856395618,,,,,,,,,
0.115840495634407,-0.0304444856395618,,,,,,,,,
0.429262227825223,0.190163525295814,,,,,,,,,
0.429262227825223,0.190163525295814,,,,,,,,,
