RobotX,RobotY,t_GoalX,t_GoalY,t_Informed,t_Rrep,t_Rori,t_Ratt,Var9,nAg,groups
0.0185355405626129,-0.111998751810282,0.278997471542408,0.088195049983489,0.5,0.01,0.12,0.15,T2,8,3
0.0185355405626129,-0.111998751810282,,,,,,,,,
0.0185355405626129,-0.111998751810282,,,,,,,,,
-0.234864995918207,0.0709792951870274,,,,,,,,,
-0.234864995918207,0.0709792951870274,,,,,,,,,
-0.234864995918207,0.0709792951870274,,,,,,,,,
-0.405455678038346,-0.199359016084401,,,,,,,,,
-0.405455678038346,-0.199359016084401,,,,,,,,,
