RobotX,RobotY,t_GoalX,t_GoalY,t_Informed,t_Rrep,t_Rori,t_Ratt,Var9,nAg,groups
-0.148563144301756,0.0549350032862109,0.196501903516089,0.134673259463885,0.5,0.01,0.12,0.15,T2,8,3
-0.148563144301756,0.0549350032862109,,,,,,,,,
-0.148563144301756,0.0549350032862109,,,,,,,,,
-0.363400494677728,-0.184893355225253,,,,,,,,,
-0.363400494677728,-0.184893355225253,,,,,,,,,
-0.363400494677728,-0.184893355225253,,,,,,,,,
0.304726704986823,-0.161825824573397,,,,,,,,,
0.304726704986823,-0.161825824573397,,,,,,,,,
