RobotX,RobotY,t_GoalX,t_GoalY,t_Informed,t_Rrep,t_Rori,t_Ratt,Var9,nAg,groups
0.331582499124915,0.0928069737126362,-0.206421255001087,0.124433624666891,0.5,0.01,0.12,0.15,T2,8,3
0.331582499124915,0.0928069737126362,,,,,,,,,
0.331582499124915,0.0928069737126362,,,,,,,,,
0.0834689634265562,-0.08695887032097,,,,,,,,,
0.0834689634265562,-0.08695887032097,,,,,,,,,
0.0834689634265562,-0.08695887032097,,,,,,,,,
-0.260266243956589,-0.187774907037167,,,,,,,,,
-0.260266243956589,-0.187774907037167,,,,,,,,,
