RobotX,RobotY,t_GoalX,t_GoalY,t_Informed,t_Rrep,t_Rori,t_Ratt,Var9,nAg,groups
-0.285481482423779,0.174138947188793,0.193244650898268,-0.148149036474236,0.5,0.01,0.12,0.15,V,8,3
-0.285481482423779,0.174138947188793,,,,,,,,,
-0.285481482423779,0.174138947188793,,,,,,,,,
0.15353899702771,0.195385822064093,,,,,,,,,
0.15353899702771,0.195385822064093,,,,,,,,,
0.15353899702771,0.195385822064093,,,,,,,,,
-0.204346745695024,-0.152219838031076,,,,,,,,,
-0.204346745695024,-0.152219838031076,,,,,,,,,
