RobotX,RobotY,t_GoalX,t_GoalY,t_Informed,t_Rrep,t_Rori,t_Ratt,Var9,nAg,groups
0.455893485924831,-0.195563810883004,0.340400319966964,0.109741819575513,0.5,0.01,0.12,0.15,V,8,3
0.455893485924831,-0.195563810883004,,,,,,,,,
0.455893485924831,-0.195563810883004,,,,,,,,,
-0.0941775021550604,-0.166356715139014,,,,,,,,,
-0.0941775021550604,-0.166356715139014,,,,,,,,,
-0.0941775021550604,-0.166356715139014,,,,,,,,,
-0.471674279682491,0.196598456382789,,,,,,,,,
-0.471674279682491,0.196598456382789,,,,,,,,,
