RobotX,RobotY,t_GoalX,t_GoalY,t_Informed,t_Rrep,t_Rori,t_Ratt,Var9,nAg,groups
-0.451343724460639,-0.18278648691825,0.278258130635799,0.101863921822554,0.5,0.01,0.12,0.15,V,8,3
-0.451343724460639,-0.18278648691825,,,,,,,,,
-0.451343724460639,-0.18278648691825,,,,,,,,,
-0.071389104433589,0.196495049499703,,,,,,,,,
-0.071389104433589,0.196495049499703,,,,,,,,,
-0.071389104433589,0.196495049499703,,,,,,,,,
0.0623791689664416,-0.116566522349088,,,,,,,,,
0.0623791689664416,-0.116566522349088,,,,,,,,,
