RobotX,RobotY,t_GoalX,t_GoalY,t_Informed,t_Rrep,t_Rori,t_Ratt,Var9,nAg,groups
-0.487579708667309,-0.00596900467347297,0.312810354323932,-0.065012276048545,0.5,0.01,0.12,0.15,V,8,3
-0.487579708667309,-0.00596900467347297,,,,,,,,,
-0.487579708667309,-0.00596900467347297,,,,,,,,,
-0.165024265154966,-0.0950764420703857,,,,,,,,,
-0.165024265154966,-0.0950764420703857,,,,,,,,,
-0.165024265154966,-0.0950764420703857,,,,,,,,,
-0.000617954788178054,0.194696732145179,,,,,,,,,
-0.000617954788178054,0.194696732145179,,,,,,,,,
