RobotX,RobotY,t_GoalX,t_GoalY,t_Informed,t_Rrep,t_Rori,t_Ratt,Var9,nAg,groups
-0.477131469846319,0.0739488247089522,-0.10275683356121,0.133079638999197,0.5,0.01,0.12,0.15,V,8,3
-0.477131469846319,0.0739488247089522,,,,,,,,,
-0.477131469846319,0.0739488247089522,,,,,,,,,
-0.300695852796489,-0.185837213720477,,,,,,,,,
-0.300695852796489,-0.185837213720477,,,,,,,,,
-0.300695852796489,-0.185837213720477,,,,,,,,,
0.405360958657982,0.114710500889157,,,,,,,,,
0.405360958657982,0.114710500889157,,,,,,,,,
