RobotX,RobotY,t_GoalX,t_GoalY,t_Informed,t_Rrep,t_Rori,t_Ratt,Var9,nAg,groups
0.394838452465074,0.189822036584205,0.215529513955534,-0.126925354168043,0.5,0.01,0.12,0.15,V,8,3
0.394838452465074,0.189822036584205,,,,,,,,,
0.394838452465074,0.189822036584205,,,,,,,,,
-0.0760120160334872,0.0812952039986724,,,,,,,,,
-0.0760120160334872,0.0812952039986724,,,,,,,,,
-0.0760120160334872,0.0812952039986724,,,,,,,,,
-0.475314856746203,-0.0240060741365396,,,,,,,,,
-0.475314856746203,-0.0240060741365396,,,,,,,,,
