RobotX,RobotY,t_GoalX,t_GoalY,t_Informed,t_Rrep,t_Rori,t_Ratt,Var9,nAg,groups
0.351950267382466,-0.158400844435112,-0.143564094834853,-0.086675094585925,0.5,0.01,0.12,0.15,V,8,3
0.351950267382466,-0.158400844435112,,,,,,,,,
0.351950267382466,-0.158400844435112,,,,,,,,,
0.128471561123985,0.150420258512191,,,,,,,,,
0.128471561123985,0.150420258512191,,,,,,,,,
0.128471561123985,0.150420258512191,,,,,,,,,
-0.459017740099929,0.123706194884396,,,,,,,,,
-0.459017740099929,0.123706194884396,,,,,,,,,
