RobotX,RobotY,t_GoalX,t_GoalY,t_Informed,t_Rrep,t_Rori,t_Ratt,Var9,nAg,groups
-0.382013189193067,-0.168288811306887,-0.020102319483582,0.105755130944072,0.5,0.01,0.12,0.15,V,8,3
-0.382013189193067,-0.168288811306887,,,,,,,,,
-0.382013189193067,-0.168288811306887,,,,,,,,,
-0.495696647311033,0.137316975756108,,,,,,,,,
-0.495696647311033,0.137316975756108,,,,,,,,,
-0.495696647311033,0.137316975756108,,,,,,,,,
0.328341618225749,0.00200701905483519,,,,,,,,,
0.328341618225749,0.00200701905483519,,,,,,,,,
