RobotX,RobotY,t_GoalX,t_GoalY,t_Informed,t_Rrep,t_Rori,t_Ratt,Var9,nAg,groups
0.0912132435798998,0.170000576040638,0.308112592589526,-0.149126896955052,0.5,0.01,0.12,0.15,V,8,3
0.0912132435798998,0.170000576040638,,,,,,,,,
0.0912132435798998,0.170000576040638,,,,,,,,,
-0.269233474331417,-0.169452195675566,,,,,,,,,
-0.269233474331417,-0.169452195675566,,,,,,,,,
-0.269233474331417,-0.169452195675566,,,,,,,,,
-0.475747068947602,0.091094273963673,,,,,,,,,
-0.475747068947602,0.091094273963673,,,,,,,,,
