RobotX,RobotY,t_GoalX,t_GoalY,t_Informed,t_Rrep,t_Rori,t_Ratt,Var9,nAg,groups
-0.441275989185803,-0.193467942506408,-0.142851576964401,-0.140701508537439,0.5,0.01,0.12,0.15,V,8,3
-0.441275989185803,-0.193467942506408,,,,,,,,,
-0.441275989185803,-0.193467942506408,,,,,,,,,
0.164865605095019,0.052577327615844,,,,,,,,,
0.164865605095019,0.052577327615844,,,,,,,,,
0.164865605095019,0.052577327615844,,,,,,,,,
0.486145210533877,-0.180184972531213,,,,,,,,,
0.486145210533877,-0.180184972531213,,,,,,,,,
