RobotX,RobotY,t_GoalX,t_GoalY,t_Informed,t_Rrep,t_Rori,t_Ratt,Var9,nAg,groups
0.38352673516997,-0.139883760692292,0.164643127159576,0.105612383294281,0.5,0.01,0.12,0.15,V,8,3
0.38352673516997,-0.139883760692292,,,,,,,,,
0.38352673516997,-0.139883760692292,,,,,,,,,
-0.494451073289733,-0.105674459163242,,,,,,,,,
-0.494451073289733,-0.105674459163242,,,,,,,,,
-0.494451073289733,-0.105674459163242,,,,,,,,,
0.0427303348394101,-0.190016935249128,,,,,,,,,
0.0427303348394101,-0.190016935249128,,,,,,,,,
