RobotX,RobotY,t_GoalX,t_GoalY,t_Informed,t_Rrep,t_Rori,t_Ratt,Var9,nAg,groups
0.488924793917645,0.140498620406439,-0.298111037446,0.14180725733769,0.5,0.01,0.12,0.15,V,8,3
0.488924793917645,0.140498620406439,,,,,,,,,
0.488924793917645,0.140498620406439,,,,,,,,,
-0.420342563102483,-0.160737275156049,,,,,,,,,
-0.420342563102483,-0.160737275156049,,,,,,,,,
-0.420342563102483,-0.160737275156049,,,,,,,,,
0.174826757341541,-0.175593836303933,,,,,,,,,
0.174826757341541,-0.175593836303933,,,,,,,,,
