RobotX,RobotY,t_GoalX,t_GoalY,t_Informed,t_Rrep,t_Rori,t_Ratt,Var9,nAg,groups
0.339911368721936,0.0493032912437216,-0.0478711193481023,0.145082279884757,0.5,0.01,0.12,0.15,V,8,3
0.339911368721936,0.0493032912437216,,,,,,,,,
0.339911368721936,0.0493032912437216,,,,,,,,,
-0.477933958517776,0.0422844029140338,,,,,,,,,
-0.477933958517776,0.0422844029140338,,,,,,,,,
-0.477933958517776,0.0422844029140338,,,,,,,,,
0.0566196626212585,-0.149884426349244,,,,,,,,,
0.0566196626212585,-0.149884426349244,,,,,,,,,
