RobotX,RobotY,t_GoalX,t_GoalY,t_Informed,t_Rrep,t_Rori,t_Ratt,Var9,nAg,groups
-0.0600014788150532,-0.197945291405857,0.002810760763509,0.099843318067608,0.5,0.01,0.12,0.15,V,8,3
-0.0600014788150532,-0.197945291405857,,,,,,,,,
-0.0600014788150532,-0.197945291405857,,,,,,,,,
0.450151597735827,0.00950431067772314,,,,,,,,,
0.450151597735827,0.00950431067772314,,,,,,,,,
0.450151597735827,0.00950431067772314,,,,,,,,,
-0.465874141452978,-0.0427705456512111,,,,,,,,,
-0.465874141452978,-0.0427705456512111,,,,,,,,,
