RobotX,RobotY,t_GoalX,t_GoalY,t_Informed,t_Rrep,t_Rori,t_Ratt,Var9,nAg,groups
-0.337344828145141,0.168960862253865,0.264898190047994,-0.10025194812637,0.5,0.01,0.12,0.15,V,8,3
-0.337344828145141,0.168960862253865,,,,,,,,,
-0.337344828145141,0.168960862253865,,,,,,,,,
-0.400236394661531,-0.198075284733346,,,,,,,,,
-0.400236394661531,-0.198075284733346,,,,,,,,,
-0.400236394661531,-0.198075284733346,,,,,,,,,
-0.0107111404565691,0.152657664947435,,,,,,,,,
-0.0107111404565691,0.152657664947435,,,,,,,,,
