RobotX,RobotY,t_GoalX,t_GoalY,t_Informed,t_Rrep,t_Rori,t_Ratt,Var9,nAg,groups
-0.408742639089442,0.116350442240865,-0.03431240388254,0.0693550474847229,0.5,0.01,0.12,0.15,V,8,3
-0.408742639089442,0.116350442240865,,,,,,,,,
-0.408742639089442,0.116350442240865,,,,,,,,,
0.365057137901571,-0.126490264720531,,,,,,,,,
0.365057137901571,-0.126490264720531,,,,,,,,,
0.365057137901571,-0.126490264720531,,,,,,,,,
-0.230943138736743,-0.163145708222823,,,,,,,,,
-0.230943138736743,-0.163145708222823,,,,,,,,,
