RobotX,RobotY,t_GoalX,t_GoalY,t_Informed,t_Rrep,t_Rori,t_Ratt,Var9,nAg,groups
0.26722557276154,0.136576425925941,-0.265602229946514,-0.104835074322274,0.5,0.01,0.12,0.15,V,8,3
0.26722557276154,0.136576425925941,,,,,,,,,
0.26722557276154,0.136576425925941,,,,,,,,,
-0.39739440015471,0.192861180046648,,,,,,,,,
-0.39739440015471,0.192861180046648,,,,,,,,,
-0.39739440015471,0.192861180046648,,,,,,,,,
-0.0365340784500308,0.183738854507039,,,,,,,,,
-0.0365340784500308,0.183738854507039,,,,,,,,,
