RobotX,RobotY,t_GoalX,t_GoalY,t_Informed,t_Rrep,t_Rori,t_Ratt,Var9,nAg,groups
0.306991925695974,0.191683825481769,-0.303168582956692,0.142234617189899,0.5,0.01,0.12,0.15,V,8,3
0.306991925695974,0.191683825481769,,,,,,,,,
0.306991925695974,0.191683825481769,,,,,,,,,
-0.337566273173716,-0.1964238082292,,,,,,,,,
-0.337566273173716,-0.1964238082292,,,,,,,,,
-0.337566273173716,-0.1964238082292,,,,,,,,,
0.155059083576079,-0.125403805774906,,,,,,,,,
0.155059083576079,-0.125403805774906,,,,,,,,,
