RobotX,RobotY,t_GoalX,t_GoalY,t_Informed,t_Rrep,t_Rori,t_Ratt,Var9,nAg,groups
0.444792240672007,-0.080124963619915,0.0672734486690299,-0.130337512308725,0.5,0.01,0.12,0.15,V,8,3
0.444792240672007,-0.080124963619915,,,,,,,,,
0.444792240672007,-0.080124963619915,,,,,,,,,
-0.41729906005723,-0.0338495662109121,,,,,,,,,
-0.41729906005723,-0.0338495662109121,,,,,,,,,
-0.41729906005723,-0.0338495662109121,,,,,,,,,
0.043656643029387,0.178244168768419,,,,,,,,,
0.043656643029387,0.178244168768419,,,,,,,,,
