RobotX,RobotY,t_GoalX,t_GoalY,t_Informed,t_Rrep,t_Rori,t_Ratt,Var9,nAg,groups
-0.489312649658307,-0.193945007462216,0.39966389439206,0.0771535219857502,0.5,0.01,0.12,0.15,V,8,3
-0.489312649658307,-0.193945007462216,,,,,,,,,
-0.489312649658307,-0.193945007462216,,,,,,,,,
-0.39562953684093,0.149944210884674,,,,,,,,,
-0.39562953684093,0.149944210884674,,,,,,,,,
-0.39562953684093,0.149944210884674,,,,,,,,,
0.0280301784727179,0.149491965710812,,,,,,,,,
0.0280301784727179,0.149491965710812,,,,,,,,,
