RobotX,RobotY,t_GoalX,t_GoalY,t_Informed,t_Rrep,t_Rori,t_Ratt,Var9,nAg,groups
-0.348635318559189,0.0930839285602433,-0.0781249395685316,-0.108146559345071,0.5,0.01,0.12,0.15,V,8,3
-0.348635318559189,0.0930839285602433,,,,,,,,,
-0.348635318559189,0.0930839285602433,,,,,,,,,
0.491293138198769,-0.132161783185438,,,,,,,,,
0.491293138198769,-0.132161783185438,,,,,,,,,
0.491293138198769,-0.132161783185438,,,,,,,,,
0.297098274756853,0.156789466215963,,,,,,,,,
0.297098274756853,0.156789466215963,,,,,,,,,
