RobotX,RobotY,t_GoalX,t_GoalY,t_Informed,t_Rrep,t_Rori,t_Ratt,Var9,nAg,groups
0.200107644817083,0.158365874866961,-0.106167060016078,-0.0797599822190343,0.5,0.01,0.12,0.15,V,8,3
0.200107644817083,0.158365874866961,,,,,,,,,
0.200107644817083,0.158365874866961,,,,,,,,,
0.309983783670605,-0.12461379336405,,,,,,,,,
0.309983783670605,-0.12461379336405,,,,,,,,,
0.309983783670605,-0.12461379336405,,,,,,,,,
-0.448883890414495,-0.0396981781684576,,,,,,,,,
-0.448883890414495,-0.0396981781684576,,,,,,,,,
