RobotX,RobotY,t_GoalX,t_GoalY,t_Informed,t_Rrep,t_Rori,t_Ratt,Var9,nAg,groups
0.389043378521643,0.0655626397201646,-0.385423629811379,0.134821875878589,0.5,0.01,0.12,0.15,V,8,3
0.389043378521643,0.0655626397201646,,,,,,,,,
0.389043378521643,0.0655626397201646,,,,,,,,,
-0.0747388712914814,-0.104839733437755,,,,,,,,,
-0.0747388712914814,-0.104839733437755,,,,,,,,,
-0.0747388712914814,-0.104839733437755,,,,,,,,,
-0.464853634670553,-0.189786887016659,,,,,,,,,
-0.464853634670553,-0.189786887016659,,,,,,,,,
