RobotX,RobotY,t_GoalX,t_GoalY,t_Informed,t_Rrep,t_Rori,t_Ratt,Var9,nAg,groups
-0.0116097163821556,0.19995904840873,-0.381737270284259,0.0938464527385849,0.5,0.01,0.12,0.15,V,8,3
-0.0116097163821556,0.19995904840873,,,,,,,,,
-0.0116097163821556,0.19995904840873,,,,,,,,,
0.394188384187029,-0.0589246638642359,,,,,,,,,
0.394188384187029,-0.0589246638642359,,,,,,,,,
0.394188384187029,-0.0589246638642359,,,,,,,,,
-0.0014764107726315,-0.184435859214876,,,,,,,,,
-0.0014764107726315,-0.184435859214876,,,,,,,,,
