RobotX,RobotY,t_GoalX,t_GoalY,t_Informed,t_Rrep,t_Rori,t_Ratt,Var9,nAg,groups
0.0511095798489004,0.00768656569876849,0.336339687033353,-0.13496389580185,0.5,0.01,0.12,0.15,V,8,3
0.0511095798489004,0.00768656569876849,,,,,,,,,
0.0511095798489004,0.00768656569876849,,,,,,,,,
-0.258030536228101,-0.197746636838729,,,,,,,,,
-0.258030536228101,-0.197746636838729,,,,,,,,,
-0.258030536228101,-0.197746636838729,,,,,,,,,
-0.42544021697221,0.191050223918424,,,,,,,,,
-0.42544021697221,0.191050223918424,,,,,,,,,
