RobotX,RobotY,t_GoalX,t_GoalY,t_Informed,t_Rrep,t_Rori,t_Ratt,Var9,nAg,groups
0.179920066224014,0.186150667242867,-0.200787122297735,0.112265819524946,0.5,0.01,0.12,0.15,V,8,3
0.179920066224014,0.186150667242867,,,,,,,,,
0.179920066224014,0.186150667242867,,,,,,,,,
0.48706970350466,-0.00802551407650604,,,,,,,,,
0.48706970350466,-0.00802551407650604,,,,,,,,,
0.48706970350466,-0.00802551407650604,,,,,,,,,
0.148201896775649,-0.144130901644515,,,,,,,,,
0.148201896775649,-0.144130901644515,,,,,,,,,
