RobotX,RobotY,t_GoalX,t_GoalY,t_Informed,t_Rrep,t_Rori,t_Ratt,Var9,nAg,groups
0.465670777504698,0.128110006556341,-0.343021529954678,0.0424809348375666,0.5,0.01,0.12,0.15,V,8,3
0.465670777504698,0.128110006556341,,,,,,,,,
0.465670777504698,0.128110006556341,,,,,,,,,
0.261146804023085,-0.191843521978809,,,,,,,,,
0.261146804023085,-0.191843521978809,,,,,,,,,
0.261146804023085,-0.191843521978809,,,,,,,,,
-0.0269272640302102,0.049163373338975,,,,,,,,,
-0.0269272640302102,0.049163373338975,,,,,,,,,
