RobotX,RobotY,t_GoalX,t_GoalY,t_Informed,t_Rrep,t_Rori,t_Ratt,Var9,nAg,groups
-0.170783262345405,-0.000143667822043753,0.130391116404759,-0.0060933341296231,0.5,0.01,0.12,0.15,V,8,3
-0.170783262345405,-0.000143667822043753,,,,,,,,,
-0.170783262345405,-0.000143667822043753,,,,,,,,,
0.385718595896144,-0.182313912611924,,,,,,,,,
0.385718595896144,-0.182313912611924,,,,,,,,,
0.385718595896144,-0.182313912611924,,,,,,,,,
0.401323063793545,0.18099687081622,,,,,,,,,
0.401323063793545,0.18099687081622,,,,,,,,,
