RobotX,RobotY,t_GoalX,t_GoalY,t_Informed,t_Rrep,t_Rori,t_Ratt,Var9,nAg,groups
0.0645077439719309,0.0758723182797352,-0.290965641049939,-0.106730310069367,0.5,0.01,0.12,0.15,V,8,3
0.0645077439719309,0.0758723182797352,,,,,,,,,
0.0645077439719309,0.0758723182797352,,,,,,,,,
-0.361568075426341,0.197024153072621,,,,,,,,,
-0.361568075426341,0.197024153072621,,,,,,,,,
-0.361568075426341,0.197024153072621,,,,,,,,,
0.476714630963574,0.0409739033723456,,,,,,,,,
0.476714630963574,0.0409739033723456,,,,,,,,,
