RobotX,RobotY,t_GoalX,t_GoalY,t_Informed,t_Rrep,t_Rori,t_Ratt,Var9,nAg,groups
0.396745857130856,-0.167446028929579,0.0598842575499983,-0.0613040849796541,0.5,0.01,0.12,0.15,V,8,3
0.396745857130856,-0.167446028929579,,,,,,,,,
0.396745857130856,-0.167446028929579,,,,,,,,,
-0.429955488637633,-0.191807951110256,,,,,,,,,
-0.429955488637633,-0.191807951110256,,,,,,,,,
-0.429955488637633,-0.191807951110256,,,,,,,,,
-0.312604025280696,0.161956332061379,,,,,,,,,
-0.312604025280696,0.161956332061379,,,,,,,,,
