RobotX,RobotY,t_GoalX,t_GoalY,t_Informed,t_Rrep,t_Rori,t_Ratt,Var9,nAg,groups
-0.409459644498674,0.13113950372851,-0.205873903753851,-0.120743247736063,0.5,0.01,0.12,0.15,V,8,3
-0.409459644498674,0.13113950372851,,,,,,,,,
-0.409459644498674,0.13113950372851,,,,,,,,,
0.407466965924393,0.122474583227137,,,,,,,,,
0.407466965924393,0.122474583227137,,,,,,,,,
0.407466965924393,0.122474583227137,,,,,,,,,
0.0086340571539093,0.156758542848141,,,,,,,,,
0.0086340571539093,0.156758542848141,,,,,,,,,
