RobotX,RobotY,t_GoalX,t_GoalY,t_Informed,t_Rrep,t_Rori,t_Ratt,Var9,nAg,groups
-0.496904012178617,0.0992661562526016,0.0620911475238889,-0.0555047140350281,0.5,0.01,0.12,0.15,V,8,3
-0.496904012178617,0.0992661562526016,,,,,,,,,
-0.496904012178617,0.0992661562526016,,,,,,,,,
-0.366717109116889,-0.1805314408838,,,,,,,,,
-0.366717109116889,-0.1805314408838,,,,,,,,,
-0.366717109116889,-0.1805314408838,,,,,,,,,
0.450362660184262,0.153485970872351,,,,,,,,,
0.450362660184262,0.153485970872351,,,,,,,,,
