RobotX,RobotY,t_GoalX,t_GoalY,t_Informed,t_Rrep,t_Rori,t_Ratt,Var9,nAg,groups
0.450683951222599,0.0333934372919341,0.101798273539356,0.131768621673652,0.5,0.01,0.12,0.15,V,8,3
0.450683951222599,0.0333934372919341,,,,,,,,,
0.450683951222599,0.0333934372919341,,,,,,,,,
-0.384677908184068,0.168125735293901,,,,,,,,,
-0.384677908184068,0.168125735293901,,,,,,,,,
-0.384677908184068,0.168125735293901,,,,,,,,,
-0.436077411533313,-0.168743729518882,,,,,,,,,
-0.436077411533313,-0.168743729518882,,,,,,,,,
