RobotX,RobotY,t_GoalX,t_GoalY,t_Informed,t_Rrep,t_Rori,t_Ratt,Var9,nAg,groups
0.457375264842585,-0.0182192451781392,0.140935360749028,0.136116376336484,0.5,0.01,0.12,0.15,V,8,3
0.457375264842585,-0.0182192451781392,,,,,,,,,
0.457375264842585,-0.0182192451781392,,,,,,,,,
-0.483622993807348,-0.184040634604825,,,,,,,,,
-0.483622993807348,-0.184040634604825,,,,,,,,,
-0.483622993807348,-0.184040634604825,,,,,,,,,
-0.189790725969519,-0.122641703990835,,,,,,,,,
-0.189790725969519,-0.122641703990835,,,,,,,,,
