RobotX,RobotY,t_GoalX,t_GoalY,t_Informed,t_Rrep,t_Rori,t_Ratt,Var9,nAg,groups
-0.00431811665378001,0.194269473333794,0.258867922402851,-0.112075055707731,0.5,0.01,0.12,0.15,V,8,3
-0.00431811665378001,0.194269473333794,,,,,,,,,
-0.00431811665378001,0.194269473333794,,,,,,,,,
-0.377351746309733,-0.05877925532097,,,,,,,,,
-0.377351746309733,-0.05877925532097,,,,,,,,,
-0.377351746309733,-0.05877925532097,,,,,,,,,
-0.0762393382743108,-0.132478647597602,,,,,,,,,
-0.0762393382743108,-0.132478647597602,,,,,,,,,
