RobotX,RobotY,t_GoalX,t_GoalY,t_Informed,t_Rrep,t_Rori,t_Ratt,Var9,nAg,groups
0.0486170518659235,0.0412090614240389,0.392372500357463,-0.107288832054793,0.5,0.01,0.12,0.15,V,8,3
0.0486170518659235,0.0412090614240389,,,,,,,,,
0.0486170518659235,0.0412090614240389,,,,,,,,,
-0.382902735370053,0.182356080526688,,,,,,,,,
-0.382902735370053,0.182356080526688,,,,,,,,,
-0.382902735370053,0.182356080526688,,,,,,,,,
0.433815224032274,0.196383005116119,,,,,,,,,
0.433815224032274,0.196383005116119,,,,,,,,,
