RobotX,RobotY,t_GoalX,t_GoalY,t_Informed,t_Rrep,t_Rori,t_Ratt,Var9,nAg,groups
0.0254177168279873,-0.130244592807198,-0.391105477039532,-0.147668810364222,0.5,0.01,0.12,0.15,V,8,3
0.0254177168279873,-0.130244592807198,,,,,,,,,
0.0254177168279873,-0.130244592807198,,,,,,,,,
-0.31567866915032,0.194765048432089,,,,,,,,,
-0.31567866915032,0.194765048432089,,,,,,,,,
-0.31567866915032,0.194765048432089,,,,,,,,,
0.35550409168826,0.160389019279912,,,,,,,,,
0.35550409168826,0.160389019279912,,,,,,,,,
