RobotX,RobotY,t_GoalX,t_GoalY,t_Informed,t_Rrep,t_Rori,t_Ratt,Var9,nAg,groups
0.363860790191247,0.148040519124884,-0.203248751673062,-0.0945181921744637,0.5,0.01,0.12,0.15,V,8,3
0.363860790191247,0.148040519124884,,,,,,,,,
0.363860790191247,0.148040519124884,,,,,,,,,
0.150026134048469,-0.0800496398833275,,,,,,,,,
0.150026134048469,-0.0800496398833275,,,,,,,,,
0.150026134048469,-0.0800496398833275,,,,,,,,,
-0.498633069456599,0.0497063324442621,,,,,,,,,
-0.498633069456599,0.0497063324442621,,,,,,,,,
