RobotX,RobotY,t_GoalX,t_GoalY,t_Informed,t_Rrep,t_Rori,t_Ratt,Var9,nAg,groups
0.45502014716955,0.0278264779783446,0.162126786163487,0.127420783206659,0.5,0.01,0.12,0.15,V,8,3
0.45502014716955,0.0278264779783446,,,,,,,,,
0.45502014716955,0.0278264779783446,,,,,,,,,
0.00939346743768921,-0.13850567802472,,,,,,,,,
0.00939346743768921,-0.13850567802472,,,,,,,,,
0.00939346743768921,-0.13850567802472,,,,,,,,,
-0.270323623724593,0.103200678932807,,,,,,,,,
-0.270323623724593,0.103200678932807,,,,,,,,,
