RobotX,RobotY,t_GoalX,t_GoalY,t_Informed,t_Rrep,t_Rori,t_Ratt,Var9,nAg,groups
-0.465498800441289,0.183223510096799,0.209139267025525,0.127327255470988,0.5,0.01,0.12,0.15,V,8,3
-0.465498800441289,0.183223510096799,,,,,,,,,
-0.465498800441289,0.183223510096799,,,,,,,,,
0.39120718853705,-0.133311618623551,,,,,,,,,
0.39120718853705,-0.133311618623551,,,,,,,,,
0.39120718853705,-0.133311618623551,,,,,,,,,
-0.0134326129512155,-0.101942534586136,,,,,,,,,
-0.0134326129512155,-0.101942534586136,,,,,,,,,
