RobotX,RobotY,t_GoalX,t_GoalY,t_Informed,t_Rrep,t_Rori,t_Ratt,Var9,nAg,groups
-0.385483846089063,-0.191063721680989,0.0102325833950436,0.078309014100399,0.5,0.01,0.12,0.15,V,8,3
-0.385483846089063,-0.191063721680989,,,,,,,,,
-0.385483846089063,-0.191063721680989,,,,,,,,,
0.463623383376554,-0.196424864263236,,,,,,,,,
0.463623383376554,-0.196424864263236,,,,,,,,,
0.463623383376554,-0.196424864263236,,,,,,,,,
-0.423156793567116,0.115160789660307,,,,,,,,,
-0.423156793567116,0.115160789660307,,,,,,,,,
