RobotX,RobotY,t_GoalX,t_GoalY,t_Informed,t_Rrep,t_Rori,t_Ratt,Var9,nAg,groups
-0.0625775530815322,0.185798169958694,0.341360334785968,0.135200063191906,0.5,0.01,0.12,0.15,V,8,3
-0.0625775530815322,0.185798169958694,,,,,,,,,
-0.0625775530815322,0.185798169958694,,,,,,,,,
-0.397171562359443,0.131331346659534,,,,,,,,,
-0.397171562359443,0.131331346659534,,,,,,,,,
-0.397171562359443,0.131331346659534,,,,,,,,,
-0.0950377727863139,-0.125925031978685,,,,,,,,,
-0.0950377727863139,-0.125925031978685,,,,,,,,,
