RobotX,RobotY,t_GoalX,t_GoalY,t_Informed,t_Rrep,t_Rori,t_Ratt,Var9,nAg,groups
0.427559421018451,-0.111709580259314,0.0450659428661137,0.127083183327305,0.5,0.01,0.12,0.15,V,8,3
0.427559421018451,-0.111709580259314,,,,,,,,,
0.427559421018451,-0.111709580259314,,,,,,,,,
-0.0874765095060587,-0.19116871992601,,,,,,,,,
-0.0874765095060587,-0.19116871992601,,,,,,,,,
-0.0874765095060587,-0.19116871992601,,,,,,,,,
-0.401122566667328,-0.0961706272115765,,,,,,,,,
-0.401122566667328,-0.0961706272115765,,,,,,,,,
