RobotX,RobotY,t_GoalX,t_GoalY,t_Informed,t_Rrep,t_Rori,t_Ratt,Var9,nAg,groups
-0.385301037762941,0.16934058126925,0.217879493901455,-0.0949141882798518,0.5,0.01,0.12,0.15,V,8,3
-0.385301037762941,0.16934058126925,,,,,,,,,
-0.385301037762941,0.16934058126925,,,,,,,,,
-0.113023337596361,-7.25960162200057e-05,,,,,,,,,
-0.113023337596361,-7.25960162200057e-05,,,,,,,,,
-0.113023337596361,-7.25960162200057e-05,,,,,,,,,
-0.37970964124994,-0.14419919711652,,,,,,,,,
-0.37970964124994,-0.14419919711652,,,,,,,,,
