RobotX,RobotY,t_GoalX,t_GoalY,t_Informed,t_Rrep,t_Rori,t_Ratt,Var9,nAg,groups
-0.40703728955343,-0.141478639700011,0.289965304221067,-0.135455178080269,0.5,0.01,0.12,0.15,V,8,3
-0.40703728955343,-0.141478639700011,,,,,,,,,
-0.40703728955343,-0.141478639700011,,,,,,,,,
0.408483492782489,0.149172046672457,,,,,,,,,
0.408483492782489,0.149172046672457,,,,,,,,,
0.408483492782489,0.149172046672457,,,,,,,,,
0.0718711964340746,0.108422535536822,,,,,,,,,
0.0718711964340746,0.108422535536822,,,,,,,,,
