RobotX,RobotY,t_GoalX,t_GoalY,t_Informed,t_Rrep,t_Rori,t_Ratt,Var9,nAg,groups
-0.0448245586657434,0.0622417337580808,-0.380931011277784,-0.00603413293439323,0.5,0.01,0.12,0.15,V,8,3
-0.0448245586657434,0.0622417337580808,,,,,,,,,
-0.0448245586657434,0.0622417337580808,,,,,,,,,
0.385845310424043,-0.116792644686976,,,,,,,,,
0.385845310424043,-0.116792644686976,,,,,,,,,
0.385845310424043,-0.116792644686976,,,,,,,,,
0.478305358960793,0.198460016980434,,,,,,,,,
0.478305358960793,0.198460016980434,,,,,,,,,
