RobotX,RobotY,t_GoalX,t_GoalY,t_Informed,t_Rrep,t_Rori,t_Ratt,Var9,nAg,groups
0.317492867044786,0.135270744703923,0.141588990741851,-0.10861495079267,0.5,0.01,0.12,0.15,V,8,3
0.317492867044786,0.135270744703923,,,,,,,,,
0.317492867044786,0.135270744703923,,,,,,,,,
-0.213191289898244,0.195404403180951,,,,,,,,,
-0.213191289898244,0.195404403180951,,,,,,,,,
-0.213191289898244,0.195404403180951,,,,,,,,,
-0.193554242015433,-0.11070600755383,,,,,,,,,
-0.193554242015433,-0.11070600755383,,,,,,,,,
