RobotX,RobotY,t_GoalX,t_GoalY,t_Informed,t_Rrep,t_Rori,t_Ratt,Var9,nAg,groups
-0.226090661168313,0.145965907709767,0.134146717936472,-0.0141319200158165,0.5,0.01,0.12,0.15,V,8,3
-0.226090661168313,0.145965907709767,,,,,,,,,
-0.226090661168313,0.145965907709767,,,,,,,,,
-0.142601724426853,-0.146628594007082,,,,,,,,,
-0.142601724426853,-0.146628594007082,,,,,,,,,
-0.142601724426853,-0.146628594007082,,,,,,,,,
0.405942881426122,0.140494120525716,,,,,,,,,
0.405942881426122,0.140494120525716,,,,,,,,,
