RobotX,RobotY,t_GoalX,t_GoalY,t_Informed,t_Rrep,t_Rori,t_Ratt,Var9,nAg,groups
-0.180243138058836,0.013009655983805,0.309918604868258,0.145534498769976,0.5,0.01,0.12,0.15,V,8,3
-0.180243138058836,0.013009655983805,,,,,,,,,
-0.180243138058836,0.013009655983805,,,,,,,,,
-0.488238406011361,-0.00814656829515706,,,,,,,,,
-0.488238406011361,-0.00814656829515706,,,,,,,,,
-0.488238406011361,-0.00814656829515706,,,,,,,,,
0.210286525383119,-0.188949762388275,,,,,,,,,
0.210286525383119,-0.188949762388275,,,,,,,,,
