RobotX,RobotY,t_GoalX,t_GoalY,t_Informed,t_Rrep,t_Rori,t_Ratt,Var9,nAg,groups
-0.246202722219913,0.17995526375512,-0.317595193301478,-0.147863758398832,0.5,0.01,0.12,0.15,V,8,3
-0.246202722219913,0.17995526375512,,,,,,,,,
-0.246202722219913,0.17995526375512,,,,,,,,,
0.341543701164659,0.199033310906161,,,,,,,,,
0.341543701164659,0.199033310906161,,,,,,,,,
0.341543701164659,0.199033310906161,,,,,,,,,
0.474882117473283,-0.136051937114743,,,,,,,,,
0.474882117473283,-0.136051937114743,,,,,,,,,
