RobotX,RobotY,t_GoalX,t_GoalY,t_Informed,t_Rrep,t_Rori,t_Ratt,Var9,nAg,groups
-0.205493486584855,-0.166758016596643,0.120688594555477,0.102548502913572,0.5,0.01,0.12,0.15,V,8,3
-0.205493486584855,-0.166758016596643,,,,,,,,,
-0.205493486584855,-0.166758016596643,,,,,,,,,
-0.413112422369439,0.0666561795789815,,,,,,,,,
-0.413112422369439,0.0666561795789815,,,,,,,,,
-0.413112422369439,0.0666561795789815,,,,,,,,,
0.489081530234744,0.150333646017118,,,,,,,,,
0.489081530234744,0.150333646017118,,,,,,,,,
