RobotX,RobotY,t_GoalX,t_GoalY,t_Informed,t_Rrep,t_Rori,t_Ratt,Var9,nAg,groups
0.276452653069724,0.192135933451646,-0.264565104371132,0.132025531907339,0.5,0.01,0.12,0.15,V,8,3
0.276452653069724,0.192135933451646,,,,,,,,,
0.276452653069724,0.192135933451646,,,,,,,,,
-0.0848005494988817,-0.186584243054526,,,,,,,,,
-0.0848005494988817,-0.186584243054526,,,,,,,,,
-0.0848005494988817,-0.186584243054526,,,,,,,,,
-0.396575392094431,-0.182944969347406,,,,,,,,,
-0.396575392094431,-0.182944969347406,,,,,,,,,
