RobotX,RobotY,t_GoalX,t_GoalY,t_Informed,t_Rrep,t_Rori,t_Ratt,Var9,nAg,groups
-0.247686589725312,0.191128858732076,0.160599785974943,-0.026707793892635,0.5,0.01,0.12,0.15,V,8,3
-0.247686589725312,0.191128858732076,,,,,,,,,
-0.247686589725312,0.191128858732076,,,,,,,,,
0.482395021995813,-0.199614267745403,,,,,,,,,
0.482395021995813,-0.199614267745403,,,,,,,,,
0.482395021995813,-0.199614267745403,,,,,,,,,
-0.301504711481867,-0.150685841566313,,,,,,,,,
-0.301504711481867,-0.150685841566313,,,,,,,,,
