RobotX,RobotY,t_GoalX,t_GoalY,t_Informed,t_Rrep,t_Rori,t_Ratt,Var9,nAg,groups
0.16935406393863,0.141130233066523,-0.0392934310519942,-0.106284052703001,0.5,0.01,0.12,0.15,V,8,3
0.16935406393863,0.141130233066523,,,,,,,,,
0.16935406393863,0.141130233066523,,,,,,,,,
0.429666779935908,-0.0417891305513198,,,,,,,,,
0.429666779935908,-0.0417891305513198,,,,,,,,,
0.429666779935908,-0.0417891305513198,,,,,,,,,
-0.342386558586644,0.177646057931955,,,,,,,,,
-0.342386558586644,0.177646057931955,,,,,,,,,
