RobotX,RobotY,t_GoalX,t_GoalY,t_Informed,t_Rrep,t_Rori,t_Ratt,Var9,nAg,groups
0.458815344635436,0.184057709376987,0.383072492471191,-0.115685808311849,0.5,0.01,0.12,0.15,V,8,3
0.458815344635436,0.184057709376987,,,,,,,,,
0.458815344635436,0.184057709376987,,,,,,,,,
0.0430296136650173,-0.197060634386652,,,,,,,,,
0.0430296136650173,-0.197060634386652,,,,,,,,,
0.0430296136650173,-0.197060634386652,,,,,,,,,
-0.0326941822266924,0.192858887686349,,,,,,,,,
-0.0326941822266924,0.192858887686349,,,,,,,,,
