RobotX,RobotY,t_GoalX,t_GoalY,t_Informed,t_Rrep,t_Rori,t_Ratt,Var9,nAg,groups
-0.0952991899358094,-0.156554564807087,0.196852359079196,0.0333715029300652,0.5,0.01,0.12,0.15,V,8,3
-0.0952991899358094,-0.156554564807087,,,,,,,,,
-0.0952991899358094,-0.156554564807087,,,,,,,,,
0.467529890262889,0.197071204419049,,,,,,,,,
0.467529890262889,0.197071204419049,,,,,,,,,
0.467529890262889,0.197071204419049,,,,,,,,,
0.434916798989078,-0.189493720950043,,,,,,,,,
0.434916798989078,-0.189493720950043,,,,,,,,,
