RobotX,RobotY,t_GoalX,t_GoalY,t_Informed,t_Rrep,t_Rori,t_Ratt,Var9,nAg,groups
0.0489781176613061,-0.188888950245229,-0.322013756259441,0.12610666403514,0.5,0.01,0.12,0.15,V,8,3
0.0489781176613061,-0.188888950245229,,,,,,,,,
0.0489781176613061,-0.188888950245229,,,,,,,,,
0.261947672763977,0.101854803425943,,,,,,,,,
0.261947672763977,0.101854803425943,,,,,,,,,
0.261947672763977,0.101854803425943,,,,,,,,,
0.364901700781996,-0.184956757265683,,,,,,,,,
0.364901700781996,-0.184956757265683,,,,,,,,,
