RobotX,RobotY,t_GoalX,t_GoalY,t_Informed,t_Rrep,t_Rori,t_Ratt,Var9,nAg,groups
-0.440007523208808,-0.169892822199735,0.304710772234768,0.0701514150340465,0.5,0.01,0.12,0.15,T2,8,4
-0.440007523208808,-0.169892822199735,,,,,,,,,
-0.139079218931486,-0.163645643902341,,,,,,,,,
-0.139079218931486,-0.163645643902341,,,,,,,,,
-0.328736723047011,0.189827699184763,,,,,,,,,
-0.328736723047011,0.189827699184763,,,,,,,,,
0.00260108405429416,0.194601147185687,,,,,,,,,
0.00260108405429416,0.194601147185687,,,,,,,,,
