RobotX,RobotY,t_GoalX,t_GoalY,t_Informed,t_Rrep,t_Rori,t_Ratt,Var9,nAg,groups
-0.276361218708121,-0.153611900848891,0.170570016275834,-0.128813295744696,0.5,0.01,0.12,0.15,T2,8,4
-0.276361218708121,-0.153611900848891,,,,,,,,,
-0.197054121725134,0.172582000374173,,,,,,,,,
-0.197054121725134,0.172582000374173,,,,,,,,,
-0.496933362601746,0.0835059686113561,,,,,,,,,
-0.496933362601746,0.0835059686113561,,,,,,,,,
0.278008143589566,0.167679258736097,,,,,,,,,
0.278008143589566,0.167679258736097,,,,,,,,,
