RobotX,RobotY,t_GoalX,t_GoalY,t_Informed,t_Rrep,t_Rori,t_Ratt,Var9,nAg,groups
-0.154783555536035,0.115276387921657,0.0238515349198696,-0.138160470274125,0.5,0.01,0.12,0.15,T2,8,4
-0.154783555536035,0.115276387921657,,,,,,,,,
0.431966591341825,-0.192466269967902,,,,,,,,,
0.431966591341825,-0.192466269967902,,,,,,,,,
0.483769120909389,0.149370869418949,,,,,,,,,
0.483769120909389,0.149370869418949,,,,,,,,,
-0.437013280066854,-0.175339358501059,,,,,,,,,
-0.437013280066854,-0.175339358501059,,,,,,,,,
