RobotX,RobotY,t_GoalX,t_GoalY,t_Informed,t_Rrep,t_Rori,t_Ratt,Var9,nAg,groups
-0.499985390199195,0.192122634886705,0.346901220614703,-0.0352105275847116,0.5,0.01,0.12,0.15,T2,8,4
-0.499985390199195,0.192122634886705,,,,,,,,,
0.0698350992214768,0.190497276625717,,,,,,,,,
0.0698350992214768,0.190497276625717,,,,,,,,,
-0.0852869163418257,-0.0973225168017968,,,,,,,,,
-0.0852869163418257,-0.0973225168017968,,,,,,,,,
-0.456504091983281,-0.151510662219583,,,,,,,,,
-0.456504091983281,-0.151510662219583,,,,,,,,,
