RobotX,RobotY,t_GoalX,t_GoalY,t_Informed,t_Rrep,t_Rori,t_Ratt,Var9,nAg,groups
0.100779103839862,0.0690669152893083,-0.181342894181978,-0.148933638985473,0.5,0.01,0.12,0.15,T2,8,4
0.100779103839862,0.0690669152893083,,,,,,,,,
-0.493812879443324,-0.177916946379509,,,,,,,,,
-0.493812879443324,-0.177916946379509,,,,,,,,,
0.495012322995341,-0.17226687637238,,,,,,,,,
0.495012322995341,-0.17226687637238,,,,,,,,,
0.444685940435202,0.164862796899201,,,,,,,,,
0.444685940435202,0.164862796899201,,,,,,,,,
