RobotX,RobotY,t_GoalX,t_GoalY,t_Informed,t_Rrep,t_Rori,t_Ratt,Var9,nAg,groups
-0.268782902124643,-0.192106651303775,-0.000164260373083924,0.10803199667253,0.5,0.01,0.12,0.15,T2,8,4
-0.268782902124643,-0.192106651303775,,,,,,,,,
0.387389191594405,-0.161143363336333,,,,,,,,,
0.387389191594405,-0.161143363336333,,,,,,,,,
-0.441391010571827,0.0989018062002355,,,,,,,,,
-0.441391010571827,0.0989018062002355,,,,,,,,,
0.446555522772689,0.183001225592079,,,,,,,,,
0.446555522772689,0.183001225592079,,,,,,,,,
