RobotX,RobotY,t_GoalX,t_GoalY,t_Informed,t_Rrep,t_Rori,t_Ratt,Var9,nAg,groups
-0.126616587040173,-0.0502355078036379,0.188631815218121,-0.136563707116248,0.5,0.01,0.12,0.15,T2,8,4
-0.126616587040173,-0.0502355078036379,,,,,,,,,
0.495577854032953,-0.124074591304632,,,,,,,,,
0.495577854032953,-0.124074591304632,,,,,,,,,
-0.479736232522136,0.186331104238872,,,,,,,,,
-0.479736232522136,0.186331104238872,,,,,,,,,
0.0979154981063479,0.166866809212357,,,,,,,,,
0.0979154981063479,0.166866809212357,,,,,,,,,
