RobotX,RobotY,t_GoalX,t_GoalY,t_Informed,t_Rrep,t_Rori,t_Ratt,Var9,nAg,groups
0.32372460985878,0.178504583551259,-0.302331917507436,0.133108388666159,0.5,0.01,0.12,0.15,T2,8,4
0.32372460985878,0.178504583551259,,,,,,,,,
0.11743810547091,-0.052559160127033,,,,,,,,,
0.11743810547091,-0.052559160127033,,,,,,,,,
0.495745851231532,-0.0805720384083668,,,,,,,,,
0.495745851231532,-0.0805720384083668,,,,,,,,,
-0.496584252043046,-0.1597432479925,,,,,,,,,
-0.496584252043046,-0.1597432479925,,,,,,,,,
