RobotX,RobotY,t_GoalX,t_GoalY,t_Informed,t_Rrep,t_Rori,t_Ratt,Var9,nAg,groups
0.496231118875963,-0.131231853363961,0.0414602792718531,-0.00425490566604075,0.5,0.01,0.12,0.15,T2,8,4
0.496231118875963,-0.131231853363961,,,,,,,,,
-0.278292914647867,-0.1911226091897,,,,,,,,,
-0.278292914647867,-0.1911226091897,,,,,,,,,
0.268825991214204,0.193993232192145,,,,,,,,,
0.268825991214204,0.193993232192145,,,,,,,,,
-0.377542775819233,0.134154755252614,,,,,,,,,
-0.377542775819233,0.134154755252614,,,,,,,,,
