RobotX,RobotY,t_GoalX,t_GoalY,t_Informed,t_Rrep,t_Rori,t_Ratt,Var9,nAg,groups
0.318525360983444,0.160528931274008,-0.0743028501785608,-0.0168605535682367,0.5,0.01,0.12,0.15,T2,8,4
0.318525360983444,0.160528931274008,,,,,,,,,
0.318073320883334,-0.186324099592406,,,,,,,,,
0.318073320883334,-0.186324099592406,,,,,,,,,
-0.414003376414989,0.19791017354984,,,,,,,,,
-0.414003376414989,0.19791017354984,,,,,,,,,
-0.44343591865177,-0.116896186189091,,,,,,,,,
-0.44343591865177,-0.116896186189091,,,,,,,,,
