RobotX,RobotY,t_GoalX,t_GoalY,t_Informed,t_Rrep,t_Rori,t_Ratt,Var9,nAg,groups
-0.172978334137359,0.144809614162528,0.135992284622585,0.148224028496599,0.5,0.01,0.12,0.15,T2,8,4
-0.172978334137359,0.144809614162528,,,,,,,,,
0.473361179738245,0.098731707311244,,,,,,,,,
0.473361179738245,0.098731707311244,,,,,,,,,
-0.0912661372065441,-0.187175897291472,,,,,,,,,
-0.0912661372065441,-0.187175897291472,,,,,,,,,
0.322401624077646,-0.162796700126568,,,,,,,,,
0.322401624077646,-0.162796700126568,,,,,,,,,
