RobotX,RobotY,t_GoalX,t_GoalY,t_Informed,t_Rrep,t_Rori,t_Ratt,Var9,nAg,groups
-0.155407231873303,-0.150768522819869,0.169608354956735,0.128125526569162,0.5,0.01,0.12,0.15,T2,8,4
-0.155407231873303,-0.150768522819869,,,,,,,,,
-0.319394169462949,0.159028312958834,,,,,,,,,
-0.319394169462949,0.159028312958834,,,,,,,,,
-0.473718335025157,-0.195211534241971,,,,,,,,,
-0.473718335025157,-0.195211534241971,,,,,,,,,
0.481078587054042,-0.155180907552735,,,,,,,,,
0.481078587054042,-0.155180907552735,,,,,,,,,
