RobotX,RobotY,t_GoalX,t_GoalY,t_Informed,t_Rrep,t_Rori,t_Ratt,Var9,nAg,groups
-0.488476494917748,-0.0268358740543753,-0.139727686939919,0.135124538510117,0.5,0.01,0.12,0.15,T2,8,4
-0.488476494917748,-0.0268358740543753,,,,,,,,,
-0.134168148533254,-0.190545425669599,,,,,,,,,
-0.134168148533254,-0.190545425669599,,,,,,,,,
0.477503364902858,0.0370594329383802,,,,,,,,,
0.477503364902858,0.0370594329383802,,,,,,,,,
0.199474974036665,-0.0787476582597721,,,,,,,,,
0.199474974036665,-0.0787476582597721,,,,,,,,,
