RobotX,RobotY,t_GoalX,t_GoalY,t_Informed,t_Rrep,t_Rori,t_Ratt,Var9,nAg,groups
0.0352818519711178,-0.131918135020582,0.339238724940156,-0.0870197208528748,0.5,0.01,0.12,0.15,T2,8,4
0.0352818519711178,-0.131918135020582,,,,,,,,,
-0.374257539782271,0.170160718984484,,,,,,,,,
-0.374257539782271,0.170160718984484,,,,,,,,,
-0.374610519952416,-0.180184086769155,,,,,,,,,
-0.374610519952416,-0.180184086769155,,,,,,,,,
-0.0195510611099509,0.191053743257111,,,,,,,,,
-0.0195510611099509,0.191053743257111,,,,,,,,,
