RobotX,RobotY,t_GoalX,t_GoalY,t_Informed,t_Rrep,t_Rori,t_Ratt,Var9,nAg,groups
0.457263780134525,0.00338060403417315,-0.163371522540698,0.118031788345698,0.5,0.01,0.12,0.15,T2,8,4
0.457263780134525,0.00338060403417315,,,,,,,,,
-0.120417045752061,-0.198987823416051,,,,,,,,,
-0.120417045752061,-0.198987823416051,,,,,,,,,
0.200668153431305,-0.172870569496073,,,,,,,,,
0.200668153431305,-0.172870569496073,,,,,,,,,
-0.486350232357262,0.111236815154197,,,,,,,,,
-0.486350232357262,0.111236815154197,,,,,,,,,
