RobotX,RobotY,t_GoalX,t_GoalY,t_Informed,t_Rrep,t_Rori,t_Ratt,Var9,nAg,groups
-0.474632992732009,0.0647949917101309,0.187518696593162,0.14938061242333,0.5,0.01,0.12,0.15,T2,8,4
-0.474632992732009,0.0647949917101309,,,,,,,,,
0.488594112173925,0.185907565015325,,,,,,,,,
0.488594112173925,0.185907565015325,,,,,,,,,
-0.167062764296744,0.156896036832813,,,,,,,,,
-0.167062764296744,0.156896036832813,,,,,,,,,
-0.126381638778365,-0.183971852635391,,,,,,,,,
-0.126381638778365,-0.183971852635391,,,,,,,,,
