RobotX,RobotY,t_GoalX,t_GoalY,t_Informed,t_Rrep,t_Rori,t_Ratt,Var9,nAg,groups
0.0825855443016973,-0.181043625657442,-0.200784032224814,0.0315570697673805,0.5,0.01,0.12,0.15,T2,8,4
0.0825855443016973,-0.181043625657442,,,,,,,,,
0.484169996675813,-0.133055523595783,,,,,,,,,
0.484169996675813,-0.133055523595783,,,,,,,,,
0.264428646938738,0.125191265946604,,,,,,,,,
0.264428646938738,0.125191265946604,,,,,,,,,
-0.49888708206761,-0.0893497200653989,,,,,,,,,
-0.49888708206761,-0.0893497200653989,,,,,,,,,
