RobotX,RobotY,t_GoalX,t_GoalY,t_Informed,t_Rrep,t_Rori,t_Ratt,Var9,nAg,groups
-0.327717583218787,-0.183395016519101,0.346993960721714,0.0913569829099044,0.5,0.01,0.12,0.15,T2,8,4
-0.327717583218787,-0.183395016519101,,,,,,,,,
-0.0374879341683766,-0.059044570717467,,,,,,,,,
-0.0374879341683766,-0.059044570717467,,,,,,,,,
0.490300855606467,-0.195753603387857,,,,,,,,,
0.490300855606467,-0.195753603387857,,,,,,,,,
-0.3232729470522,0.168964386099156,,,,,,,,,
-0.3232729470522,0.168964386099156,,,,,,,,,
