RobotX,RobotY,t_GoalX,t_GoalY,t_Informed,t_Rrep,t_Rori,t_Ratt,Var9,nAg,groups
0.440592733981542,0.15475183912322,-0.18333921439352,0.143064984887451,0.5,0.01,0.12,0.15,T2,8,4
0.440592733981542,0.15475183912322,,,,,,,,,
0.133191229048946,-0.0483907216246559,,,,,,,,,
0.133191229048946,-0.0483907216246559,,,,,,,,,
-0.474283059791081,-0.158728784929959,,,,,,,,,
-0.474283059791081,-0.158728784929959,,,,,,,,,
-0.485996338210831,0.1611254912883,,,,,,,,,
-0.485996338210831,0.1611254912883,,,,,,,,,
