RobotX,RobotY,t_GoalX,t_GoalY,t_Informed,t_Rrep,t_Rori,t_Ratt,Var9,nAg,groups
0.494335814824724,0.039546627466398,0.211491448878044,-0.137536501285105,0.5,0.01,0.12,0.15,T2,8,4
0.494335814824724,0.039546627466398,,,,,,,,,
-0.400046732381282,0.124813787155108,,,,,,,,,
-0.400046732381282,0.124813787155108,,,,,,,,,
-0.0515485881757108,0.126027448278351,,,,,,,,,
-0.0515485881757108,0.126027448278351,,,,,,,,,
-0.0871401800237305,-0.184645773507139,,,,,,,,,
-0.0871401800237305,-0.184645773507139,,,,,,,,,
