RobotX,RobotY,t_GoalX,t_GoalY,t_Informed,t_Rrep,t_Rori,t_Ratt,Var9,nAg,groups
0.462891473558211,0.180854673378118,-0.0197431988283046,-0.103932791525006,0.5,0.01,0.12,0.15,T2,8,4
0.462891473558211,0.180854673378118,,,,,,,,,
-0.42264124753159,-0.187062877359226,,,,,,,,,
-0.42264124753159,-0.187062877359226,,,,,,,,,
0.348255756175173,-0.110747190832028,,,,,,,,,
0.348255756175173,-0.110747190832028,,,,,,,,,
-0.47265477038972,0.193191534482992,,,,,,,,,
-0.47265477038972,0.193191534482992,,,,,,,,,
