RobotX,RobotY,t_GoalX,t_GoalY,t_Informed,t_Rrep,t_Rori,t_Ratt,Var9,nAg,groups
-0.470386550987033,-0.116543144959775,0.390267569608271,0.0782011692918967,0.5,0.01,0.12,0.15,T2,8,4
-0.470386550987033,-0.116543144959775,,,,,,,,,
-0.062313550478854,-0.151494272885843,,,,,,,,,
-0.062313550478854,-0.151494272885843,,,,,,,,,
0.102785407733359,0.197518682231852,,,,,,,,,
0.102785407733359,0.197518682231852,,,,,,,,,
-0.226857880700692,0.100793445228149,,,,,,,,,
-0.226857880700692,0.100793445228149,,,,,,,,,
