RobotX,RobotY,t_GoalX,t_GoalY,t_Informed,t_Rrep,t_Rori,t_Ratt,Var9,nAg,groups
0.422546387544734,0.151744434970277,-0.104603923931628,0.0820570132809121,0.5,0.01,0.12,0.15,T2,8,4
0.422546387544734,0.151744434970277,,,,,,,,,
-0.282408937553012,-0.195667254407289,,,,,,,,,
-0.282408937553012,-0.195667254407289,,,,,,,,,
-0.498733916728843,0.0182054109336229,,,,,,,,,
-0.498733916728843,0.0182054109336229,,,,,,,,,
0.467892334138842,-0.176250314354997,,,,,,,,,
0.467892334138842,-0.176250314354997,,,,,,,,,
