RobotX,RobotY,t_GoalX,t_GoalY,t_Informed,t_Rrep,t_Rori,t_Ratt,Var9,nAg,groups
0.411885033452299,0.109553222557911,-0.171982017290612,0.110367648044252,0.5,0.01,0.12,0.15,T2,8,4
0.411885033452299,0.109553222557911,,,,,,,,,
0.130480427315794,-0.11481189211135,,,,,,,,,
0.130480427315794,-0.11481189211135,,,,,,,,,
-0.468597360573607,0.160688855638419,,,,,,,,,
-0.468597360573607,0.160688855638419,,,,,,,,,
-0.282795787916819,-0.197829110677988,,,,,,,,,
-0.282795787916819,-0.197829110677988,,,,,,,,,
