RobotX,RobotY,t_GoalX,t_GoalY,t_Informed,t_Rrep,t_Rori,t_Ratt,Var9,nAg,groups
0.284725073614499,0.123271479839734,-0.0116865461984971,-0.119574419467566,0.5,0.01,0.12,0.15,T2,8,4
0.284725073614499,0.123271479839734,,,,,,,,,
-0.20232793977755,0.194068512700932,,,,,,,,,
-0.20232793977755,0.194068512700932,,,,,,,,,
0.381959812312544,-0.189304593376046,,,,,,,,,
0.381959812312544,-0.189304593376046,,,,,,,,,
-0.48149184172873,-0.168867047301474,,,,,,,,,
-0.48149184172873,-0.168867047301474,,,,,,,,,
