RobotX,RobotY,t_GoalX,t_GoalY,t_Informed,t_Rrep,t_Rori,t_Ratt,Var9,nAg,groups
0.34481413317714,-0.106015035451827,0.133476423293987,0.149445807391932,0.5,0.01,0.12,0.15,T2,8,4
0.34481413317714,-0.106015035451827,,,,,,,,,
0.00171229109143345,-0.155182973355775,,,,,,,,,
0.00171229109143345,-0.155182973355775,,,,,,,,,
-0.2432807832125,0.157893646781231,,,,,,,,,
-0.2432807832125,0.157893646781231,,,,,,,,,
-0.395529738122128,-0.173372785919299,,,,,,,,,
-0.395529738122128,-0.173372785919299,,,,,,,,,
