RobotX,RobotY,t_GoalX,t_GoalY,t_Informed,t_Rrep,t_Rori,t_Ratt,Var9,nAg,groups
-0.326346956233327,-0.174011285100132,0.175228982349632,-0.0780722575557722,0.5,0.01,0.12,0.15,T2,8,4
-0.326346956233327,-0.174011285100132,,,,,,,,,
-0.135203132727648,0.0978692195553633,,,,,,,,,
-0.135203132727648,0.0978692195553633,,,,,,,,,
0.484604290244437,-0.195185789383165,,,,,,,,,
0.484604290244437,-0.195185789383165,,,,,,,,,
-0.473674385758128,0.195011191419914,,,,,,,,,
-0.473674385758128,0.195011191419914,,,,,,,,,
