RobotX,RobotY,t_GoalX,t_GoalY,t_Informed,t_Rrep,t_Rori,t_Ratt,Var9,nAg,groups
0.491614260721327,-0.16600824510185,-0.264825326895031,0.123064664716478,0.5,0.01,0.12,0.15,T2,8,4
0.491614260721327,-0.16600824510185,,,,,,,,,
0.488902612922356,0.171838524334662,,,,,,,,,
0.488902612922356,0.171838524334662,,,,,,,,,
0.196952580970964,0.0639808373977536,,,,,,,,,
0.196952580970964,0.0639808373977536,,,,,,,,,
-0.46446635493355,-0.179751819501764,,,,,,,,,
-0.46446635493355,-0.179751819501764,,,,,,,,,
