RobotX,RobotY,t_GoalX,t_GoalY,t_Informed,t_Rrep,t_Rori,t_Ratt,Var9,nAg,groups
-0.168731264374385,0.180002203323705,-0.154786003073299,-0.129954800784574,0.5,0.01,0.12,0.15,T2,8,4
-0.168731264374385,0.180002203323705,,,,,,,,,
0.417453802109633,0.146674188425057,,,,,,,,,
0.417453802109633,0.146674188425057,,,,,,,,,
0.183540468002037,-0.0523515165805497,,,,,,,,,
0.183540468002037,-0.0523515165805497,,,,,,,,,
-0.44630116401899,0.0333810467314224,,,,,,,,,
-0.44630116401899,0.0333810467314224,,,,,,,,,
