RobotX,RobotY,t_GoalX,t_GoalY,t_Informed,t_Rrep,t_Rori,t_Ratt,Var9,nAg,groups
-0.394481983373932,-0.10600873320604,-0.0707886932842378,0.149250352957992,0.5,0.01,0.12,0.15,T2,8,4
-0.394481983373932,-0.10600873320604,,,,,,,,,
0.15091933843389,-0.165673278133721,,,,,,,,,
0.15091933843389,-0.165673278133721,,,,,,,,,
0.410099590260707,0.0405308336863796,,,,,,,,,
0.410099590260707,0.0405308336863796,,,,,,,,,
-0.494963827263,0.184386866510765,,,,,,,,,
-0.494963827263,0.184386866510765,,,,,,,,,
