RobotX,RobotY,t_GoalX,t_GoalY,t_Informed,t_Rrep,t_Rori,t_Ratt,Var9,nAg,groups
0.00352821816197801,-0.121378467007213,-0.322865219485852,-0.147016741974036,0.5,0.01,0.12,0.15,T2,8,4
0.00352821816197801,-0.121378467007213,,,,,,,,,
0.409469951401518,-0.122275245271164,,,,,,,,,
0.409469951401518,-0.122275245271164,,,,,,,,,
-0.399940496809589,0.197427062591387,,,,,,,,,
-0.399940496809589,0.197427062591387,,,,,,,,,
0.0839543730378333,0.16970400970201,,,,,,,,,
0.0839543730378333,0.16970400970201,,,,,,,,,
