RobotX,RobotY,t_GoalX,t_GoalY,t_Informed,t_Rrep,t_Rori,t_Ratt,Var9,nAg,groups
-0.488454146116988,-0.178014564915005,0.148579258627617,0.0913474716720512,0.5,0.01,0.12,0.15,T2,8,4
-0.488454146116988,-0.178014564915005,,,,,,,,,
-0.460462678454239,0.18349864698683,,,,,,,,,
-0.460462678454239,0.18349864698683,,,,,,,,,
0.370503875982204,-0.140074633972599,,,,,,,,,
0.370503875982204,-0.140074633972599,,,,,,,,,
-0.123522813605092,-0.0634913028073699,,,,,,,,,
-0.123522813605092,-0.0634913028073699,,,,,,,,,
