RobotX,RobotY,t_GoalX,t_GoalY,t_Informed,t_Rrep,t_Rori,t_Ratt,Var9,nAg,groups
-0.118540655118266,0.180535430469867,-6.15424168357026e-05,-0.140565931697472,0.5,0.01,0.12,0.15,T2,8,4
-0.118540655118266,0.180535430469867,,,,,,,,,
-0.493763421033364,0.181424475207343,,,,,,,,,
-0.493763421033364,0.181424475207343,,,,,,,,,
0.180281070582559,0.13763078025534,,,,,,,,,
0.180281070582559,0.13763078025534,,,,,,,,,
-0.369620905664315,-0.107523297313249,,,,,,,,,
-0.369620905664315,-0.107523297313249,,,,,,,,,
