RobotX,RobotY,t_GoalX,t_GoalY,t_Informed,t_Rrep,t_Rori,t_Ratt,Var9,nAg,groups
-0.491209450489666,-0.122885815908575,0.0119301380876217,-0.0697142665934638,0.5,0.01,0.12,0.15,T2,8,4
-0.491209450489666,-0.122885815908575,,,,,,,,,
-0.235653942545429,0.153491197543726,,,,,,,,,
-0.235653942545429,0.153491197543726,,,,,,,,,
0.315054243160083,-0.140571392735118,,,,,,,,,
0.315054243160083,-0.140571392735118,,,,,,,,,
0.35254577655693,0.18506800530319,,,,,,,,,
0.35254577655693,0.18506800530319,,,,,,,,,
