RobotX,RobotY,t_GoalX,t_GoalY,t_Informed,t_Rrep,t_Rori,t_Ratt,Var9,nAg,groups
-0.436223610752362,-0.18335902975541,-0.140563396005388,0.14707273368891,0.5,0.01,0.12,0.15,T2,8,4
-0.436223610752362,-0.18335902975541,,,,,,,,,
-0.0663667705070425,-0.18470890252422,,,,,,,,,
-0.0663667705070425,-0.18470890252422,,,,,,,,,
0.413126317225506,-0.13270325416883,,,,,,,,,
0.413126317225506,-0.13270325416883,,,,,,,,,
0.1747885471581,0.120962478495535,,,,,,,,,
0.1747885471581,0.120962478495535,,,,,,,,,
