RobotX,RobotY,t_GoalX,t_GoalY,t_Informed,t_Rrep,t_Rori,t_Ratt,Var9,nAg,groups
0.319265848833197,0.180219070738802,-0.136049116096953,-0.124296414734881,0.5,0.01,0.12,0.15,T2,8,4
0.319265848833197,0.180219070738802,,,,,,,,,
-0.457549492708159,-0.0584036938001514,,,,,,,,,
-0.457549492708159,-0.0584036938001514,,,,,,,,,
-0.0569509916937359,0.180542948615902,,,,,,,,,
-0.0569509916937359,0.180542948615902,,,,,,,,,
0.381535561467879,-0.127868106178605,,,,,,,,,
0.381535561467879,-0.127868106178605,,,,,,,,,
