RobotX,RobotY,t_GoalX,t_GoalY,t_Informed,t_Rrep,t_Rori,t_Ratt,Var9,nAg,groups
-0.246783182033465,0.136148702057614,-0.399104112009438,-0.135391516646722,0.5,0.01,0.12,0.15,T2,8,4
-0.246783182033465,0.136148702057614,,,,,,,,,
0.314938477294634,0.0992753246775241,,,,,,,,,
0.314938477294634,0.0992753246775241,,,,,,,,,
0.000494883180528927,-0.0834620857116735,,,,,,,,,
0.000494883180528927,-0.0834620857116735,,,,,,,,,
0.462588172484329,-0.180430357664528,,,,,,,,,
0.462588172484329,-0.180430357664528,,,,,,,,,
