RobotX,RobotY,t_GoalX,t_GoalY,t_Informed,t_Rrep,t_Rori,t_Ratt,Var9,nAg,groups
-0.289848639665923,-0.196992715157813,0.224710251995991,0.139916408867551,0.5,0.01,0.12,0.15,T2,8,4
-0.289848639665923,-0.196992715157813,,,,,,,,,
0.0543366837060222,-0.122427977813537,,,,,,,,,
0.0543366837060222,-0.122427977813537,,,,,,,,,
0.424257677346117,-0.146860788791545,,,,,,,,,
0.424257677346117,-0.146860788791545,,,,,,,,,
-0.448820765566127,0.131327703968402,,,,,,,,,
-0.448820765566127,0.131327703968402,,,,,,,,,
