RobotX,RobotY,t_GoalX,t_GoalY,t_Informed,t_Rrep,t_Rori,t_Ratt,Var9,nAg,groups
0.340523407636124,0.153114396960167,0.0679460561542345,-0.131324653273646,0.5,0.01,0.12,0.15,T2,8,4
0.340523407636124,0.153114396960167,,,,,,,,,
-0.240188759116663,-0.17531459546306,,,,,,,,,
-0.240188759116663,-0.17531459546306,,,,,,,,,
-0.0826871416182704,0.149055752750236,,,,,,,,,
-0.0826871416182704,0.149055752750236,,,,,,,,,
0.404692892535487,-0.17739593534828,,,,,,,,,
0.404692892535487,-0.17739593534828,,,,,,,,,
