RobotX,RobotY,t_GoalX,t_GoalY,t_Informed,t_Rrep,t_Rori,t_Ratt,Var9,nAg,groups
0.263658545865049,0.109830253101343,-0.0930366004152591,0.0881265450194313,0.5,0.01,0.12,0.15,T2,8,4
0.263658545865049,0.109830253101343,,,,,,,,,
0.457972697626362,-0.15359053778401,,,,,,,,,
0.457972697626362,-0.15359053778401,,,,,,,,,
-0.486108868081733,0.0495581366554314,,,,,,,,,
-0.486108868081733,0.0495581366554314,,,,,,,,,
0.120857862668173,-0.167788175298074,,,,,,,,,
0.120857862668173,-0.167788175298074,,,,,,,,,
