RobotX,RobotY,t_GoalX,t_GoalY,t_Informed,t_Rrep,t_Rori,t_Ratt,Var9,nAg,groups
-0.105256838234884,0.154511792246922,0.097079852691064,-0.112471436912127,0.5,0.01,0.12,0.15,T2,8,4
-0.105256838234884,0.154511792246922,,,,,,,,,
0.295043921307567,0.176127704661142,,,,,,,,,
0.295043921307567,0.176127704661142,,,,,,,,,
-0.264043149025065,-0.102096008968564,,,,,,,,,
-0.264043149025065,-0.102096008968564,,,,,,,,,
0.425900123165371,-0.115310740821109,,,,,,,,,
0.425900123165371,-0.115310740821109,,,,,,,,,
