RobotX,RobotY,t_GoalX,t_GoalY,t_Informed,t_Rrep,t_Rori,t_Ratt,Var9,nAg,groups
-0.0631925527605279,-0.197361063179189,-0.0515772796818265,0.103776969743499,0.5,0.01,0.12,0.15,T2,8,4
-0.0631925527605279,-0.197361063179189,,,,,,,,,
0.408190896604936,0.192972903194299,,,,,,,,,
0.408190896604936,0.192972903194299,,,,,,,,,
-0.348989210364978,0.160342824708052,,,,,,,,,
-0.348989210364978,0.160342824708052,,,,,,,,,
0.361545663178826,-0.154493014050153,,,,,,,,,
0.361545663178826,-0.154493014050153,,,,,,,,,
