RobotX,RobotY,t_GoalX,t_GoalY,t_Informed,t_Rrep,t_Rori,t_Ratt,Var9,nAg,groups
0.200922812550949,-0.158922146221711,-0.157927162523659,-0.142463018935827,0.5,0.01,0.12,0.15,T2,8,4
0.200922812550949,-0.158922146221711,,,,,,,,,
0.445194781538284,0.162315981879531,,,,,,,,,
0.445194781538284,0.162315981879531,,,,,,,,,
0.0975359872367672,0.193375028783457,,,,,,,,,
0.0975359872367672,0.193375028783457,,,,,,,,,
-0.461983331813327,0.0289857054050578,,,,,,,,,
-0.461983331813327,0.0289857054050578,,,,,,,,,
