RobotX,RobotY,t_GoalX,t_GoalY,t_Informed,t_Rrep,t_Rori,t_Ratt,Var9,nAg,groups
0.336788029549298,0.11801715060676,0.0415063851423313,-0.0314788287143876,0.5,0.01,0.12,0.15,T2,8,4
0.336788029549298,0.11801715060676,,,,,,,,,
-0.46669183454076,-0.0805640559242661,,,,,,,,,
-0.46669183454076,-0.0805640559242661,,,,,,,,,
-0.269841839934805,0.199110259878241,,,,,,,,,
-0.269841839934805,0.199110259878241,,,,,,,,,
0.476518105625425,-0.165003632558069,,,,,,,,,
0.476518105625425,-0.165003632558069,,,,,,,,,
