RobotX,RobotY,t_GoalX,t_GoalY,t_Informed,t_Rrep,t_Rori,t_Ratt,Var9,nAg,groups
-0.415257401794057,0.199608356035053,-0.238645011155833,-0.080337213087954,0.5,0.01,0.12,0.15,T2,8,4
-0.415257401794057,0.199608356035053,,,,,,,,,
0.191247382469011,-0.132551337319193,,,,,,,,,
0.191247382469011,-0.132551337319193,,,,,,,,,
0.48077158861233,0.180777708175001,,,,,,,,,
0.48077158861233,0.180777708175001,,,,,,,,,
0.0128890503702578,0.16934548248179,,,,,,,,,
0.0128890503702578,0.16934548248179,,,,,,,,,
