RobotX,RobotY,t_GoalX,t_GoalY,t_Informed,t_Rrep,t_Rori,t_Ratt,Var9,nAg,groups
-0.312065978542473,-0.180796642744288,-0.0613733259883554,0.136635168406363,0.5,0.01,0.12,0.15,T2,8,4
-0.312065978542473,-0.180796642744288,,,,,,,,,
0.18835471056433,-0.063177379864972,,,,,,,,,
0.18835471056433,-0.063177379864972,,,,,,,,,
0.497385300113103,0.146324900924224,,,,,,,,,
0.497385300113103,0.146324900924224,,,,,,,,,
0.496492944095156,-0.179251924141641,,,,,,,,,
0.496492944095156,-0.179251924141641,,,,,,,,,
