RobotX,RobotY,t_GoalX,t_GoalY,t_Informed,t_Rrep,t_Rori,t_Ratt,Var9,nAg,groups
-0.0278851225046338,0.190781579947996,-0.111354817694763,-0.117262177471925,0.5,0.01,0.12,0.15,T2,8,4
-0.0278851225046338,0.190781579947996,,,,,,,,,
0.280123644973617,-0.170846211464485,,,,,,,,,
0.280123644973617,-0.170846211464485,,,,,,,,,
0.331843658375028,0.147781582243051,,,,,,,,,
0.331843658375028,0.147781582243051,,,,,,,,,
-0.393699612818986,0.177623247188298,,,,,,,,,
-0.393699612818986,0.177623247188298,,,,,,,,,
