RobotX,RobotY,t_GoalX,t_GoalY,t_Informed,t_Rrep,t_Rori,t_Ratt,Var9,nAg,groups
-0.17443939777287,-0.153604054734743,-0.354320963045289,0.111410370067005,0.5,0.01,0.12,0.15,T2,8,4
-0.17443939777287,-0.153604054734743,,,,,,,,,
0.468580479621643,-0.0704601233805133,,,,,,,,,
0.468580479621643,-0.0704601233805133,,,,,,,,,
0.167294090881934,-0.195765469800774,,,,,,,,,
0.167294090881934,-0.195765469800774,,,,,,,,,
-0.0480707785124513,0.142235501000292,,,,,,,,,
-0.0480707785124513,0.142235501000292,,,,,,,,,
