RobotX,RobotY,t_GoalX,t_GoalY,t_Informed,t_Rrep,t_Rori,t_Ratt,Var9,nAg,groups
-0.261014052085163,0.149335284600794,0.267331795981437,0.141254016706913,0.5,0.01,0.12,0.15,T2,8,4
-0.261014052085163,0.149335284600794,,,,,,,,,
-0.372277944185702,-0.140007159902455,,,,,,,,,
-0.372277944185702,-0.140007159902455,,,,,,,,,
0.466601916658326,-0.177258186477829,,,,,,,,,
0.466601916658326,-0.177258186477829,,,,,,,,,
0.056128795821748,-0.180017055782281,,,,,,,,,
0.056128795821748,-0.180017055782281,,,,,,,,,
