RobotX,RobotY,t_GoalX,t_GoalY,t_Informed,t_Rrep,t_Rori,t_Ratt,Var9,nAg,groups
-0.292768082341347,-0.170175547342665,0.164653178508541,-0.141942654719819,0.5,0.01,0.12,0.15,T2,8,4
-0.292768082341347,-0.170175547342665,,,,,,,,,
0.472662564254887,-0.118461636090557,,,,,,,,,
0.472662564254887,-0.118461636090557,,,,,,,,,
0.00365060064923117,0.150741486648659,,,,,,,,,
0.00365060064923117,0.150741486648659,,,,,,,,,
-0.331511931745289,0.179458065527729,,,,,,,,,
-0.331511931745289,0.179458065527729,,,,,,,,,
