RobotX,RobotY,t_GoalX,t_GoalY,t_Informed,t_Rrep,t_Rori,t_Ratt,Var9,nAg,groups
0.476380311577072,0.115705578649107,0.29088151423005,-0.132938269393446,0.5,0.01,0.12,0.15,T2,8,4
0.476380311577072,0.115705578649107,,,,,,,,,
-0.453763938866319,0.106199405380052,,,,,,,,,
-0.453763938866319,0.106199405380052,,,,,,,,,
0.0222995025456491,0.163990377322198,,,,,,,,,
0.0222995025456491,0.163990377322198,,,,,,,,,
-0.124340340965805,-0.159695747185494,,,,,,,,,
-0.124340340965805,-0.159695747185494,,,,,,,,,
