RobotX,RobotY,t_GoalX,t_GoalY,t_Informed,t_Rrep,t_Rori,t_Ratt,Var9,nAg,groups
-0.410203617138684,0.115567147212353,-0.170502816052848,-0.0988016149270501,0.5,0.01,0.12,0.15,T2,8,4
-0.410203617138684,0.115567147212353,,,,,,,,,
0.120650779154026,0.195906458573471,,,,,,,,,
0.120650779154026,0.195906458573471,,,,,,,,,
0.42686147735188,-0.028895931501485,,,,,,,,,
0.42686147735188,-0.028895931501485,,,,,,,,,
0.123628458461019,-0.176936039693375,,,,,,,,,
0.123628458461019,-0.176936039693375,,,,,,,,,
