RobotX,RobotY,t_GoalX,t_GoalY,t_Informed,t_Rrep,t_Rori,t_Ratt,Var9,nAg,groups
-0.348515205769318,0.180298457115404,0.194082413538271,-0.0765755573296982,0.5,0.01,0.12,0.15,V,8,4
-0.348515205769318,0.180298457115404,,,,,,,,,
-0.408504020877035,-0.138107429501502,,,,,,,,,
-0.408504020877035,-0.138107429501502,,,,,,,,,
0.451332516187366,0.08275539723423,,,,,,,,,
0.451332516187366,0.08275539723423,,,,,,,,,
-0.0326146269738155,0.150978186288183,,,,,,,,,
-0.0326146269738155,0.150978186288183,,,,,,,,,
