RobotX,RobotY,t_GoalX,t_GoalY,t_Informed,t_Rrep,t_Rori,t_Ratt,Var9,nAg,groups
-0.070767602211952,-0.0487746612916093,0.222868624546207,-0.12829212495962,0.5,0.01,0.12,0.15,V,8,4
-0.070767602211952,-0.0487746612916093,,,,,,,,,
0.472361017933156,0.19956943339747,,,,,,,,,
0.472361017933156,0.19956943339747,,,,,,,,,
-0.32935549838055,0.194558978975524,,,,,,,,,
-0.32935549838055,0.194558978975524,,,,,,,,,
-0.472233122286777,-0.125721815302921,,,,,,,,,
-0.472233122286777,-0.125721815302921,,,,,,,,,
