RobotX,RobotY,t_GoalX,t_GoalY,t_Informed,t_Rrep,t_Rori,t_Ratt,Var9,nAg,groups
0.16644935003401,-0.140340389687585,-0.374630368361403,0.119210589171396,0.5,0.01,0.12,0.15,V,8,4
0.16644935003401,-0.140340389687585,,,,,,,,,
-0.0572413871018507,0.0884466002918275,,,,,,,,,
-0.0572413871018507,0.0884466002918275,,,,,,,,,
-0.158380919148637,-0.197266674395742,,,,,,,,,
-0.158380919148637,-0.197266674395742,,,,,,,,,
0.406617731239548,0.0768513000819177,,,,,,,,,
0.406617731239548,0.0768513000819177,,,,,,,,,
