RobotX,RobotY,t_GoalX,t_GoalY,t_Informed,t_Rrep,t_Rori,t_Ratt,Var9,nAg,groups
0.446499097706507,-0.18990862271509,0.159787829979252,-0.0224486776288415,0.5,0.01,0.12,0.15,V,8,4
0.446499097706507,-0.18990862271509,,,,,,,,,
0.447947778731559,0.183630381475387,,,,,,,,,
0.447947778731559,0.183630381475387,,,,,,,,,
-0.35406296984196,-0.0883890448065165,,,,,,,,,
-0.35406296984196,-0.0883890448065165,,,,,,,,,
-0.189338822535847,0.176199044877975,,,,,,,,,
-0.189338822535847,0.176199044877975,,,,,,,,,
