RobotX,RobotY,t_GoalX,t_GoalY,t_Informed,t_Rrep,t_Rori,t_Ratt,Var9,nAg,groups
0.146989082392707,0.171795228623967,0.0565613826158405,-0.131611820149927,0.5,0.01,0.12,0.15,V,8,4
0.146989082392707,0.171795228623967,,,,,,,,,
-0.170073491447163,0.182606627489452,,,,,,,,,
-0.170073491447163,0.182606627489452,,,,,,,,,
0.460809018101356,-0.0926468665736905,,,,,,,,,
0.460809018101356,-0.0926468665736905,,,,,,,,,
-0.482418410106466,-0.116297606559645,,,,,,,,,
-0.482418410106466,-0.116297606559645,,,,,,,,,
