RobotX,RobotY,t_GoalX,t_GoalY,t_Informed,t_Rrep,t_Rori,t_Ratt,Var9,nAg,groups
-0.0614590125115501,0.0281250979189038,-0.388692441607025,-0.130420091405924,0.5,0.01,0.12,0.15,V,8,4
-0.0614590125115501,0.0281250979189038,,,,,,,,,
-0.460592646515172,0.17281436446791,,,,,,,,,
-0.460592646515172,0.17281436446791,,,,,,,,,
0.324147746553273,-0.171659041951149,,,,,,,,,
0.324147746553273,-0.171659041951149,,,,,,,,,
0.322222360033143,0.177717311639981,,,,,,,,,
0.322222360033143,0.177717311639981,,,,,,,,,
