RobotX,RobotY,t_GoalX,t_GoalY,t_Informed,t_Rrep,t_Rori,t_Ratt,Var9,nAg,groups
0.437326242269372,0.19418145269434,-0.192712316886018,0.0173156980396849,0.5,0.01,0.12,0.15,V,8,4
0.437326242269372,0.19418145269434,,,,,,,,,
0.199099128857604,-0.11713914969952,,,,,,,,,
0.199099128857604,-0.11713914969952,,,,,,,,,
-0.448373775930084,-0.19191295535791,,,,,,,,,
-0.448373775930084,-0.19191295535791,,,,,,,,,
-0.457449879993389,0.164933885280163,,,,,,,,,
-0.457449879993389,0.164933885280163,,,,,,,,,
