RobotX,RobotY,t_GoalX,t_GoalY,t_Informed,t_Rrep,t_Rori,t_Ratt,Var9,nAg,groups
0.38081332346616,-0.162709729865513,-0.202030341506189,0.0950442684231458,0.5,0.01,0.12,0.15,V,8,4
0.38081332346616,-0.162709729865513,,,,,,,,,
-0.448667697668495,-0.0944848929076177,,,,,,,,,
-0.448667697668495,-0.0944848929076177,,,,,,,,,
0.305008797956586,0.196025709831626,,,,,,,,,
0.305008797956586,0.196025709831626,,,,,,,,,
0.0714977717053425,-0.18348636654025,,,,,,,,,
0.0714977717053425,-0.18348636654025,,,,,,,,,
