RobotX,RobotY,t_GoalX,t_GoalY,t_Informed,t_Rrep,t_Rori,t_Ratt,Var9,nAg,groups
-0.48842272998193,-0.150512552213731,-0.0985983818089727,0.0811436967718794,0.5,0.01,0.12,0.15,V,8,4
-0.48842272998193,-0.150512552213731,,,,,,,,,
0.329019969356927,0.122059233295819,,,,,,,,,
0.329019969356927,0.122059233295819,,,,,,,,,
0.493248808413731,-0.155214257931364,,,,,,,,,
0.493248808413731,-0.155214257931364,,,,,,,,,
-0.4119463032285,0.15195246992839,,,,,,,,,
-0.4119463032285,0.15195246992839,,,,,,,,,
