RobotX,RobotY,t_GoalX,t_GoalY,t_Informed,t_Rrep,t_Rori,t_Ratt,Var9,nAg,groups
-0.323208130262029,0.18137600197038,0.201838128135892,0.135102580913922,0.5,0.01,0.12,0.15,V,8,4
-0.323208130262029,0.18137600197038,,,,,,,,,
-0.354104277346954,-0.183030657034221,,,,,,,,,
-0.354104277346954,-0.183030657034221,,,,,,,,,
0.499091818468533,-0.0373581006172712,,,,,,,,,
0.499091818468533,-0.0373581006172712,,,,,,,,,
0.154682733580983,-0.172855900450052,,,,,,,,,
0.154682733580983,-0.172855900450052,,,,,,,,,
