RobotX,RobotY,t_GoalX,t_GoalY,t_Informed,t_Rrep,t_Rori,t_Ratt,Var9,nAg,groups
0.430640728561309,0.154737047950735,0.0758367241424351,0.0420939643526342,0.5,0.01,0.12,0.15,V,8,4
0.430640728561309,0.154737047950735,,,,,,,,,
-0.188456567646271,-0.148300109719458,,,,,,,,,
-0.188456567646271,-0.148300109719458,,,,,,,,,
0.370145626370526,-0.156250096976515,,,,,,,,,
0.370145626370526,-0.156250096976515,,,,,,,,,
-0.455993810771871,0.0157469566315492,,,,,,,,,
-0.455993810771871,0.0157469566315492,,,,,,,,,
