RobotX,RobotY,t_GoalX,t_GoalY,t_Informed,t_Rrep,t_Rori,t_Ratt,Var9,nAg,groups
0.379879648192684,-0.147513518011698,-0.380452862106668,-0.117265228200914,0.5,0.01,0.12,0.15,V,8,4
0.379879648192684,-0.147513518011698,,,,,,,,,
0.0637800478944498,0.169334078429929,,,,,,,,,
0.0637800478944498,0.169334078429929,,,,,,,,,
-0.0102990785091021,-0.177944994888818,,,,,,,,,
-0.0102990785091021,-0.177944994888818,,,,,,,,,
0.428542824048728,0.162964637663332,,,,,,,,,
0.428542824048728,0.162964637663332,,,,,,,,,
