RobotX,RobotY,t_GoalX,t_GoalY,t_Informed,t_Rrep,t_Rori,t_Ratt,Var9,nAg,groups
-0.499036621428934,-0.0402238736286492,-0.0354600816726515,-0.130993942525703,0.5,0.01,0.12,0.15,V,8,4
-0.499036621428934,-0.0402238736286492,,,,,,,,,
0.462928158059993,0.168749525423268,,,,,,,,,
0.462928158059993,0.168749525423268,,,,,,,,,
0.275819564435791,-0.179982865163884,,,,,,,,,
0.275819564435791,-0.179982865163884,,,,,,,,,
0.012477627669081,0.188061252576281,,,,,,,,,
0.012477627669081,0.188061252576281,,,,,,,,,
