RobotX,RobotY,t_GoalX,t_GoalY,t_Informed,t_Rrep,t_Rori,t_Ratt,Var9,nAg,groups
0.431556273800027,0.171608489549252,-0.375174757714794,-0.0193217805441648,0.5,0.01,0.12,0.15,V,8,4
0.431556273800027,0.171608489549252,,,,,,,,,
0.326030287522314,-0.162303910641012,,,,,,,,,
0.326030287522314,-0.162303910641012,,,,,,,,,
-0.00206939445219256,-0.197163116797894,,,,,,,,,
-0.00206939445219256,-0.197163116797894,,,,,,,,,
0.110304489429116,0.167752963089265,,,,,,,,,
0.110304489429116,0.167752963089265,,,,,,,,,
