RobotX,RobotY,t_GoalX,t_GoalY,t_Informed,t_Rrep,t_Rori,t_Ratt,Var9,nAg,groups
-0.362277504665267,0.12769813680495,-0.0703449226864519,-0.115038854571372,0.5,0.01,0.12,0.15,V,8,4
-0.362277504665267,0.12769813680495,,,,,,,,,
0.0802983939022365,0.163269474010117,,,,,,,,,
0.0802983939022365,0.163269474010117,,,,,,,,,
0.46616543580663,0.146229977350678,,,,,,,,,
0.46616543580663,0.146229977350678,,,,,,,,,
0.318710998423062,-0.139202384257584,,,,,,,,,
0.318710998423062,-0.139202384257584,,,,,,,,,
