RobotX,RobotY,t_GoalX,t_GoalY,t_Informed,t_Rrep,t_Rori,t_Ratt,Var9,nAg,groups
0.484203832595962,-0.0926718211963228,-0.0593651558098003,0.12795581482133,0.5,0.01,0.12,0.15,V,8,4
0.484203832595962,-0.0926718211963228,,,,,,,,,
-0.467425972523437,0.0138940574044425,,,,,,,,,
-0.467425972523437,0.0138940574044425,,,,,,,,,
0.287689739245202,0.181098192873844,,,,,,,,,
0.287689739245202,0.181098192873844,,,,,,,,,
-0.187598454592796,-0.151587375429875,,,,,,,,,
-0.187598454592796,-0.151587375429875,,,,,,,,,
