RobotX,RobotY,t_GoalX,t_GoalY,t_Informed,t_Rrep,t_Rori,t_Ratt,Var9,nAg,groups
-0.485336616822694,0.125909827572981,-0.130876225822652,0.111575502170214,0.5,0.01,0.12,0.15,V,8,4
-0.485336616822694,0.125909827572981,,,,,,,,,
0.363688959192602,-0.18328762541285,,,,,,,,,
0.363688959192602,-0.18328762541285,,,,,,,,,
0.286742601210953,0.130644811559485,,,,,,,,,
0.286742601210953,0.130644811559485,,,,,,,,,
-0.487579178847324,-0.188132234757972,,,,,,,,,
-0.487579178847324,-0.188132234757972,,,,,,,,,
