RobotX,RobotY,t_GoalX,t_GoalY,t_Informed,t_Rrep,t_Rori,t_Ratt,Var9,nAg,groups
-0.156894965818461,0.119536503541831,0.200566565858556,0.137204519946206,0.5,0.01,0.12,0.15,V,8,4
-0.156894965818461,0.119536503541831,,,,,,,,,
-0.390325026040856,-0.133494911168209,,,,,,,,,
-0.390325026040856,-0.133494911168209,,,,,,,,,
0.0877560491108242,-0.159845152097221,,,,,,,,,
0.0877560491108242,-0.159845152097221,,,,,,,,,
0.400208671432484,-0.1605946887005,,,,,,,,,
0.400208671432484,-0.1605946887005,,,,,,,,,
