RobotX,RobotY,t_GoalX,t_GoalY,t_Informed,t_Rrep,t_Rori,t_Ratt,Var9,nAg,groups
-0.226861638283762,-0.177249921814612,0.379852917515717,0.113662427371733,0.5,0.01,0.12,0.15,V,8,4
-0.226861638283762,-0.177249921814612,,,,,,,,,
-0.439541954414607,0.171085360377875,,,,,,,,,
-0.439541954414607,0.171085360377875,,,,,,,,,
0.499604557505003,-0.179270360496234,,,,,,,,,
0.499604557505003,-0.179270360496234,,,,,,,,,
0.0161113099522334,0.0170629169760821,,,,,,,,,
0.0161113099522334,0.0170629169760821,,,,,,,,,
