RobotX,RobotY,t_GoalX,t_GoalY,t_Informed,t_Rrep,t_Rori,t_Ratt,Var9,nAg,groups
-0.018635131887229,0.157285143876822,-0.108175534541538,-0.141516500594195,0.5,0.01,0.12,0.15,V,8,4
-0.018635131887229,0.157285143876822,,,,,,,,,
0.309220213820505,-0.180232433632932,,,,,,,,,
0.309220213820505,-0.180232433632932,,,,,,,,,
0.344906439745872,0.12662517348558,,,,,,,,,
0.344906439745872,0.12662517348558,,,,,,,,,
-0.445170605205921,0.0531072306858504,,,,,,,,,
-0.445170605205921,0.0531072306858504,,,,,,,,,
