RobotX,RobotY,t_GoalX,t_GoalY,t_Informed,t_Rrep,t_Rori,t_Ratt,Var9,nAg,groups
-0.495675178192511,0.0100473192195082,0.180525384494391,0.143877103059875,0.5,0.01,0.12,0.15,V,8,4
-0.495675178192511,0.0100473192195082,,,,,,,,,
-0.187740666326609,0.125299691905652,,,,,,,,,
-0.187740666326609,0.125299691905652,,,,,,,,,
0.341656920054024,-0.191584442669462,,,,,,,,,
0.341656920054024,-0.191584442669462,,,,,,,,,
-0.127286050721119,-0.198419134323321,,,,,,,,,
-0.127286050721119,-0.198419134323321,,,,,,,,,
