RobotX,RobotY,t_GoalX,t_GoalY,t_Informed,t_Rrep,t_Rori,t_Ratt,Var9,nAg,groups
-0.257611011495862,0.158713919227802,0.375928174356764,-0.0609252275840998,0.5,0.01,0.12,0.15,V,8,4
-0.257611011495862,0.158713919227802,,,,,,,,,
-0.382892696402711,-0.180197014159909,,,,,,,,,
-0.382892696402711,-0.180197014159909,,,,,,,,,
0.0938940890106392,-0.191772295379093,,,,,,,,,
0.0938940890106392,-0.191772295379093,,,,,,,,,
0.115918163072784,0.114911648134367,,,,,,,,,
0.115918163072784,0.114911648134367,,,,,,,,,
