RobotX,RobotY,t_GoalX,t_GoalY,t_Informed,t_Rrep,t_Rori,t_Ratt,Var9,nAg,groups
-0.46473377941408,-0.162227117704067,-0.353086479443107,0.124883345208268,0.5,0.01,0.12,0.15,V,8,4
-0.46473377941408,-0.162227117704067,,,,,,,,,
0.476607184734363,0.185184322422506,,,,,,,,,
0.476607184734363,0.185184322422506,,,,,,,,,
0.495205306823846,-0.132302799136364,,,,,,,,,
0.495205306823846,-0.132302799136364,,,,,,,,,
-0.00373762780690645,0.124893248243175,,,,,,,,,
-0.00373762780690645,0.124893248243175,,,,,,,,,
