RobotX,RobotY,t_GoalX,t_GoalY,t_Informed,t_Rrep,t_Rori,t_Ratt,Var9,nAg,groups
0.14194001851008,-0.172423618826404,0.339630405358238,0.083980411019693,0.5,0.01,0.12,0.15,V,8,4
0.14194001851008,-0.172423618826404,,,,,,,,,
-0.0498414806890343,0.125920734641386,,,,,,,,,
-0.0498414806890343,0.125920734641386,,,,,,,,,
-0.440594534298066,0.171366739872882,,,,,,,,,
-0.440594534298066,0.171366739872882,,,,,,,,,
-0.277510110554563,-0.173619725229156,,,,,,,,,
-0.277510110554563,-0.173619725229156,,,,,,,,,
