RobotX,RobotY,t_GoalX,t_GoalY,t_Informed,t_Rrep,t_Rori,t_Ratt,Var9,nAg,groups
0.336299832725528,-0.186186294394293,0.230590571480007,0.143799252771571,0.5,0.01,0.12,0.15,V,8,4
0.336299832725528,-0.186186294394293,,,,,,,,,
-0.418157267862258,-0.0305943649693809,,,,,,,,,
-0.418157267862258,-0.0305943649693809,,,,,,,,,
-0.14615501842919,-0.166298718812321,,,,,,,,,
-0.14615501842919,-0.166298718812321,,,,,,,,,
-0.157621170884822,0.15640573909719,,,,,,,,,
-0.157621170884822,0.15640573909719,,,,,,,,,
