RobotX,RobotY,t_GoalX,t_GoalY,t_Informed,t_Rrep,t_Rori,t_Ratt,Var9,nAg,groups
-0.401455275491693,0.195767118305256,-0.0436070901029292,0.13650165508826,0.5,0.01,0.12,0.15,V,8,4
-0.401455275491693,0.195767118305256,,,,,,,,,
0.484032460260438,0.0912864254034224,,,,,,,,,
0.484032460260438,0.0912864254034224,,,,,,,,,
0.0937986933326659,-0.174848413353193,,,,,,,,,
0.0937986933326659,-0.174848413353193,,,,,,,,,
-0.466482599862766,-0.130838094368588,,,,,,,,,
-0.466482599862766,-0.130838094368588,,,,,,,,,
