RobotX,RobotY,t_GoalX,t_GoalY,t_Informed,t_Rrep,t_Rori,t_Ratt,Var9,nAg,groups
0.0171301074569996,0.167477789852261,0.126850911243501,-0.138290003153977,0.5,0.01,0.12,0.15,V,8,4
0.0171301074569996,0.167477789852261,,,,,,,,,
0.406298802528931,0.0406370260804993,,,,,,,,,
0.406298802528931,0.0406370260804993,,,,,,,,,
-0.18397966477741,-0.146685365222738,,,,,,,,,
-0.18397966477741,-0.146685365222738,,,,,,,,,
-0.371637582433563,0.107623249715812,,,,,,,,,
-0.371637582433563,0.107623249715812,,,,,,,,,
