RobotX,RobotY,t_GoalX,t_GoalY,t_Informed,t_Rrep,t_Rori,t_Ratt,Var9,nAg,groups
-0.366383412860538,0.169116537810216,-0.179606649549678,-0.100717006283117,0.5,0.01,0.12,0.15,V,8,4
-0.366383412860538,0.169116537810216,,,,,,,,,
0.487753009195998,0.119094628904828,,,,,,,,,
0.487753009195998,0.119094628904828,,,,,,,,,
0.191655966770596,-0.156243293328582,,,,,,,,,
0.191655966770596,-0.156243293328582,,,,,,,,,
0.0540412350139796,0.172382550808966,,,,,,,,,
0.0540412350139796,0.172382550808966,,,,,,,,,
