RobotX,RobotY,t_GoalX,t_GoalY,t_Informed,t_Rrep,t_Rori,t_Ratt,Var9,nAg,groups
-0.456103164352562,-0.196745002789728,0.34698843151526,-0.00671533192970877,0.5,0.01,0.12,0.15,V,8,4
-0.456103164352562,-0.196745002789728,,,,,,,,,
-0.154925841884419,-0.0926776086805316,,,,,,,,,
-0.154925841884419,-0.0926776086805316,,,,,,,,,
-0.370773215467659,0.130136009038174,,,,,,,,,
-0.370773215467659,0.130136009038174,,,,,,,,,
0.109335691102549,0.182151440615899,,,,,,,,,
0.109335691102549,0.182151440615899,,,,,,,,,
