RobotX,RobotY,t_GoalX,t_GoalY,t_Informed,t_Rrep,t_Rori,t_Ratt,Var9,nAg,groups
-0.0414719071401852,0.186407823547503,-0.351031320617562,0.102089663277882,0.5,0.01,0.12,0.15,V,8,4
-0.0414719071401852,0.186407823547503,,,,,,,,,
0.215219675686249,-0.173895759248508,,,,,,,,,
0.215219675686249,-0.173895759248508,,,,,,,,,
-0.199284326868414,-0.164250489977311,,,,,,,,,
-0.199284326868414,-0.164250489977311,,,,,,,,,
0.42285813113362,0.181708811614709,,,,,,,,,
0.42285813113362,0.181708811614709,,,,,,,,,
