RobotX,RobotY,t_GoalX,t_GoalY,t_Informed,t_Rrep,t_Rori,t_Ratt,Var9,nAg,groups
0.14702447582789,-0.150851023167771,-0.237428038703461,0.147835275544057,0.5,0.01,0.12,0.15,V,8,4
0.14702447582789,-0.150851023167771,,,,,,,,,
0.458602441928884,0.107220063389277,,,,,,,,,
0.458602441928884,0.107220063389277,,,,,,,,,
-0.408702045280594,-0.107159859879978,,,,,,,,,
-0.408702045280594,-0.107159859879978,,,,,,,,,
0.0787634968974444,0.151276048373766,,,,,,,,,
0.0787634968974444,0.151276048373766,,,,,,,,,
