RobotX,RobotY,t_GoalX,t_GoalY,t_Informed,t_Rrep,t_Rori,t_Ratt,Var9,nAg,groups
-0.19521633728007,-0.0492813199974066,0.0567349583119978,0.136082202407088,0.5,0.01,0.12,0.15,V,8,4
-0.19521633728007,-0.0492813199974066,,,,,,,,,
-0.471859326064087,-0.171267312517177,,,,,,,,,
-0.471859326064087,-0.171267312517177,,,,,,,,,
0.134797716442999,-0.174719799696199,,,,,,,,,
0.134797716442999,-0.174719799696199,,,,,,,,,
0.383013760597701,0.0762406294557226,,,,,,,,,
0.383013760597701,0.0762406294557226,,,,,,,,,
