RobotX,RobotY,t_GoalX,t_GoalY,t_Informed,t_Rrep,t_Rori,t_Ratt,Var9,nAg,groups
0.0591176409421623,-0.196594444861978,-0.126457482347691,0.108956909893567,0.5,0.01,0.12,0.15,V,8,4
0.0591176409421623,-0.196594444861978,,,,,,,,,
0.340981952255966,0.171234580164128,,,,,,,,,
0.340981952255966,0.171234580164128,,,,,,,,,
0.48215692834893,-0.157857139179961,,,,,,,,,
0.48215692834893,-0.157857139179961,,,,,,,,,
-0.374217326104393,-0.184223596255113,,,,,,,,,
-0.374217326104393,-0.184223596255113,,,,,,,,,
