RobotX,RobotY,t_GoalX,t_GoalY,t_Informed,t_Rrep,t_Rori,t_Ratt,Var9,nAg,groups
-0.0606693454778461,0.172935841688142,0.26865392107392,-0.136386849326214,0.5,0.01,0.12,0.15,V,8,4
-0.0606693454778461,0.172935841688142,,,,,,,,,
-0.449060361433525,-0.192738891519357,,,,,,,,,
-0.449060361433525,-0.192738891519357,,,,,,,,,
-0.362828669461108,0.170522860414253,,,,,,,,,
-0.362828669461108,0.170522860414253,,,,,,,,,
0.298364318135706,0.193230193923662,,,,,,,,,
0.298364318135706,0.193230193923662,,,,,,,,,
