RobotX,RobotY,t_GoalX,t_GoalY,t_Informed,t_Rrep,t_Rori,t_Ratt,Var9,nAg,groups
-0.465814555206568,-0.169715822799009,0.2766813871347,-0.0702047299036735,0.5,0.01,0.12,0.15,V,8,4
-0.465814555206568,-0.169715822799009,,,,,,,,,
-0.399118895852179,0.149963478186801,,,,,,,,,
-0.399118895852179,0.149963478186801,,,,,,,,,
-0.059233580290783,-0.0997514232886778,,,,,,,,,
-0.059233580290783,-0.0997514232886778,,,,,,,,,
0.132062490701556,0.19729088386515,,,,,,,,,
0.132062490701556,0.19729088386515,,,,,,,,,
