RobotX,RobotY,t_GoalX,t_GoalY,t_Informed,t_Rrep,t_Rori,t_Ratt,Var9,nAg,groups
0.372717877650216,0.159577608076084,0.255797582537906,-0.145314804954953,0.5,0.01,0.12,0.15,V,8,4
0.372717877650216,0.159577608076084,,,,,,,,,
-0.0822425058324919,0.171210183080189,,,,,,,,,
-0.0822425058324919,0.171210183080189,,,,,,,,,
-0.0815296167209525,-0.181226774247086,,,,,,,,,
-0.0815296167209525,-0.181226774247086,,,,,,,,,
-0.417637714167953,-0.0772998707490021,,,,,,,,,
-0.417637714167953,-0.0772998707490021,,,,,,,,,
