RobotX,RobotY,t_GoalX,t_GoalY,t_Informed,t_Rrep,t_Rori,t_Ratt,Var9,nAg,groups
0.495173355603826,-0.0102180999667668,-0.359926155512455,-0.148653863740215,0.5,0.01,0.12,0.15,V,8,4
0.495173355603826,-0.0102180999667668,,,,,,,,,
-0.253925259482407,0.138493529492071,,,,,,,,,
-0.253925259482407,0.138493529492071,,,,,,,,,
0.152177901425272,0.163659076103898,,,,,,,,,
0.152177901425272,0.163659076103898,,,,,,,,,
0.247927953134195,-0.183845979808393,,,,,,,,,
0.247927953134195,-0.183845979808393,,,,,,,,,
