RobotX,RobotY,t_GoalX,t_GoalY,t_Informed,t_Rrep,t_Rori,t_Ratt,Var9,nAg,groups
0.0915647740828371,-0.117631221579971,-0.348480102722976,-0.138778702376423,0.5,0.01,0.12,0.15,V,8,4
0.0915647740828371,-0.117631221579971,,,,,,,,,
0.328936713545544,0.132182575756534,,,,,,,,,
0.328936713545544,0.132182575756534,,,,,,,,,
-0.393566094935014,0.166600111337952,,,,,,,,,
-0.393566094935014,0.166600111337952,,,,,,,,,
-0.0871934089459356,0.192520018579179,,,,,,,,,
-0.0871934089459356,0.192520018579179,,,,,,,,,
