RobotX,RobotY,t_GoalX,t_GoalY,t_Informed,t_Rrep,t_Rori,t_Ratt,Var9,nAg,groups
-0.152817451939877,-0.125158708905512,-0.395316997542662,0.0571176861439634,0.5,0.01,0.12,0.15,V,8,4
-0.152817451939877,-0.125158708905512,,,,,,,,,
0.390638197093502,0.199914352936885,,,,,,,,,
0.390638197093502,0.199914352936885,,,,,,,,,
0.434124862679688,-0.123113314995446,,,,,,,,,
0.434124862679688,-0.123113314995446,,,,,,,,,
0.00827531319567054,0.179666061538957,,,,,,,,,
0.00827531319567054,0.179666061538957,,,,,,,,,
