RobotX,RobotY,t_GoalX,t_GoalY,t_Informed,t_Rrep,t_Rori,t_Ratt,Var9,nAg,groups
-0.459727423031334,0.193825934895319,0.142556081051514,-0.000154353076817465,0.5,0.01,0.12,0.15,V,8,4
-0.459727423031334,0.193825934895319,,,,,,,,,
0.471120969953134,0.148896854317773,,,,,,,,,
0.471120969953134,0.148896854317773,,,,,,,,,
-0.3026526435825,-0.152331938145498,,,,,,,,,
-0.3026526435825,-0.152331938145498,,,,,,,,,
0.491122749133717,-0.190328831005065,,,,,,,,,
0.491122749133717,-0.190328831005065,,,,,,,,,
