RobotX,RobotY,t_GoalX,t_GoalY,t_Informed,t_Rrep,t_Rori,t_Ratt,Var9,nAg,groups
0.438069512819435,0.189130387902938,-0.0213017536512674,-0.00979547724448632,0.5,0.01,0.12,0.15,V,8,4
0.438069512819435,0.189130387902938,,,,,,,,,
-0.420016033864757,-0.186089847059805,,,,,,,,,
-0.420016033864757,-0.186089847059805,,,,,,,,,
0.312384889857918,-0.144110259252886,,,,,,,,,
0.312384889857918,-0.144110259252886,,,,,,,,,
-0.421628075100848,0.136999812388947,,,,,,,,,
-0.421628075100848,0.136999812388947,,,,,,,,,
