RobotX,RobotY,t_GoalX,t_GoalY,t_Informed,t_Rrep,t_Rori,t_Ratt,Var9,nAg,groups
0.398423275764288,-0.17065968820285,0.18208379717805,0.146249228000741,0.5,0.01,0.12,0.15,V,8,4
0.398423275764288,-0.17065968820285,,,,,,,,,
-0.448315326211698,-0.141092798920666,,,,,,,,,
-0.448315326211698,-0.141092798920666,,,,,,,,,
-0.486106881156664,0.194613918308221,,,,,,,,,
-0.486106881156664,0.194613918308221,,,,,,,,,
-0.0619570564419628,-0.0577905641529822,,,,,,,,,
-0.0619570564419628,-0.0577905641529822,,,,,,,,,
