RobotX,RobotY,t_GoalX,t_GoalY,t_Informed,t_Rrep,t_Rori,t_Ratt,Var9,nAg,groups
0.32921822036231,0.123921727689421,-0.240068952841246,-0.137714437308071,0.5,0.01,0.12,0.15,V,8,4
0.32921822036231,0.123921727689421,,,,,,,,,
0.427672958765543,-0.177727077536169,,,,,,,,,
0.427672958765543,-0.177727077536169,,,,,,,,,
-0.124815514777266,0.158481498704333,,,,,,,,,
-0.124815514777266,0.158481498704333,,,,,,,,,
-0.432260086812787,0.138948416315526,,,,,,,,,
-0.432260086812787,0.138948416315526,,,,,,,,,
