RobotX,RobotY,t_GoalX,t_GoalY,t_Informed,t_Rrep,t_Rori,t_Ratt,Var9,nAg,groups
-0.433146635120595,0.136891139054741,0.170248801224574,0.136546621519362,0.5,0.01,0.12,0.15,V,8,4
-0.433146635120595,0.136891139054741,,,,,,,,,
-0.108146974992937,-0.173194954196363,,,,,,,,,
-0.108146974992937,-0.173194954196363,,,,,,,,,
0.263713526481593,-0.191061256041325,,,,,,,,,
0.263713526481593,-0.191061256041325,,,,,,,,,
-0.436071539719586,-0.187395681463172,,,,,,,,,
-0.436071539719586,-0.187395681463172,,,,,,,,,
