RobotX,RobotY,t_GoalX,t_GoalY,t_Informed,t_Rrep,t_Rori,t_Ratt,Var9,nAg,groups
0.470072949915984,0.174523707602636,0.170594157644502,-0.0485874747481381,0.5,0.01,0.12,0.15,V,8,4
0.470072949915984,0.174523707602636,,,,,,,,,
0.452713925560316,-0.169140284673072,,,,,,,,,
0.452713925560316,-0.169140284673072,,,,,,,,,
-0.228492403161847,-0.185047219644325,,,,,,,,,
-0.228492403161847,-0.185047219644325,,,,,,,,,
-0.25821053933784,0.191812891214596,,,,,,,,,
-0.25821053933784,0.191812891214596,,,,,,,,,
