RobotX,RobotY,t_GoalX,t_GoalY,t_Informed,t_Rrep,t_Rori,t_Ratt,Var9,nAg,groups
0.365166886580013,0.130574319255451,-0.160371418673666,-0.0470418412399026,0.5,0.01,0.12,0.15,V,8,4
0.365166886580013,0.130574319255451,,,,,,,,,
-0.497742566310306,-0.193745642658842,,,,,,,,,
-0.497742566310306,-0.193745642658842,,,,,,,,,
-0.41762389663615,0.10976275290521,,,,,,,,,
-0.41762389663615,0.10976275290521,,,,,,,,,
0.479353362228704,-0.163312754362975,,,,,,,,,
0.479353362228704,-0.163312754362975,,,,,,,,,
