RobotX,RobotY,t_GoalX,t_GoalY,t_Informed,t_Rrep,t_Rori,t_Ratt,Var9,nAg,groups
-0.389018479278126,0.142805269568869,-0.276627147579338,-0.137283870279567,0.5,0.01,0.12,0.15,V,8,4
-0.389018479278126,0.142805269568869,,,,,,,,,
0.408868198353796,-0.0990085757900199,,,,,,,,,
0.408868198353796,-0.0990085757900199,,,,,,,,,
0.0544573076433341,-0.130102235358765,,,,,,,,,
0.0544573076433341,-0.130102235358765,,,,,,,,,
0.0548000195351112,0.184455055894937,,,,,,,,,
0.0548000195351112,0.184455055894937,,,,,,,,,
