RobotX,RobotY,t_GoalX,t_GoalY,t_Informed,t_Rrep,t_Rori,t_Ratt,Var9,nAg,groups
0.361662252256565,0.19955245632861,0.0684700845841076,-0.00408569059460964,0.5,0.01,0.12,0.15,V,8,4
0.361662252256565,0.19955245632861,,,,,,,,,
-0.397056954490407,0.19155569584083,,,,,,,,,
-0.397056954490407,0.19155569584083,,,,,,,,,
-0.200369375434472,-0.171735489066917,,,,,,,,,
-0.200369375434472,-0.171735489066917,,,,,,,,,
0.492823362404235,-0.16345639750285,,,,,,,,,
0.492823362404235,-0.16345639750285,,,,,,,,,
