RobotX,RobotY,t_GoalX,t_GoalY,t_Informed,t_Rrep,t_Rori,t_Ratt,Var9,nAg,groups
-0.389629615879676,0.135141866368862,0.341754382622897,0.052289685979131,0.5,0.01,0.12,0.15,V,8,4
-0.389629615879676,0.135141866368862,,,,,,,,,
-0.385091196032179,-0.174706000373832,,,,,,,,,
-0.385091196032179,-0.174706000373832,,,,,,,,,
0.124906233227879,-0.170331837659728,,,,,,,,,
0.124906233227879,-0.170331837659728,,,,,,,,,
0.0153421176640641,0.125355496118169,,,,,,,,,
0.0153421176640641,0.125355496118169,,,,,,,,,
