RobotX,RobotY,t_GoalX,t_GoalY,t_Informed,t_Rrep,t_Rori,t_Ratt,Var9,nAg,groups
-0.495446202512807,-0.177036770542636,0.0618888272539665,-0.138332971269852,0.5,0.01,0.12,0.15,V,8,4
-0.495446202512807,-0.177036770542636,,,,,,,,,
0.399410733693624,-0.117051144346823,,,,,,,,,
0.399410733693624,-0.117051144346823,,,,,,,,,
-0.117413286319036,0.105447155453516,,,,,,,,,
-0.117413286319036,0.105447155453516,,,,,,,,,
-0.476987373104269,0.132905075096839,,,,,,,,,
-0.476987373104269,0.132905075096839,,,,,,,,,
