RobotX,RobotY,t_GoalX,t_GoalY,t_Informed,t_Rrep,t_Rori,t_Ratt,Var9,nAg,groups
0.48606916014926,0.186004756526778,-0.0430429620412324,-0.133910967287969,0.5,0.01,0.12,0.15,V,8,4
0.48606916014926,0.186004756526778,,,,,,,,,
0.066622564934276,0.182651063838785,,,,,,,,,
0.066622564934276,0.182651063838785,,,,,,,,,
0.320752588890011,-0.105762308768436,,,,,,,,,
0.320752588890011,-0.105762308768436,,,,,,,,,
-0.481939592068399,-0.0389605839671111,,,,,,,,,
-0.481939592068399,-0.0389605839671111,,,,,,,,,
