RobotX,RobotY,t_GoalX,t_GoalY,t_Informed,t_Rrep,t_Rori,t_Ratt,Var9,nAg,groups
0.383085036828812,-0.102291618166058,0.0277306720096775,-0.122805790944465,0.5,0.01,0.12,0.15,V,8,4
0.383085036828812,-0.102291618166058,,,,,,,,,
-0.445335041910992,0.0191977666707228,,,,,,,,,
-0.445335041910992,0.0191977666707228,,,,,,,,,
-0.165834131919883,0.197108333559483,,,,,,,,,
-0.165834131919883,0.197108333559483,,,,,,,,,
0.22952510319883,0.176265977887209,,,,,,,,,
0.22952510319883,0.176265977887209,,,,,,,,,
