RobotX,RobotY,t_GoalX,t_GoalY,t_Informed,t_Rrep,t_Rori,t_Ratt,Var9,nAg,groups
-0.342349266730207,-0.148283228867251,-0.0301219284097841,-0.146278982284102,0.5,0.01,0.12,0.15,V,8,4
-0.342349266730207,-0.148283228867251,,,,,,,,,
0.487320378358849,0.0784725229989681,,,,,,,,,
0.487320378358849,0.0784725229989681,,,,,,,,,
-0.266160033429215,0.156827098229032,,,,,,,,,
-0.266160033429215,0.156827098229032,,,,,,,,,
0.273930860644922,-0.149436268289922,,,,,,,,,
0.273930860644922,-0.149436268289922,,,,,,,,,
