RobotX,RobotY,t_GoalX,t_GoalY,t_Informed,t_Rrep,t_Rori,t_Ratt,Var9,nAg,groups
0.367682601464381,0.154437694767242,0.314718432303501,-0.14973740133052,0.5,0.01,0.12,0.15,V,8,4
0.367682601464381,0.154437694767242,,,,,,,,,
0.000318547046124995,0.193831033437555,,,,,,,,,
0.000318547046124995,0.193831033437555,,,,,,,,,
-0.417312812715517,-0.174631788832864,,,,,,,,,
-0.417312812715517,-0.174631788832864,,,,,,,,,
-0.332573757404276,0.159504006822929,,,,,,,,,
-0.332573757404276,0.159504006822929,,,,,,,,,
