RobotX,RobotY,t_GoalX,t_GoalY,t_Informed,t_Rrep,t_Rori,t_Ratt,Var9,nAg,groups
0.457690826394557,-0.166275080057609,-0.0698233024515055,-0.135306791788521,0.5,0.01,0.12,0.15,V,8,4
0.457690826394557,-0.166275080057609,,,,,,,,,
0.274287597958302,0.18755970737182,,,,,,,,,
0.274287597958302,0.18755970737182,,,,,,,,,
-0.424369657472048,-0.134997317669396,,,,,,,,,
-0.424369657472048,-0.134997317669396,,,,,,,,,
-0.0551024658541646,0.164702629337882,,,,,,,,,
-0.0551024658541646,0.164702629337882,,,,,,,,,
