RobotX,RobotY,t_GoalX,t_GoalY,t_Informed,t_Rrep,t_Rori,t_Ratt,Var9,nAg,groups
-0.363643988433219,0.149759756630689,0.127844900728989,0.144824397176596,0.5,0.01,0.12,0.15,V,8,4
-0.363643988433219,0.149759756630689,,,,,,,,,
0.457502091854094,-0.0368753320934339,,,,,,,,,
0.457502091854094,-0.0368753320934339,,,,,,,,,
0.0228149424459047,-0.150576083888302,,,,,,,,,
0.0228149424459047,-0.150576083888302,,,,,,,,,
-0.320187531397632,-0.153378877503652,,,,,,,,,
-0.320187531397632,-0.153378877503652,,,,,,,,,
