RobotX,RobotY,t_GoalX,t_GoalY,t_Informed,t_Rrep,t_Rori,t_Ratt,Var9,nAg,groups
0.312297308831036,-0.166674904693556,-0.393726616546496,0.110264706639876,0.5,0.01,0.12,0.15,V,8,4
0.312297308831036,-0.166674904693556,,,,,,,,,
-0.246682512751806,-0.159606203492608,,,,,,,,,
-0.246682512751806,-0.159606203492608,,,,,,,,,
-0.0953851184286479,0.143694249220934,,,,,,,,,
-0.0953851184286479,0.143694249220934,,,,,,,,,
0.254884730040835,0.169516893083575,,,,,,,,,
0.254884730040835,0.169516893083575,,,,,,,,,
