RobotX,RobotY,t_GoalX,t_GoalY,t_Informed,t_Rrep,t_Rori,t_Ratt,Var9,nAg,groups
0.437128892695065,-0.150098759437738,0.0259909502061042,0.133035418663335,0.5,0.01,0.12,0.15,V,8,4
0.437128892695065,-0.150098759437738,,,,,,,,,
-0.0380736106041466,-0.1606481917859,,,,,,,,,
-0.0380736106041466,-0.1606481917859,,,,,,,,,
-0.497676582848863,-0.178347050827425,,,,,,,,,
-0.497676582848863,-0.178347050827425,,,,,,,,,
0.429970288947558,0.192389012828746,,,,,,,,,
0.429970288947558,0.192389012828746,,,,,,,,,
