RobotX,RobotY,t_GoalX,t_GoalY,t_Informed,t_Rrep,t_Rori,t_Ratt,Var9,nAg,groups
0.174252721253076,-0.0422668777925548,-0.214548568503058,-0.111078008104807,0.5,0.01,0.12,0.15,V,8,4
0.174252721253076,-0.0422668777925548,,,,,,,,,
-0.0801393927172193,0.169690864443608,,,,,,,,,
-0.0801393927172193,0.169690864443608,,,,,,,,,
-0.488104088867455,0.0777894604592629,,,,,,,,,
-0.488104088867455,0.0777894604592629,,,,,,,,,
0.499865910151883,-0.184327056710231,,,,,,,,,
0.499865910151883,-0.184327056710231,,,,,,,,,
