RobotX,RobotY,t_GoalX,t_GoalY,t_Informed,t_Rrep,t_Rori,t_Ratt,Var9,nAg,groups
-0.374460649996097,-0.142691565827609,0.341779155624786,0.132332466620312,0.5,0.01,0.12,0.15,V,8,4
-0.374460649996097,-0.142691565827609,,,,,,,,,
0.485498748706653,-0.167439268034326,,,,,,,,,
0.485498748706653,-0.167439268034326,,,,,,,,,
-0.408960768347985,0.160159163232901,,,,,,,,,
-0.408960768347985,0.160159163232901,,,,,,,,,
0.0709758739500717,-0.191214406291247,,,,,,,,,
0.0709758739500717,-0.191214406291247,,,,,,,,,
