RobotX,RobotY,t_GoalX,t_GoalY,t_Rrep,t_Rori,t_Ratt,Var8,nAg,groups
-0.243987793896533,0.143234023095486,0.0517284625425488,-0.0998805449998129,0.01,0.15,0.2,T2,4,2
-0.243987793896533,0.143234023095486,-0.133158770411511,-0.177957655458426,,,,,,
0.107041039241844,0.040310013552869,0.135153565915154,0.173157829824729,,,,,,
0.107041039241844,0.040310013552869,0.254697174577413,0.10794911576827,,,,,,
