RobotX,RobotY,t_GoalX,t_GoalY,t_Rrep,t_Rori,t_Ratt,Var8,nAg,groups
-0.0667877789492785,-0.178164925864475,-0.485889760815613,0.0094039934200362,0.01,0.15,0.2,T2,4,2
-0.0667877789492785,-0.178164925864475,-0.226481063967991,0.107486507081756,,,,,,
0.261142184877762,0.0539535361700025,-0.307122950923759,-0.192995607241361,,,,,,
0.261142184877762,0.0539535361700025,-0.386669444577837,0.0346503713540937,,,,,,
