RobotX,RobotY,t_GoalX,t_GoalY,t_Rrep,t_Rori,t_Ratt,Var8,nAg,groups
-0.467156395279935,-0.0759994884884443,-0.283779399026061,-0.136645644397289,0.01,0.15,0.2,T2,4,2
-0.467156395279935,-0.0759994884884443,-0.438964692070173,0.0426001055450902,,,,,,
0.320375507288002,-0.00025179734384087,-0.242393473279352,0.168720504769721,,,,,,
0.320375507288002,-0.00025179734384087,-0.156456320405566,-0.0504781024266599,,,,,,
