RobotX,RobotY,t_GoalX,t_GoalY,t_Rrep,t_Rori,t_Ratt,Var8,nAg,groups
0.407497547850417,-0.167501684635749,0.11529017519217,0.141218620064646,0.01,0.15,0.2,T2,4,2
0.407497547850417,-0.167501684635749,-0.249975129046106,-0.113071197166973,,,,,,
-0.111422871096674,0.0810069755151676,-0.322696541158666,0.0482764501161466,,,,,,
-0.111422871096674,0.0810069755151676,0.0561012546488228,-0.166157655073191,,,,,,
