RobotX,RobotY,t_GoalX,t_GoalY,t_Rrep,t_Rori,t_Ratt,Var8,nAg,groups
0.298942077010739,-0.073496305640637,0.402194244661847,-0.0326353066273177,0.01,0.15,0.2,T2,4,2
0.298942077010739,-0.073496305640637,0.233214752660706,0.0765826376075386,,,,,,
-0.450160975305653,0.0398149774846933,0.317331216721881,0.198725448413292,,,,,,
-0.450160975305653,0.0398149774846933,-0.159879730042112,-0.0892370781726299,,,,,,
