RobotX,RobotY,t_GoalX,t_GoalY,t_Rrep,t_Rori,t_Ratt,Var8,nAg,groups
-0.492700976806972,-0.000480598044571845,-0.151387773128588,-0.0409741763188176,0.01,0.15,0.2,T2,4,2
-0.492700976806972,-0.000480598044571845,0.452407748362252,0.0629935124546455,,,,,,
-0.334644456113368,-0.19307718014777,-0.278452612916181,-0.0408202400572748,,,,,,
-0.334644456113368,-0.19307718014777,0.122546897007543,-0.18322576896982,,,,,,
