RobotX,RobotY,t_GoalX,t_GoalY,t_Rrep,t_Rori,t_Ratt,Var8,nAg,groups
0.300628516995864,-0.105515588418428,0.154707006731543,-0.16546583807804,0.01,0.15,0.2,T2,4,2
0.300628516995864,-0.105515588418428,0.261657774427607,0.162432401696306,,,,,,
-0.229117990882759,0.191378365261081,-0.427493070435259,-0.152322064706049,,,,,,
-0.229117990882759,0.191378365261081,0.481554260848334,0.0683962696415372,,,,,,
