RobotX,RobotY,t_GoalX,t_GoalY,t_Rrep,t_Rori,t_Ratt,Var8,nAg,groups
-0.304799387310745,0.143933510433892,0.0673388694443477,-0.121149160917781,0.01,0.12,0.15,M,8,8
0.270184525249813,-0.168935866650115,,,,,,,,
0.0902448755602708,0.0646678065171022,,,,,,,,
-0.0141952575212617,0.0544697965616773,,,,,,,,
-0.435348486483451,0.0964757458359656,,,,,,,,
-0.228603478100931,0.00257369649292266,,,,,,,,
0.423754733986092,0.15531513626971,,,,,,,,
-0.206646562191407,-0.0958984127150496,,,,,,,,
