RobotX,RobotY,t_GoalX,t_GoalY,t_Rrep,t_Rori,t_Ratt,Var8,nAg,groups
0.035195860754563,0.148477724323831,0.130708458982034,0.0173972193233548,0.01,0.12,0.15,M,8,8
-0.346748006487227,-0.0161804377428744,,,,,,,,
0.264466285976385,-0.117775229898912,,,,,,,,
0.19131487808466,0.175241210978254,,,,,,,,
-0.469057260123784,0.0563303167887053,,,,,,,,
0.338395154646897,0.19126831179083,,,,,,,,
0.0878658253689703,-0.176808309157971,,,,,,,,
-0.0406044471284599,-0.0312543603586392,,,,,,,,
