RobotX,RobotY,t_GoalX,t_GoalY,t_Rrep,t_Rori,t_Ratt,Var8,nAg,groups
0.0182580462069295,-0.025759478280387,-0.148852337150309,-0.0359021744226554,0.01,0.12,0.15,M,8,8
0.302549835173828,0.0864131983083974,,,,,,,,
0.408755682331547,0.127682855855585,,,,,,,,
-0.397543128510604,-0.00504612688899253,,,,,,,,
0.491758118749014,-0.0485006525180589,,,,,,,,
0.408053324519794,-0.136799300659119,,,,,,,,
0.137750079964455,-0.114051793855035,,,,,,,,
-0.32502068142146,-0.0767116808815251,,,,,,,,
