RobotX,RobotY,t_GoalX,t_GoalY,t_Rrep,t_Rori,t_Ratt,Var8,nAg,groups
0.064236354695056,-0.128322805559499,-0.227006764163081,-0.0245336006406111,0.01,0.12,0.15,M,8,8
0.236398319555065,0.0289117260874389,,,,,,,,
-0.118954142567384,0.131349341003562,,,,,,,,
0.241698508163679,0.15220085473919,,,,,,,,
-0.0641846823938674,-0.183053746545313,,,,,,,,
-0.370357966225486,0.0654653843261602,,,,,,,,
-0.448936496386841,-0.0651871477144847,,,,,,,,
-0.304326107344476,0.173488161666655,,,,,,,,
