RobotX,RobotY,t_GoalX,t_GoalY,t_Rrep,t_Rori,t_Ratt,Var8,nAg,groups
0.363402628147787,0.00963299615901109,-0.141899407168378,-0.0427225954554126,0.01,0.12,0.15,M,8,2
0.363402628147787,0.00963299615901109,0.043378359842789,-0.0161173600955974,,,,,,
0.363402628147787,0.00963299615901109,0.0410758241541493,0.175414928796055,,,,,,
0.363402628147787,0.00963299615901109,-0.0516842391453065,-0.148055207475809,,,,,,
0.328522495320632,0.159475484563331,,,,,,,,
0.328522495320632,0.159475484563331,,,,,,,,
0.328522495320632,0.159475484563331,,,,,,,,
0.328522495320632,0.159475484563331,,,,,,,,
