RobotX,RobotY,t_GoalX,t_GoalY,t_Rrep,t_Rori,t_Ratt,Var8,nAg,groups
0.0159062031771969,-0.044498401447681,0.463053660577497,-0.160378359384789,0.01,0.12,0.15,M,8,2
0.0159062031771969,-0.044498401447681,0.277383430562641,-0.00057826581866971,,,,,,
0.0159062031771969,-0.044498401447681,0.157367757545148,0.100894905422206,,,,,,
0.0159062031771969,-0.044498401447681,-0.313295913932221,0.0660395092946782,,,,,,
0.208100871712616,0.192685997060278,,,,,,,,
0.208100871712616,0.192685997060278,,,,,,,,
0.208100871712616,0.192685997060278,,,,,,,,
0.208100871712616,0.192685997060278,,,,,,,,
