RobotX,RobotY,t_GoalX,t_GoalY,t_Rrep,t_Rori,t_Ratt,Var8,nAg,groups
-0.374885795662622,-0.012678358688613,0.0732425687322313,-0.0717943290438459,0.01,0.12,0.15,M,8,2
-0.374885795662622,-0.012678358688613,0.485827870618377,0.0824381123566554,,,,,,
-0.374885795662622,-0.012678358688613,-0.36208158297973,0.192965535442844,,,,,,
-0.374885795662622,-0.012678358688613,0.225932395806745,0.0631120005270948,,,,,,
-0.295578310014683,-0.193866189781131,,,,,,,,
-0.295578310014683,-0.193866189781131,,,,,,,,
-0.295578310014683,-0.193866189781131,,,,,,,,
-0.295578310014683,-0.193866189781131,,,,,,,,
