RobotX,RobotY,t_GoalX,t_GoalY,t_Rrep,t_Rori,t_Ratt,Var8,nAg,groups
-0.482864424505554,0.09607142359156,-0.309360262128547,-0.117323419133893,0.01,0.12,0.15,M,8,2
-0.482864424505554,0.09607142359156,-0.244001069955867,-0.00180195195246385,,,,,,
-0.482864424505554,0.09607142359156,-0.135821345956756,0.0718467666449553,,,,,,
-0.482864424505554,0.09607142359156,0.00610499170717593,0.0100641672987851,,,,,,
0.242265146773999,0.112279640589774,,,,,,,,
0.242265146773999,0.112279640589774,,,,,,,,
0.242265146773999,0.112279640589774,,,,,,,,
0.242265146773999,0.112279640589774,,,,,,,,
