RobotX,RobotY,t_GoalX,t_GoalY,t_Rrep,t_Rori,t_Ratt,Var8,nAg,groups
0.496561465189069,0.135279650459155,0.298494731521851,-0.0137061529185542,0.01,0.12,0.15,M,8,2
0.496561465189069,0.135279650459155,-0.485470879573901,-0.163742440298373,,,,,,
0.496561465189069,0.135279650459155,0.473953893014327,0.0254326919650881,,,,,,
0.496561465189069,0.135279650459155,-0.240843236893137,-0.0897629114152343,,,,,,
-0.116360421691113,0.045375462360736,,,,,,,,
-0.116360421691113,0.045375462360736,,,,,,,,
-0.116360421691113,0.045375462360736,,,,,,,,
-0.116360421691113,0.045375462360736,,,,,,,,
