RobotX,RobotY,t_GoalX,t_GoalY,t_Rrep,t_Rori,t_Ratt,Var8,nAg,groups
0.203491347530934,0.0913162676341056,0.20618625297552,-0.193199049350648,0.01,0.12,0.15,M,8,2
0.203491347530934,0.0913162676341056,-0.247603859381136,0.136075693486266,,,,,,
0.203491347530934,0.0913162676341056,0.0793034981262162,0.186772159341706,,,,,,
0.203491347530934,0.0913162676341056,-0.209366241929968,-0.0920872818405519,,,,,,
0.170154458261559,-0.0404472414233291,,,,,,,,
0.170154458261559,-0.0404472414233291,,,,,,,,
0.170154458261559,-0.0404472414233291,,,,,,,,
0.170154458261559,-0.0404472414233291,,,,,,,,
