RobotX,RobotY,t_GoalX,t_GoalY,t_Rrep,t_Rori,t_Ratt,Var8,nAg,groups
-0.0904290563799452,-0.0525869892809182,-0.210102196437849,-0.139190093844993,0.01,0.12,0.15,M,8,2
-0.0904290563799452,-0.0525869892809182,-0.290316908441442,0.0998465669547328,,,,,,
-0.0904290563799452,-0.0525869892809182,0.061621606799577,-0.168765971224648,,,,,,
-0.0904290563799452,-0.0525869892809182,0.0846615692226304,0.106543392948825,,,,,,
-0.0171121361571781,0.074677105390017,,,,,,,,
-0.0171121361571781,0.074677105390017,,,,,,,,
-0.0171121361571781,0.074677105390017,,,,,,,,
-0.0171121361571781,0.074677105390017,,,,,,,,
