RobotX,RobotY,t_GoalX,t_GoalY,t_Informed,t_Rrep,t_Rori,t_Ratt,Var9,nAg,groups
0.13778603361561,0.188682743217489,-0.139531625980715,-0.0247911303864207,0.5,0.01,0.12,0.15,M,8,3
0.13778603361561,0.188682743217489,,,,,,,,,
0.13778603361561,0.188682743217489,,,,,,,,,
-0.418745547601964,0.171229241407873,,,,,,,,,
-0.418745547601964,0.171229241407873,,,,,,,,,
-0.418745547601964,0.171229241407873,,,,,,,,,
0.292876775934688,-0.163195628934506,,,,,,,,,
0.292876775934688,-0.163195628934506,,,,,,,,,
