RobotX,RobotY,t_GoalX,t_GoalY,t_Informed,t_Rrep,t_Rori,t_Ratt,Var9,nAg,groups
-0.0553735661250007,-0.170950714923771,0.333061006675418,-0.0551455243004543,0.5,0.01,0.12,0.15,M,8,3
-0.0553735661250007,-0.170950714923771,,,,,,,,,
-0.0553735661250007,-0.170950714923771,,,,,,,,,
-0.267948782563077,0.167665128382189,,,,,,,,,
-0.267948782563077,0.167665128382189,,,,,,,,,
-0.267948782563077,0.167665128382189,,,,,,,,,
0.0533188285588968,0.119874065901472,,,,,,,,,
0.0533188285588968,0.119874065901472,,,,,,,,,
