RobotX,RobotY,t_GoalX,t_GoalY,t_Informed,t_Rrep,t_Rori,t_Ratt,Var9,nAg,groups
0.265843170605478,0.161895015162738,-0.245167701516268,0.112143791944105,0.5,0.01,0.12,0.15,M,8,3
0.265843170605478,0.161895015162738,,,,,,,,,
0.265843170605478,0.161895015162738,,,,,,,,,
-0.428676776787739,-0.174139379016574,,,,,,,,,
-0.428676776787739,-0.174139379016574,,,,,,,,,
-0.428676776787739,-0.174139379016574,,,,,,,,,
0.0222786562722678,-0.0829233586449222,,,,,,,,,
0.0222786562722678,-0.0829233586449222,,,,,,,,,
