RobotX,RobotY,t_GoalX,t_GoalY,t_Informed,t_Rrep,t_Rori,t_Ratt,Var9,nAg,groups
-0.0428052096682753,-0.102465045246457,-0.294898598409932,0.128190084708605,0.5,0.01,0.12,0.15,M,8,3
-0.0428052096682753,-0.102465045246457,,,,,,,,,
-0.0428052096682753,-0.102465045246457,,,,,,,,,
0.458339815258088,0.173011780252565,,,,,,,,,
0.458339815258088,0.173011780252565,,,,,,,,,
0.458339815258088,0.173011780252565,,,,,,,,,
-0.41891783829022,-0.199010520731213,,,,,,,,,
-0.41891783829022,-0.199010520731213,,,,,,,,,
