RobotX,RobotY,t_GoalX,t_GoalY,t_Informed,t_Rrep,t_Rori,t_Ratt,Var9,nAg,groups
0.239802757831124,0.196157279738278,0.0562473645522473,-0.0784288000512488,0.5,0.01,0.12,0.15,M,8,3
0.239802757831124,0.196157279738278,,,,,,,,,
0.239802757831124,0.196157279738278,,,,,,,,,
-0.329946168229695,-0.104056864744066,,,,,,,,,
-0.329946168229695,-0.104056864744066,,,,,,,,,
-0.329946168229695,-0.104056864744066,,,,,,,,,
0.428609767319784,-0.0713394871604286,,,,,,,,,
0.428609767319784,-0.0713394871604286,,,,,,,,,
