RobotX,RobotY,t_GoalX,t_GoalY,t_Informed,t_Rrep,t_Rori,t_Ratt,Var9,nAg,groups
-0.281468650869988,-0.183458070925028,0.339341399389353,0.113169587935419,0.5,0.01,0.12,0.15,M,8,3
-0.281468650869988,-0.183458070925028,,,,,,,,,
-0.281468650869988,-0.183458070925028,,,,,,,,,
-0.461220129789952,0.0643849500281556,,,,,,,,,
-0.461220129789952,0.0643849500281556,,,,,,,,,
-0.461220129789952,0.0643849500281556,,,,,,,,,
0.0294664256356775,-0.0911271435762923,,,,,,,,,
0.0294664256356775,-0.0911271435762923,,,,,,,,,
