RobotX,RobotY,t_GoalX,t_GoalY,t_Informed,t_Rrep,t_Rori,t_Ratt,Var9,nAg,groups
0.362589891713687,-0.113552268769535,-0.0763063529893942,0.0920284658267707,0.5,0.01,0.12,0.15,M,8,3
0.362589891713687,-0.113552268769535,,,,,,,,,
0.362589891713687,-0.113552268769535,,,,,,,,,
-0.418295276299137,-0.077555854017272,,,,,,,,,
-0.418295276299137,-0.077555854017272,,,,,,,,,
-0.418295276299137,-0.077555854017272,,,,,,,,,
0.222439645240426,0.153216897785127,,,,,,,,,
0.222439645240426,0.153216897785127,,,,,,,,,
