RobotX,RobotY,t_GoalX,t_GoalY,t_Informed,t_Rrep,t_Rori,t_Ratt,Var9,nAg,groups
-0.144544024164851,0.115056176236398,0.191798904904135,-0.116550879932109,0.5,0.01,0.12,0.15,M,8,3
-0.144544024164851,0.115056176236398,,,,,,,,,
-0.144544024164851,0.115056176236398,,,,,,,,,
0.498891699632109,-0.155525839274405,,,,,,,,,
0.498891699632109,-0.155525839274405,,,,,,,,,
0.498891699632109,-0.155525839274405,,,,,,,,,
0.275378121090942,0.195621273901009,,,,,,,,,
0.275378121090942,0.195621273901009,,,,,,,,,
