RobotX,RobotY,t_GoalX,t_GoalY,t_Informed,t_Rrep,t_Rori,t_Ratt,Var9,nAg,groups
0.0726039513555287,-0.186103141644525,0.32095541528907,0.0157706427228662,0.5,0.01,0.12,0.15,M,8,3
0.0726039513555287,-0.186103141644525,,,,,,,,,
0.0726039513555287,-0.186103141644525,,,,,,,,,
-0.471222137807014,-0.191515392702941,,,,,,,,,
-0.471222137807014,-0.191515392702941,,,,,,,,,
-0.471222137807014,-0.191515392702941,,,,,,,,,
-0.192876161957455,0.0750710829344038,,,,,,,,,
-0.192876161957455,0.0750710829344038,,,,,,,,,
