RobotX,RobotY,t_GoalX,t_GoalY,t_Informed,t_Rrep,t_Rori,t_Ratt,Var9,nAg,groups
0.455797865522121,0.0431722776918302,-0.30400763483436,0.1242163075908,0.5,0.01,0.12,0.15,M,8,3
0.455797865522121,0.0431722776918302,,,,,,,,,
0.455797865522121,0.0431722776918302,,,,,,,,,
-0.15680636736445,-0.156594865884502,,,,,,,,,
-0.15680636736445,-0.156594865884502,,,,,,,,,
-0.15680636736445,-0.156594865884502,,,,,,,,,
0.145193310456455,0.00739035032900265,,,,,,,,,
0.145193310456455,0.00739035032900265,,,,,,,,,
