RobotX,RobotY,t_GoalX,t_GoalY,t_Informed,t_Rrep,t_Rori,t_Ratt,Var9,nAg,groups
-0.0940019307021124,0.0967957562754788,0.312793867826749,0.0280040365054445,0.5,0.01,0.12,0.15,M,8,3
-0.0940019307021124,0.0967957562754788,,,,,,,,,
-0.0940019307021124,0.0967957562754788,,,,,,,,,
0.0855606110978476,-0.178099461887339,,,,,,,,,
0.0855606110978476,-0.178099461887339,,,,,,,,,
0.0855606110978476,-0.178099461887339,,,,,,,,,
-0.286780429502137,-0.167478185607342,,,,,,,,,
-0.286780429502137,-0.167478185607342,,,,,,,,,
