RobotX,RobotY,t_GoalX,t_GoalY,t_Informed,t_Rrep,t_Rori,t_Ratt,Var9,nAg,groups
0.230405371154905,0.175574589870644,-0.295284795949007,0.076793921523386,0.5,0.01,0.12,0.15,M,8,3
0.230405371154905,0.175574589870644,,,,,,,,,
0.230405371154905,0.175574589870644,,,,,,,,,
-0.14275697341559,-0.192670925143988,,,,,,,,,
-0.14275697341559,-0.192670925143988,,,,,,,,,
-0.14275697341559,-0.192670925143988,,,,,,,,,
0.487292007161621,-0.164981327407743,,,,,,,,,
0.487292007161621,-0.164981327407743,,,,,,,,,
