RobotX,RobotY,t_GoalX,t_GoalY,t_Informed,t_Rrep,t_Rori,t_Ratt,Var9,nAg,groups
-0.117311358683248,-0.18689545116914,-0.364215927225139,0.0321089272609242,0.5,0.01,0.12,0.15,M,8,3
-0.117311358683248,-0.18689545116914,,,,,,,,,
-0.117311358683248,-0.18689545116914,,,,,,,,,
0.490384664568566,0.17378322279903,,,,,,,,,
0.490384664568566,0.17378322279903,,,,,,,,,
0.490384664568566,0.17378322279903,,,,,,,,,
0.23559173127365,-0.105886893239262,,,,,,,,,
0.23559173127365,-0.105886893239262,,,,,,,,,
