RobotX,RobotY,t_GoalX,t_GoalY,t_Informed,t_Rrep,t_Rori,t_Ratt,Var9,nAg,groups
0.435929253030933,0.165633437543584,-0.370503918228281,-0.0810796692201742,0.5,0.01,0.12,0.15,M,8,3
0.435929253030933,0.165633437543584,,,,,,,,,
0.435929253030933,0.165633437543584,,,,,,,,,
-0.0709006493753697,-0.103799659907231,,,,,,,,,
-0.0709006493753697,-0.103799659907231,,,,,,,,,
-0.0709006493753697,-0.103799659907231,,,,,,,,,
0.28754636156776,-0.182663502486283,,,,,,,,,
0.28754636156776,-0.182663502486283,,,,,,,,,
