RobotX,RobotY,t_GoalX,t_GoalY,t_Informed,t_Rrep,t_Rori,t_Ratt,Var9,nAg,groups
0.325815611302617,0.149310447026673,0.0363920120797939,-0.129459786838289,0.5,0.01,0.12,0.15,M,8,3
0.325815611302617,0.149310447026673,,,,,,,,,
0.325815611302617,0.149310447026673,,,,,,,,,
-0.314120488090277,-0.178587218697683,,,,,,,,,
-0.314120488090277,-0.178587218697683,,,,,,,,,
-0.314120488090277,-0.178587218697683,,,,,,,,,
-0.291178461240101,0.150554924433449,,,,,,,,,
-0.291178461240101,0.150554924433449,,,,,,,,,
