RobotX,RobotY,t_GoalX,t_GoalY,t_Informed,t_Rrep,t_Rori,t_Ratt,Var9,nAg,groups
0.484758851909394,-0.176260856856316,0.169448785227802,-0.0427304626638452,0.5,0.01,0.12,0.15,M,8,3
0.484758851909394,-0.176260856856316,,,,,,,,,
0.484758851909394,-0.176260856856316,,,,,,,,,
-0.387925704006417,-0.105851431216269,,,,,,,,,
-0.387925704006417,-0.105851431216269,,,,,,,,,
-0.387925704006417,-0.105851431216269,,,,,,,,,
0.40775205446102,0.18336046746928,,,,,,,,,
0.40775205446102,0.18336046746928,,,,,,,,,
