RobotX,RobotY,t_GoalX,t_GoalY,t_Informed,t_Rrep,t_Rori,t_Ratt,Var9,nAg,groups
0.0215641901537728,0.061784103163226,-0.389544762999844,-0.144309729625626,0.5,0.01,0.12,0.15,M,8,3
0.0215641901537728,0.061784103163226,,,,,,,,,
0.0215641901537728,0.061784103163226,,,,,,,,,
0.19267671278301,-0.1946187699982,,,,,,,,,
0.19267671278301,-0.1946187699982,,,,,,,,,
0.19267671278301,-0.1946187699982,,,,,,,,,
0.363671859928267,0.100546296925693,,,,,,,,,
0.363671859928267,0.100546296925693,,,,,,,,,
