RobotX,RobotY,t_GoalX,t_GoalY,t_Informed,t_Rrep,t_Rori,t_Ratt,Var9,nAg,groups
0.0690506236139414,0.141402749548144,0.376172812634897,-0.122704345935515,0.5,0.01,0.12,0.15,M,8,3
0.0690506236139414,0.141402749548144,,,,,,,,,
0.0690506236139414,0.141402749548144,,,,,,,,,
0.0269426072569368,-0.193015536122953,,,,,,,,,
0.0269426072569368,-0.193015536122953,,,,,,,,,
0.0269426072569368,-0.193015536122953,,,,,,,,,
-0.332428482070811,0.0260489456312286,,,,,,,,,
-0.332428482070811,0.0260489456312286,,,,,,,,,
