RobotX,RobotY,t_GoalX,t_GoalY,t_Informed,t_Rrep,t_Rori,t_Ratt,Var9,nAg,groups
-0.455819904409924,-0.0448820083827369,0.367277084659248,-0.00383616996531222,0.5,0.01,0.12,0.15,M,8,3
-0.455819904409924,-0.0448820083827369,,,,,,,,,
-0.455819904409924,-0.0448820083827369,,,,,,,,,
-0.120957170279957,-0.175223417143192,,,,,,,,,
-0.120957170279957,-0.175223417143192,,,,,,,,,
-0.120957170279957,-0.175223417143192,,,,,,,,,
-0.222842088347506,0.179013674678456,,,,,,,,,
-0.222842088347506,0.179013674678456,,,,,,,,,
