RobotX,RobotY,t_GoalX,t_GoalY,t_Informed,t_Rrep,t_Rori,t_Ratt,Var9,nAg,groups
0.359619198405299,-0.100756366120785,-0.28924787967535,0.00968001269818011,0.5,0.01,0.12,0.15,M,8,3
0.359619198405299,-0.100756366120785,,,,,,,,,
0.359619198405299,-0.100756366120785,,,,,,,,,
0.239955448673723,0.183069600302793,,,,,,,,,
0.239955448673723,0.183069600302793,,,,,,,,,
0.239955448673723,0.183069600302793,,,,,,,,,
0.0145957884720127,-0.105126816918061,,,,,,,,,
0.0145957884720127,-0.105126816918061,,,,,,,,,
