RobotX,RobotY,t_GoalX,t_GoalY,t_Informed,t_Rrep,t_Rori,t_Ratt,Var9,nAg,groups
-0.13179427360458,-0.172705659909693,-0.119053857956448,0.12898024535123,0.5,0.01,0.12,0.15,M,8,3
-0.13179427360458,-0.172705659909693,,,,,,,,,
-0.13179427360458,-0.172705659909693,,,,,,,,,
-0.493675208003449,-0.0732862652506972,,,,,,,,,
-0.493675208003449,-0.0732862652506972,,,,,,,,,
-0.493675208003449,-0.0732862652506972,,,,,,,,,
0.245211135922316,0.184273629232001,,,,,,,,,
0.245211135922316,0.184273629232001,,,,,,,,,
