RobotX,RobotY,t_GoalX,t_GoalY,t_Informed,t_Rrep,t_Rori,t_Ratt,Var9,nAg,groups
0.375951276734892,-0.020527441895506,0.0112184353147039,-0.136146214398908,0.5,0.01,0.12,0.15,M,8,3
0.375951276734892,-0.020527441895506,,,,,,,,,
0.375951276734892,-0.020527441895506,,,,,,,,,
-0.13070382948129,0.154764656611644,,,,,,,,,
-0.13070382948129,0.154764656611644,,,,,,,,,
-0.13070382948129,0.154764656611644,,,,,,,,,
-0.364473676547433,-0.0787655294424426,,,,,,,,,
-0.364473676547433,-0.0787655294424426,,,,,,,,,
