RobotX,RobotY,t_GoalX,t_GoalY,t_Informed,t_Rrep,t_Rori,t_Ratt,Var9,nAg,groups
0.213709007072761,-0.13656872450497,-0.0601310975078667,0.0924702809834922,0.5,0.01,0.12,0.15,M,8,3
0.213709007072761,-0.13656872450497,,,,,,,,,
0.213709007072761,-0.13656872450497,,,,,,,,,
-0.380075646793128,0.012320229855115,,,,,,,,,
-0.380075646793128,0.012320229855115,,,,,,,,,
-0.380075646793128,0.012320229855115,,,,,,,,,
0.479912353096475,0.113783490160641,,,,,,,,,
0.479912353096475,0.113783490160641,,,,,,,,,
