RobotX,RobotY,t_GoalX,t_GoalY,t_Informed,t_Rrep,t_Rori,t_Ratt,Var9,nAg,groups
-0.487212013309071,-0.0139104627169513,-0.203981351299326,-0.115822032036773,0.5,0.01,0.12,0.15,M,8,3
-0.487212013309071,-0.0139104627169513,,,,,,,,,
-0.487212013309071,-0.0139104627169513,,,,,,,,,
0.461555690270308,-0.02704098959864,,,,,,,,,
0.461555690270308,-0.02704098959864,,,,,,,,,
0.461555690270308,-0.02704098959864,,,,,,,,,
0.195565745993168,-0.174469939954283,,,,,,,,,
0.195565745993168,-0.174469939954283,,,,,,,,,
