RobotX,RobotY,t_GoalX,t_GoalY,t_Informed,t_Rrep,t_Rori,t_Ratt,Var9,nAg,groups
0.357708328133119,-0.0956117689742838,-0.38366552554021,0.0798370359723117,0.5,0.01,0.12,0.15,M,8,3
0.357708328133119,-0.0956117689742838,,,,,,,,,
0.357708328133119,-0.0956117689742838,,,,,,,,,
-0.0650772886885653,-0.13056420442473,,,,,,,,,
-0.0650772886885653,-0.13056420442473,,,,,,,,,
-0.0650772886885653,-0.13056420442473,,,,,,,,,
0.0735755558093472,0.148816027325089,,,,,,,,,
0.0735755558093472,0.148816027325089,,,,,,,,,
