RobotX,RobotY,t_GoalX,t_GoalY,t_Informed,t_Rrep,t_Rori,t_Ratt,Var9,nAg,groups
-0.408716160202236,0.0492015285504794,-0.0975876535288373,-0.113589436787325,0.5,0.01,0.12,0.15,M,8,3
-0.408716160202236,0.0492015285504794,,,,,,,,,
-0.408716160202236,0.0492015285504794,,,,,,,,,
0.363575145317308,0.181231798706745,,,,,,,,,
0.363575145317308,0.181231798706745,,,,,,,,,
0.363575145317308,0.181231798706745,,,,,,,,,
0.0619218096253088,0.193987980259416,,,,,,,,,
0.0619218096253088,0.193987980259416,,,,,,,,,
