RobotX,RobotY,t_GoalX,t_GoalY,t_Informed,t_Rrep,t_Rori,t_Ratt,Var9,nAg,groups
-0.214581240012521,0.0970222966512816,0.101707615922427,-0.0401195113830549,0.5,0.01,0.12,0.15,M,8,3
-0.214581240012521,0.0970222966512816,,,,,,,,,
-0.214581240012521,0.0970222966512816,,,,,,,,,
-0.402594643515876,-0.180566567497197,,,,,,,,,
-0.402594643515876,-0.180566567497197,,,,,,,,,
-0.402594643515876,-0.180566567497197,,,,,,,,,
0.397266897125787,-0.123186791573572,,,,,,,,,
0.397266897125787,-0.123186791573572,,,,,,,,,
