RobotX,RobotY,t_GoalX,t_GoalY,t_Informed,t_Rrep,t_Rori,t_Ratt,Var9,nAg,groups
0.47192354728842,-0.0611265777163227,0.161297408869333,0.0212775149054548,0.5,0.01,0.12,0.15,M,8,3
0.47192354728842,-0.0611265777163227,,,,,,,,,
0.47192354728842,-0.0611265777163227,,,,,,,,,
-0.134954725278192,0.150003445669201,,,,,,,,,
-0.134954725278192,0.150003445669201,,,,,,,,,
-0.134954725278192,0.150003445669201,,,,,,,,,
-0.213022600416787,-0.143295409772818,,,,,,,,,
-0.213022600416787,-0.143295409772818,,,,,,,,,
