RobotX,RobotY,t_GoalX,t_GoalY,t_Informed,t_Rrep,t_Rori,t_Ratt,Var9,nAg,groups
0.462722670590136,-0.172917749331693,0.368562268356357,0.144875929645019,0.5,0.01,0.12,0.15,M,8,3
0.462722670590136,-0.172917749331693,,,,,,,,,
0.462722670590136,-0.172917749331693,,,,,,,,,
0.1059231644757,-0.172178910700612,,,,,,,,,
0.1059231644757,-0.172178910700612,,,,,,,,,
0.1059231644757,-0.172178910700612,,,,,,,,,
-0.468489616904277,0.0339532901420979,,,,,,,,,
-0.468489616904277,0.0339532901420979,,,,,,,,,
