RobotX,RobotY,t_GoalX,t_GoalY,t_Informed,t_Rrep,t_Rori,t_Ratt,Var9,nAg,groups
0.390703251206221,0.0957047387777478,-0.165763174723701,-0.121446625514367,0.5,0.01,0.12,0.15,M,8,3
0.390703251206221,0.0957047387777478,,,,,,,,,
0.390703251206221,0.0957047387777478,,,,,,,,,
-0.496462261249791,0.114294389894509,,,,,,,,,
-0.496462261249791,0.114294389894509,,,,,,,,,
-0.496462261249791,0.114294389894509,,,,,,,,,
0.145251786336231,-0.189528708134757,,,,,,,,,
0.145251786336231,-0.189528708134757,,,,,,,,,
