RobotX,RobotY,t_GoalX,t_GoalY,t_Informed,t_Rrep,t_Rori,t_Ratt,Var9,nAg,groups
-0.484305755172575,0.0519415787058214,-0.0360301803142537,-0.12253888735769,0.5,0.01,0.12,0.15,M,8,3
-0.484305755172575,0.0519415787058214,,,,,,,,,
-0.484305755172575,0.0519415787058214,,,,,,,,,
-0.0555087652544453,0.198596124041132,,,,,,,,,
-0.0555087652544453,0.198596124041132,,,,,,,,,
-0.0555087652544453,0.198596124041132,,,,,,,,,
0.352400882701476,0.0858297020184156,,,,,,,,,
0.352400882701476,0.0858297020184156,,,,,,,,,
