RobotX,RobotY,t_GoalX,t_GoalY,t_Informed,t_Rrep,t_Rori,t_Ratt,Var9,nAg,groups
-0.359235919105727,-0.164248416853334,-0.154369843041163,0.0879693024228067,0.5,0.01,0.12,0.15,M,8,3
-0.359235919105727,-0.164248416853334,,,,,,,,,
-0.359235919105727,-0.164248416853334,,,,,,,,,
0.352042046722596,-0.198337645484452,,,,,,,,,
0.352042046722596,-0.198337645484452,,,,,,,,,
0.352042046722596,-0.198337645484452,,,,,,,,,
0.414998047641193,0.174049606086276,,,,,,,,,
0.414998047641193,0.174049606086276,,,,,,,,,
