RobotX,RobotY,t_GoalX,t_GoalY,t_Informed,t_Rrep,t_Rori,t_Ratt,Var9,nAg,groups
-0.055907726181526,0.181201407277747,0.255988289307596,-0.123417010308113,0.5,0.01,0.12,0.15,M,8,3
-0.055907726181526,0.181201407277747,,,,,,,,,
-0.055907726181526,0.181201407277747,,,,,,,,,
0.309930891356858,0.187246691322437,,,,,,,,,
0.309930891356858,0.187246691322437,,,,,,,,,
0.309930891356858,0.187246691322437,,,,,,,,,
-0.2350696876545,-0.0741764872397206,,,,,,,,,
-0.2350696876545,-0.0741764872397206,,,,,,,,,
