RobotX,RobotY,t_GoalX,t_GoalY,t_Informed,t_Rrep,t_Rori,t_Ratt,Var9,nAg,groups
-0.390914522607556,-0.187083001591421,0.109996697974935,-0.122507114909766,0.5,0.01,0.12,0.15,M,8,3
-0.390914522607556,-0.187083001591421,,,,,,,,,
-0.390914522607556,-0.187083001591421,,,,,,,,,
0.466680926059086,-0.0289306347427241,,,,,,,,,
0.466680926059086,-0.0289306347427241,,,,,,,,,
0.466680926059086,-0.0289306347427241,,,,,,,,,
-0.205376664110764,0.0618885783968347,,,,,,,,,
-0.205376664110764,0.0618885783968347,,,,,,,,,
