RobotX,RobotY,t_GoalX,t_GoalY,t_Informed,t_Rrep,t_Rori,t_Ratt,Var9,nAg,groups
-0.338295966787789,-0.127548625640677,-0.0334512013411978,-0.0894782417740755,0.5,0.01,0.12,0.15,M,8,3
-0.338295966787789,-0.127548625640677,,,,,,,,,
-0.338295966787789,-0.127548625640677,,,,,,,,,
0.259170549017904,0.118475735380448,,,,,,,,,
0.259170549017904,0.118475735380448,,,,,,,,,
0.259170549017904,0.118475735380448,,,,,,,,,
0.437079212857473,-0.155535274773782,,,,,,,,,
0.437079212857473,-0.155535274773782,,,,,,,,,
