RobotX,RobotY,t_GoalX,t_GoalY,t_Informed,t_Rrep,t_Rori,t_Ratt,Var9,nAg,groups
0.412514286423982,-0.17660756047314,-0.29044759534437,0.142491472113182,0.5,0.01,0.12,0.15,M,8,3
0.412514286423982,-0.17660756047314,,,,,,,,,
0.412514286423982,-0.17660756047314,,,,,,,,,
0.484791656769445,0.172536927197629,,,,,,,,,
0.484791656769445,0.172536927197629,,,,,,,,,
0.484791656769445,0.172536927197629,,,,,,,,,
-0.0767925211042976,-0.133516814416712,,,,,,,,,
-0.0767925211042976,-0.133516814416712,,,,,,,,,
