RobotX,RobotY,t_GoalX,t_GoalY,t_Informed,t_Rrep,t_Rori,t_Ratt,Var9,nAg,groups
0.483906833131518,0.00962604282163809,-0.0745773189523327,-0.0361637814676649,0.5,0.01,0.12,0.15,M,8,3
0.483906833131518,0.00962604282163809,,,,,,,,,
0.483906833131518,0.00962604282163809,,,,,,,,,
0.186547162296983,0.154857086728422,,,,,,,,,
0.186547162296983,0.154857086728422,,,,,,,,,
0.186547162296983,0.154857086728422,,,,,,,,,
-0.37436487478234,-0.0807213042856403,,,,,,,,,
-0.37436487478234,-0.0807213042856403,,,,,,,,,
