RobotX,RobotY,t_GoalX,t_GoalY,t_Informed,t_Rrep,t_Rori,t_Ratt,Var9,nAg,groups
-0.409769691067883,-0.174964590114757,0.0523951646796068,0.143854142107663,0.5,0.01,0.12,0.15,M,8,3
-0.409769691067883,-0.174964590114757,,,,,,,,,
-0.409769691067883,-0.174964590114757,,,,,,,,,
0.497040312900112,0.168242536946992,,,,,,,,,
0.497040312900112,0.168242536946992,,,,,,,,,
0.497040312900112,0.168242536946992,,,,,,,,,
0.382011609636154,-0.132739290374467,,,,,,,,,
0.382011609636154,-0.132739290374467,,,,,,,,,
