RobotX,RobotY,t_GoalX,t_GoalY,t_Informed,t_Rrep,t_Rori,t_Ratt,Var9,nAg,groups
0.481222589138081,-0.182719436658738,-0.2913172398673,0.140102616297791,0.5,0.01,0.12,0.15,M,8,3
0.481222589138081,-0.182719436658738,,,,,,,,,
0.481222589138081,-0.182719436658738,,,,,,,,,
0.345474407172512,0.144726459694433,,,,,,,,,
0.345474407172512,0.144726459694433,,,,,,,,,
0.345474407172512,0.144726459694433,,,,,,,,,
0.0960645215105153,-0.0867426638403622,,,,,,,,,
0.0960645215105153,-0.0867426638403622,,,,,,,,,
