RobotX,RobotY,t_GoalX,t_GoalY,t_Informed,t_Rrep,t_Rori,t_Ratt,Var9,nAg,groups
-0.114044314253787,-0.195571566814163,0.241771773006305,-0.111590089803734,0.5,0.01,0.12,0.15,M,8,3
-0.114044314253787,-0.195571566814163,,,,,,,,,
-0.114044314253787,-0.195571566814163,,,,,,,,,
0.307358256546313,0.19418332051381,,,,,,,,,
0.307358256546313,0.19418332051381,,,,,,,,,
0.307358256546313,0.19418332051381,,,,,,,,,
-0.451333482898102,-0.0203978176347963,,,,,,,,,
-0.451333482898102,-0.0203978176347963,,,,,,,,,
