RobotX,RobotY,t_GoalX,t_GoalY,t_Informed,t_Rrep,t_Rori,t_Ratt,Var9,nAg,groups
0.350270357789123,-0.183228255325511,-0.0897721519463113,0.00110566740818599,0.5,0.01,0.12,0.15,M,8,3
0.350270357789123,-0.183228255325511,,,,,,,,,
0.350270357789123,-0.183228255325511,,,,,,,,,
-0.475205221317351,-0.136414971894731,,,,,,,,,
-0.475205221317351,-0.136414971894731,,,,,,,,,
-0.475205221317351,-0.136414971894731,,,,,,,,,
0.326956460898235,0.153127422095194,,,,,,,,,
0.326956460898235,0.153127422095194,,,,,,,,,
