RobotX,RobotY,t_GoalX,t_GoalY,t_Informed,t_Rrep,t_Rori,t_Ratt,Var9,nAg,groups
-0.157248085753259,0.092115010861468,0.0689018079496213,-0.118932940855373,0.5,0.01,0.12,0.15,M,8,3
-0.157248085753259,0.092115010861468,,,,,,,,,
-0.157248085753259,0.092115010861468,,,,,,,,,
-0.487403353130898,-0.195748481088499,,,,,,,,,
-0.487403353130898,-0.195748481088499,,,,,,,,,
-0.487403353130898,-0.195748481088499,,,,,,,,,
0.352698252213304,0.087636526304649,,,,,,,,,
0.352698252213304,0.087636526304649,,,,,,,,,
