RobotX,RobotY,t_GoalX,t_GoalY,t_Informed,t_Rrep,t_Rori,t_Ratt,Var9,nAg,groups
-0.476524673352911,-0.104827125959401,0.0250101590618555,-0.0338257799775829,0.5,0.01,0.12,0.15,M,8,3
-0.476524673352911,-0.104827125959401,,,,,,,,,
-0.476524673352911,-0.104827125959401,,,,,,,,,
0.27761392294662,0.189548509685839,,,,,,,,,
0.27761392294662,0.189548509685839,,,,,,,,,
0.27761392294662,0.189548509685839,,,,,,,,,
-0.420884295754999,0.198789535235061,,,,,,,,,
-0.420884295754999,0.198789535235061,,,,,,,,,
