RobotX,RobotY,t_GoalX,t_GoalY,t_Informed,t_Rrep,t_Rori,t_Ratt,Var9,nAg,groups
0.424409028169607,-0.0354777679801631,0.131662842306165,0.0413356803553339,0.5,0.01,0.12,0.15,M,8,3
0.424409028169607,-0.0354777679801631,,,,,,,,,
0.424409028169607,-0.0354777679801631,,,,,,,,,
-0.155557287318893,-0.1717495793341,,,,,,,,,
-0.155557287318893,-0.1717495793341,,,,,,,,,
-0.155557287318893,-0.1717495793341,,,,,,,,,
-0.235463743115072,0.120630445348211,,,,,,,,,
-0.235463743115072,0.120630445348211,,,,,,,,,
