RobotX,RobotY,t_GoalX,t_GoalY,t_Informed,t_Rrep,t_Rori,t_Ratt,Var9,nAg,groups
0.370145480770493,-0.172612773653865,-0.00744014661319581,0.0270528618043133,0.5,0.01,0.12,0.15,M,8,3
0.370145480770493,-0.172612773653865,,,,,,,,,
0.370145480770493,-0.172612773653865,,,,,,,,,
0.499243913914347,0.0990920542452285,,,,,,,,,
0.499243913914347,0.0990920542452285,,,,,,,,,
0.499243913914347,0.0990920542452285,,,,,,,,,
-0.381615663339387,0.179039993048044,,,,,,,,,
-0.381615663339387,0.179039993048044,,,,,,,,,
