RobotX,RobotY,t_GoalX,t_GoalY,t_Informed,t_Rrep,t_Rori,t_Ratt,Var9,nAg,groups
0.281994458357206,0.090975442493841,-0.00597645120815737,-0.051886325525098,0.5,0.01,0.12,0.15,M,8,3
0.281994458357206,0.090975442493841,,,,,,,,,
0.281994458357206,0.090975442493841,,,,,,,,,
-0.414121556858459,-0.190960874066874,,,,,,,,,
-0.414121556858459,-0.190960874066874,,,,,,,,,
-0.414121556858459,-0.190960874066874,,,,,,,,,
-0.383664799147395,0.179090328926503,,,,,,,,,
-0.383664799147395,0.179090328926503,,,,,,,,,
