RobotX,RobotY,t_GoalX,t_GoalY,t_Informed,t_Rrep,t_Rori,t_Ratt,Var9,nAg,groups
-0.406625797684552,0.14640289919797,0.121566605305548,-0.0979018205725503,0.5,0.01,0.12,0.15,M,8,3
-0.406625797684552,0.14640289919797,,,,,,,,,
-0.406625797684552,0.14640289919797,,,,,,,,,
-0.409782842364644,-0.193448039229391,,,,,,,,,
-0.409782842364644,-0.193448039229391,,,,,,,,,
-0.409782842364644,-0.193448039229391,,,,,,,,,
0.37759552364263,0.141122597080414,,,,,,,,,
0.37759552364263,0.141122597080414,,,,,,,,,
