RobotX,RobotY,t_GoalX,t_GoalY,t_Informed,t_Rrep,t_Rori,t_Ratt,Var9,nAg,groups
0.463902790111189,-0.152366937446295,0.288702776364203,0.135922178070303,0.5,0.01,0.12,0.15,M,8,3
0.463902790111189,-0.152366937446295,,,,,,,,,
0.463902790111189,-0.152366937446295,,,,,,,,,
-0.355517139056823,-0.188812109156855,,,,,,,,,
-0.355517139056823,-0.188812109156855,,,,,,,,,
-0.355517139056823,-0.188812109156855,,,,,,,,,
-0.285638854423973,0.174605848800827,,,,,,,,,
-0.285638854423973,0.174605848800827,,,,,,,,,
