RobotX,RobotY,t_GoalX,t_GoalY,t_Informed,t_Rrep,t_Rori,t_Ratt,Var9,nAg,groups
-0.33039903378019,-0.134458604414188,-0.105308856543106,0.140645127486117,0.5,0.01,0.12,0.15,M,8,3
-0.33039903378019,-0.134458604414188,,,,,,,,,
-0.33039903378019,-0.134458604414188,,,,,,,,,
0.392418859366921,0.191277305880225,,,,,,,,,
0.392418859366921,0.191277305880225,,,,,,,,,
0.392418859366921,0.191277305880225,,,,,,,,,
0.276657452917533,-0.135543903580404,,,,,,,,,
0.276657452917533,-0.135543903580404,,,,,,,,,
