RobotX,RobotY,t_GoalX,t_GoalY,t_Informed,t_Rrep,t_Rori,t_Ratt,Var9,nAg,groups
0.0308223619602501,-0.0625015460874648,0.336991735456426,0.00106712909946061,0.5,0.01,0.12,0.15,M,8,3
0.0308223619602501,-0.0625015460874648,,,,,,,,,
0.0308223619602501,-0.0625015460874648,,,,,,,,,
-0.319614890517722,0.192935591430824,,,,,,,,,
-0.319614890517722,0.192935591430824,,,,,,,,,
-0.319614890517722,0.192935591430824,,,,,,,,,
-0.486025011114991,-0.0720093399182354,,,,,,,,,
-0.486025011114991,-0.0720093399182354,,,,,,,,,
